npm warn EBADENGINE Unsupported engine {
npm warn EBADENGINE   package: 'eslint-visitor-keys@5.0.1',
npm warn EBADENGINE   required: { node: '^20.19.0 || ^22.13.0 || >=24' },
npm warn EBADENGINE   current: { node: 'v20.18.0', npm: '10.8.2' }
npm warn EBADENGINE }
npm warn tar TAR_ENTRY_ERROR ENOENT: no such file or directory, open 'C:\Users\xussn\Desktop\kurs\lms-project\node_modules\next\dist\shared\lib\turbopack\internal-error.js'
npm warn tar TAR_ENTRY_ERROR ENOENT: no such file or directory, open 'C:\Users\xussn\Desktop\kurs\lms-project\node_modules\next\dist\lib\interop-default.js'
npm warn tar TAR_ENTRY_ERROR ENOENT: no such file or directory, open 'C:\Users\xussn\Desktop\kurs\lms-project\node_modules\next\dist\server\app-render\interop-default.js'
npm warn tar TAR_ENTRY_ERROR ENOENT: no such file or directory, open 'C:\Users\xussn\Desktop\kurs\lms-project\node_modules\next\dist\compiled\@babel\runtime\helpers\esm\interopRequireDefault.js'
npm warn tar TAR_ENTRY_ERROR ENOENT: no such file or directory, open 'C:\Users\xussn\Desktop\kurs\lms-project\node_modules\next\dist\compiled\@babel\runtime\helpers\interopRequireDefault.js'
npm warn tar TAR_ENTRY_ERROR ENOENT: no such file or directory, open 'C:\Users\xussn\Desktop\kurs\lms-project\node_modules\next\dist\compiled\@babel\runtime\helpers\esm\interopRequireWildcard.js'
npm warn tar TAR_ENTRY_ERROR ENOENT: no such file or directory, open 'C:\Users\xussn\Desktop\kurs\lms-project\node_modules\next\dist\compiled\@babel\runtime\helpers\interopRequireWildcard.js'
npm warn tar TAR_ENTRY_ERROR ENOENT: no such file or directory, open 'C:\Users\xussn\Desktop\kurs\lms-project\node_modules\next\dist\shared\lib\router\utils\interpolate-as.js'
npm warn tar TAR_ENTRY_ERROR ENOENT: no such file or directory, open 'C:\Users\xussn\Desktop\kurs\lms-project\node_modules\next\dist\shared\lib\invariant-error.js'
npm warn tar TAR_ENTRY_ERROR ENOENT: no such file or directory, open 'C:\Users\xussn\Desktop\kurs\lms-project\node_modules\next\dist\esm\server\node-environment-extensions\io-utils.js'
npm warn tar TAR_ENTRY_ERROR ENOENT: no such file or directory, open 'C:\Users\xussn\Desktop\kurs\lms-project\node_modules\next\dist\server\node-environment-extensions\io-utils.js'
npm warn tar TAR_ENTRY_ERROR ENOENT: no such file or directory, open 'C:\Users\xussn\Desktop\kurs\lms-project\node_modules\next\dist\compiled\ipaddr.js\ipaddr.js'
npm warn tar TAR_ENTRY_ERROR ENOENT: no such file or directory, open 'C:\Users\xussn\Desktop\kurs\lms-project\node_modules\next\dist\lib\is-api-route.js'
npm warn tar TAR_ENTRY_ERROR ENOENT: no such file or directory, open 'C:\Users\xussn\Desktop\kurs\lms-project\node_modules\next\dist\esm\server\lib\is-ipv6.js'
npm warn tar TAR_ENTRY_ERROR ENOENT: no such file or directory, open 'C:\Users\xussn\Desktop\kurs\lms-project\node_modules\next\dist\esm\lib\metadata\is-metadata-route.js'
npm warn tar TAR_ENTRY_ERROR ENOENT: no such file or directory, open 'C:\Users\xussn\Desktop\kurs\lms-project\node_modules\next\dist\esm\server\lib\router-utils\is-postpone.js'
npm warn tar TAR_ENTRY_ERROR ENOENT: no such file or directory, open 'C:\Users\xussn\Desktop\kurs\lms-project\node_modules\next\dist\esm\server\lib\is-rsc-request.js'
npm warn tar TAR_ENTRY_ERROR ENOENT: no such file or directory, open 'C:\Users\xussn\Desktop\kurs\lms-project\node_modules\next\dist\build\segment-config\app\app-segment-config.js.map'
npm warn tar TAR_ENTRY_ERROR ENOENT: no such file or directory, open 'C:\Users\xussn\Desktop\kurs\lms-project\node_modules\next\dist\build\segment-config\app\app-segments.js.map'
npm warn tar TAR_ENTRY_ERROR ENOENT: no such file or directory, open 'C:\Users\xussn\Desktop\kurs\lms-project\node_modules\next\dist\api\app.js.map'
npm warn tar TAR_ENTRY_ERROR ENOENT: no such file or directory, open 'C:\Users\xussn\Desktop\kurs\lms-project\node_modules\next\dist\build\static-paths\app.js.map'
npm warn tar TAR_ENTRY_ERROR ENOENT: no such file or directory, open 'C:\Users\xussn\Desktop\kurs\lms-project\node_modules\next\dist\esm\api\app.js.map'
npm warn tar TAR_ENTRY_ERROR ENOENT: no such file or directory, rename 'C:\Users\xussn\Desktop\kurs\lms-project\node_modules\next\dist\esm\client\assign-location.js.map' -> 'C:\Users\xussn\Desktop\kurs\lms-project\node_modules\next\dist\esm\client\assign-location.js.map.DELETE.f37bfd460e6d4d37bb27f3b7735338f2'
npm warn tar TAR_ENTRY_ERROR ENOENT: no such file or directory, open 'C:\Users\xussn\Desktop\kurs\lms-project\node_modules\next\dist\build\polyfills\object.assign\auto.js.map'
npm warn tar TAR_ENTRY_ERROR ENOENT: no such file or directory, open 'C:\Users\xussn\Desktop\kurs\lms-project\node_modules\next\dist\esm\build\polyfills\object.assign\auto.js.map'
npm warn tar TAR_ENTRY_ERROR ENOENT: no such file or directory, open 'C:\Users\xussn\Desktop\kurs\lms-project\node_modules\next\dist\esm\server\after\awaiter.js.map'
npm warn tar TAR_ENTRY_ERROR ENOENT: no such file or directory, open 'C:\Users\xussn\Desktop\kurs\lms-project\node_modules\next\dist\esm\server\normalizers\request\base-path.js.map'
npm warn tar TAR_ENTRY_ERROR ENOENT: no such file or directory, open 'C:\Users\xussn\Desktop\kurs\lms-project\node_modules\next\dist\build\webpack\config\blocks\base.js.map'
npm warn tar TAR_ENTRY_ERROR ENOENT: no such file or directory, open 'C:\Users\xussn\Desktop\kurs\lms-project\node_modules\next\dist\esm\build\webpack\config\blocks\base.js.map'
npm warn tar TAR_ENTRY_ERROR ENOENT: no such file or directory, open 'C:\Users\xussn\Desktop\kurs\lms-project\node_modules\next\dist\esm\server\route-matcher-providers\dev\helpers\file-reader\batched-file-reader.js.map'
npm warn tar TAR_ENTRY_ERROR ENOENT: no such file or directory, open 'C:\Users\xussn\Desktop\kurs\lms-project\node_modules\next\dist\esm\lib\batcher.js.map'
npm warn tar TAR_ENTRY_ERROR ENOENT: no such file or directory, open 'C:\Users\xussn\Desktop\kurs\lms-project\node_modules\next\dist\esm\client\components\bfcache-state-manager.js.map'
npm warn tar TAR_ENTRY_ERROR ENOENT: no such file or directory, open 'C:\Users\xussn\Desktop\kurs\lms-project\node_modules\next\dist\client\components\segment-cache\bfcache.js.map'
npm warn tar TAR_ENTRY_ERROR ENOENT: no such file or directory, open 'C:\Users\xussn\Desktop\kurs\lms-project\node_modules\next\dist\esm\client\components\segment-cache\bfcache.js.map'
npm warn tar TAR_ENTRY_ERROR ENOENT: no such file or directory, open 'C:\Users\xussn\Desktop\kurs\lms-project\node_modules\next\dist\esm\server\lib\router-utils\block-cross-site-dev.js.map'
npm warn tar TAR_ENTRY_ERROR ENOENT: no such file or directory, open 'C:\Users\xussn\Desktop\kurs\lms-project\node_modules\next\dist\esm\shared\lib\bloom-filter.js.map'
npm warn tar TAR_ENTRY_ERROR ENOENT: no such file or directory, open 'C:\Users\xussn\Desktop\kurs\lms-project\node_modules\next\dist\build\webpack\loaders\next-image-loader\blur.js.map'
npm warn tar TAR_ENTRY_ERROR ENOENT: no such file or directory, open 'C:\Users\xussn\Desktop\kurs\lms-project\node_modules\next\dist\esm\build\webpack\loaders\next-image-loader\blur.js.map'
npm warn tar TAR_ENTRY_ERROR ENOENT: no such file or directory, open 'C:\Users\xussn\Desktop\kurs\lms-project\node_modules\next\dist\esm\lib\framework\boundary-components.js.map'
npm warn tar TAR_ENTRY_ERROR ENOENT: no such file or directory, open 'C:\Users\xussn\Desktop\kurs\lms-project\node_modules\next\dist\lib\framework\boundary-components.js.map'
npm warn tar TAR_ENTRY_ERROR ENOENT: no such file or directory, open 'C:\Users\xussn\Desktop\kurs\lms-project\node_modules\next\dist\esm\lib\framework\boundary-constants.js.map'
npm warn tar TAR_ENTRY_ERROR ENOENT: no such file or directory, open 'C:\Users\xussn\Desktop\kurs\lms-project\node_modules\next\dist\esm\server\app-render\instant-validation\boundary-constants.js.map'
npm warn tar TAR_ENTRY_ERROR ENOENT: no such file or directory, open 'C:\Users\xussn\Desktop\kurs\lms-project\node_modules\next\dist\lib\framework\boundary-constants.js.map'
npm warn tar TAR_ENTRY_ERROR ENOENT: no such file or directory, open 'C:\Users\xussn\Desktop\kurs\lms-project\node_modules\next\dist\server\app-render\instant-validation\boundary-constants.js.map'
npm warn tar TAR_ENTRY_ERROR ENOENT: no such file or directory, open 'C:\Users\xussn\Desktop\kurs\lms-project\node_modules\next\dist\esm\server\app-render\instant-validation\boundary-impl.js.map'
npm warn tar TAR_ENTRY_ERROR ENOENT: no such file or directory, open 'C:\Users\xussn\Desktop\kurs\lms-project\node_modules\next\dist\server\app-render\instant-validation\boundary-impl.js.map'
npm warn tar TAR_ENTRY_ERROR ENOENT: no such file or directory, open 'C:\Users\xussn\Desktop\kurs\lms-project\node_modules\next\dist\esm\server\app-render\instant-validation\boundary-tracking.js.map'
npm warn tar TAR_ENTRY_ERROR ENOENT: no such file or directory, open 'C:\Users\xussn\Desktop\kurs\lms-project\node_modules\next\dist\server\app-render\instant-validation\boundary-tracking.js.map'
npm warn tar TAR_ENTRY_ERROR ENOENT: no such file or directory, open 'C:\Users\xussn\Desktop\kurs\lms-project\node_modules\next\dist\client\components\instant-validation\boundary.js.map'
npm warn tar TAR_ENTRY_ERROR ENOENT: no such file or directory, open 'C:\Users\xussn\Desktop\kurs\lms-project\node_modules\next\dist\esm\client\components\instant-validation\boundary.js.map'
npm warn tar TAR_ENTRY_ERROR ENOENT: no such file or directory, open 'C:\Users\xussn\Desktop\kurs\lms-project\node_modules\next\dist\esm\server\mcp\tools\utils\browser-communication.js.map'
npm warn tar TAR_ENTRY_ERROR ENOENT: no such file or directory, open 'C:\Users\xussn\Desktop\kurs\lms-project\node_modules\next\dist\server\mcp\tools\utils\browser-communication.js.map'
npm warn tar TAR_ENTRY_ERROR ENOENT: no such file or directory, open 'C:\Users\xussn\Desktop\kurs\lms-project\node_modules\next\dist\build\adapter\build-complete.js.map'
npm warn tar TAR_ENTRY_ERROR ENOENT: no such file or directory, open 'C:\Users\xussn\Desktop\kurs\lms-project\node_modules\next\dist\esm\build\adapter\build-complete.js.map'
npm warn tar TAR_ENTRY_ERROR ENOENT: no such file or directory, open 'C:\Users\xussn\Desktop\kurs\lms-project\node_modules\next\dist\build\build-context.js.map'
npm warn tar TAR_ENTRY_ERROR ENOENT: no such file or directory, open 'C:\Users\xussn\Desktop\kurs\lms-project\node_modules\next\dist\esm\lib\build-custom-route.js.map'
npm warn tar TAR_ENTRY_ERROR ENOENT: no such file or directory, open 'C:\Users\xussn\Desktop\kurs\lms-project\node_modules\next\dist\esm\server\lib\router-utils\build-data-route.js.map'
npm warn tar TAR_ENTRY_ERROR ENOENT: no such file or directory, open 'C:\Users\xussn\Desktop\kurs\lms-project\node_modules\next\dist\server\lib\router-utils\build-data-route.js.map'
npm warn tar TAR_ENTRY_ERROR ENOENT: no such file or directory, open 'C:\Users\xussn\Desktop\kurs\lms-project\node_modules\next\dist\diagnostics\build-diagnostics.js.map'
npm warn tar TAR_ENTRY_ERROR ENOENT: no such file or directory, open 'C:\Users\xussn\Desktop\kurs\lms-project\node_modules\next\dist\diagnostics\build-diagnostics.test.js.map'
npm warn tar TAR_ENTRY_ERROR ENOENT: no such file or directory, open 'C:\Users\xussn\Desktop\kurs\lms-project\node_modules\next\dist\build\webpack\plugins\build-manifest-plugin-utils.js.map'
npm warn tar TAR_ENTRY_ERROR ENOENT: no such file or directory, open 'C:\Users\xussn\Desktop\kurs\lms-project\node_modules\next\dist\esm\build\webpack\plugins\build-manifest-plugin-utils.js.map'
npm warn tar TAR_ENTRY_ERROR ENOENT: no such file or directory, open 'C:\Users\xussn\Desktop\kurs\lms-project\node_modules\next\dist\build\webpack\plugins\build-manifest-plugin.js.map'
npm warn tar TAR_ENTRY_ERROR ENOENT: no such file or directory, open 'C:\Users\xussn\Desktop\kurs\lms-project\node_modules\next\dist\esm\build\webpack\plugins\build-manifest-plugin.js.map'
npm warn tar TAR_ENTRY_ERROR ENOENT: no such file or directory, open 'C:\Users\xussn\Desktop\kurs\lms-project\node_modules\next\dist\esm\server\lib\router-utils\build-prefetch-segment-data-route.js.map'
npm warn tar TAR_ENTRY_ERROR ENOENT: no such file or directory, open 'C:\Users\xussn\Desktop\kurs\lms-project\node_modules\next\dist\server\lib\router-utils\build-prefetch-segment-data-route.js.map'
npm warn tar TAR_ENTRY_ERROR ENOENT: no such file or directory, open 'C:\Users\xussn\Desktop\kurs\lms-project\node_modules\next\dist\esm\server\after\builtin-request-context.js.map'
npm warn tar TAR_ENTRY_ERROR ENOENT: no such file or directory, open 'C:\Users\xussn\Desktop\kurs\lms-project\node_modules\next\dist\server\after\builtin-request-context.js.map'
npm warn tar TAR_ENTRY_ERROR ENOENT: no such file or directory, open 'C:\Users\xussn\Desktop\kurs\lms-project\node_modules\next\dist\esm\lib\bundler.js.map'
npm warn tar TAR_ENTRY_ERROR ENOENT: no such file or directory, open 'C:\Users\xussn\Desktop\kurs\lms-project\node_modules\next\dist\esm\shared\lib\router\utils\cache-busting-search-param.js.map'
npm warn tar TAR_ENTRY_ERROR ENOENT: no such file or directory, open 'C:\Users\xussn\Desktop\kurs\lms-project\node_modules\next\dist\shared\lib\router\utils\cache-busting-search-param.js.map'
npm warn tar TAR_ENTRY_ERROR ENOENT: no such file or directory, open 'C:\Users\xussn\Desktop\kurs\lms-project\node_modules\next\dist\esm\server\lib\cache-control.js.map'
npm warn tar TAR_ENTRY_ERROR ENOENT: no such file or directory, open 'C:\Users\xussn\Desktop\kurs\lms-project\node_modules\next\dist\server\lib\cache-control.js.map'
npm warn tar TAR_ENTRY_ERROR ENOENT: no such file or directory, open 'C:\Users\xussn\Desktop\kurs\lms-project\node_modules\next\dist\build\webpack\cache-invalidation.js.map'
npm warn tar TAR_ENTRY_ERROR ENOENT: no such file or directory, open 'C:\Users\xussn\Desktop\kurs\lms-project\node_modules\next\dist\esm\build\webpack\cache-invalidation.js.map'
npm warn tar TAR_ENTRY_ERROR ENOENT: no such file or directory, open 'C:\Users\xussn\Desktop\kurs\lms-project\node_modules\next\dist\client\components\segment-cache\cache-key.js.map'
npm warn tar TAR_ENTRY_ERROR ENOENT: no such file or directory, open 'C:\Users\xussn\Desktop\kurs\lms-project\node_modules\next\dist\esm\client\components\segment-cache\cache-key.js.map'
npm warn tar TAR_ENTRY_ERROR ENOENT: no such file or directory, open 'C:\Users\xussn\Desktop\kurs\lms-project\node_modules\next\dist\esm\server\lib\router-utils\cache-life-type-utils.js.map'
npm warn tar TAR_ENTRY_ERROR ENOENT: no such file or directory, open 'C:\Users\xussn\Desktop\kurs\lms-project\node_modules\next\dist\server\lib\router-utils\cache-life-type-utils.js.map'
npm warn tar TAR_ENTRY_ERROR ENOENT: no such file or directory, open 'C:\Users\xussn\Desktop\kurs\lms-project\node_modules\next\dist\esm\server\use-cache\cache-life.js.map'
npm warn tar TAR_ENTRY_ERROR ENOENT: no such file or directory, open 'C:\Users\xussn\Desktop\kurs\lms-project\node_modules\next\dist\server\use-cache\cache-life.js.map'
npm warn tar TAR_ENTRY_ERROR ENOENT: no such file or directory, open 'C:\Users\xussn\Desktop\kurs\lms-project\node_modules\next\dist\client\components\segment-cache\cache-map.js.map'
npm warn tar TAR_ENTRY_ERROR ENOENT: no such file or directory, open 'C:\Users\xussn\Desktop\kurs\lms-project\node_modules\next\dist\esm\client\components\segment-cache\cache-map.js.map'
npm warn tar TAR_ENTRY_ERROR ENOENT: no such file or directory, open 'C:\Users\xussn\Desktop\kurs\lms-project\node_modules\next\dist\esm\server\app-render\cache-signal.js.map'
npm warn tar TAR_ENTRY_ERROR ENOENT: no such file or directory, open 'C:\Users\xussn\Desktop\kurs\lms-project\node_modules\next\dist\server\app-render\cache-signal.js.map'
npm warn tar TAR_ENTRY_ERROR ENOENT: no such file or directory, open 'C:\Users\xussn\Desktop\kurs\lms-project\node_modules\next\dist\esm\server\resume-data-cache\cache-store.js.map'
npm warn tar TAR_ENTRY_ERROR ENOENT: no such file or directory, open 'C:\Users\xussn\Desktop\kurs\lms-project\node_modules\next\dist\server\resume-data-cache\cache-store.js.map'
npm warn tar TAR_ENTRY_ERROR ENOENT: no such file or directory, open 'C:\Users\xussn\Desktop\kurs\lms-project\node_modules\next\dist\esm\server\use-cache\cache-tag.js.map'
npm warn tar TAR_ENTRY_ERROR ENOENT: no such file or directory, open 'C:\Users\xussn\Desktop\kurs\lms-project\node_modules\next\dist\server\use-cache\cache-tag.js.map'
npm warn tar TAR_ENTRY_ERROR ENOENT: no such file or directory, open 'C:\Users\xussn\Desktop\kurs\lms-project\node_modules\next\dist\build\webpack\loaders\next-flight-loader\cache-wrapper.js.map'
npm warn tar TAR_ENTRY_ERROR ENOENT: no such file or directory, open 'C:\Users\xussn\Desktop\kurs\lms-project\node_modules\next\dist\esm\build\webpack\loaders\next-flight-loader\cache-wrapper.js.map'
npm warn tar TAR_ENTRY_ERROR ENOENT: no such file or directory, open 'C:\Users\xussn\Desktop\kurs\lms-project\node_modules\next\dist\client\components\segment-cache\cache.js.map'
npm warn tar TAR_ENTRY_ERROR ENOENT: no such file or directory, open 'C:\Users\xussn\Desktop\kurs\lms-project\node_modules\next\dist\esm\client\components\segment-cache\cache.js.map'
npm warn tar TAR_ENTRY_ERROR ENOENT: no such file or directory, open 'C:\Users\xussn\Desktop\kurs\lms-project\node_modules\next\dist\esm\server\route-matcher-providers\helpers\cached-route-matcher-provider.js.map'
npm warn tar TAR_ENTRY_ERROR ENOENT: no such file or directory, open 'C:\Users\xussn\Desktop\kurs\lms-project\node_modules\next\dist\server\route-matcher-providers\helpers\cached-route-matcher-provider.js.map'
npm warn tar TAR_ENTRY_ERROR ENOENT: no such file or directory, open 'C:\Users\xussn\Desktop\kurs\lms-project\node_modules\next\dist\build\webpack\loaders\css-loader\src\camelcase.js.map'
npm warn tar TAR_ENTRY_ERROR ENOENT: no such file or directory, open 'C:\Users\xussn\Desktop\kurs\lms-project\node_modules\next\dist\esm\build\webpack\loaders\css-loader\src\camelcase.js.map'
npm warn tar TAR_ENTRY_ERROR ENOENT: no such file or directory, open 'C:\Users\xussn\Desktop\kurs\lms-project\node_modules\next\dist\esm\shared\lib\errors\canary-only-config-error.js.map'
npm warn tar TAR_ENTRY_ERROR ENOENT: no such file or directory, open 'C:\Users\xussn\Desktop\kurs\lms-project\node_modules\next\dist\shared\lib\errors\canary-only-config-error.js.map'
npm warn tar TAR_ENTRY_ERROR ENOENT: no such file or directory, open 'C:\Users\xussn\Desktop\kurs\lms-project\node_modules\next\dist\esm\client\components\catch-error.js.map'
npm warn tar TAR_ENTRY_ERROR ENOENT: no such file or directory, open 'C:\Users\xussn\Desktop\kurs\lms-project\node_modules\next\dist\esm\server\route-modules\checks.js.map'
npm warn tar TAR_ENTRY_ERROR ENOENT: no such file or directory, open 'C:\Users\xussn\Desktop\kurs\lms-project\node_modules\next\dist\server\route-modules\checks.js.map'
npm warn tar TAR_ENTRY_ERROR ENOENT: no such file or directory, open 'C:\Users\xussn\Desktop\kurs\lms-project\node_modules\next\dist\esm\server\lib\chrome-devtools-workspace.js.map'
npm warn tar TAR_ENTRY_ERROR ENOENT: no such file or directory, open 'C:\Users\xussn\Desktop\kurs\lms-project\node_modules\next\dist\server\lib\chrome-devtools-workspace.js.map'
npm warn tar TAR_ENTRY_ERROR ENOENT: no such file or directory, open 'C:\Users\xussn\Desktop\kurs\lms-project\node_modules\next\dist\esm\server\route-modules\app-route\helpers\clean-url.js.map'
npm warn tar TAR_ENTRY_ERROR ENOENT: no such file or directory, open 'C:\Users\xussn\Desktop\kurs\lms-project\node_modules\next\dist\server\route-modules\app-route\helpers\clean-url.js.map'
npm warn tar TAR_ENTRY_ERROR ENOENT: no such file or directory, open 'C:\Users\xussn\Desktop\kurs\lms-project\node_modules\next\dist\esm\lib\client-and-server-references.js.map'
npm warn tar TAR_ENTRY_ERROR ENOENT: no such file or directory, open 'C:\Users\xussn\Desktop\kurs\lms-project\node_modules\next\dist\esm\server\typescript\rules\client-boundary.js.map'
npm warn tar TAR_ENTRY_ERROR ENOENT: no such file or directory, open 'C:\Users\xussn\Desktop\kurs\lms-project\node_modules\next\dist\server\typescript\rules\client-boundary.js.map'
npm warn tar TAR_ENTRY_ERROR ENOENT: no such file or directory, open 'C:\Users\xussn\Desktop\kurs\lms-project\node_modules\next\dist\esm\next-devtools\userspace\app\client-entry.js.map'
npm warn tar TAR_ENTRY_ERROR ENOENT: no such file or directory, open 'C:\Users\xussn\Desktop\kurs\lms-project\node_modules\next\dist\next-devtools\userspace\app\client-entry.js.map'
npm warn tar TAR_ENTRY_ERROR ENOENT: no such file or directory, open 'C:\Users\xussn\Desktop\kurs\lms-project\node_modules\next\dist\esm\client\components\client-page.js.map'
npm warn tar TAR_ENTRY_ERROR ENOENT: no such file or directory, open 'C:\Users\xussn\Desktop\kurs\lms-project\node_modules\next\dist\esm\client\components\client-segment.js.map'
npm warn tar TAR_ENTRY_ERROR ENOENT: no such file or directory, open 'C:\Users\xussn\Desktop\kurs\lms-project\node_modules\next\dist\build\webpack\config\blocks\css\loaders\client.js.map'
npm warn tar TAR_ENTRY_ERROR ENOENT: no such file or directory, open 'C:\Users\xussn\Desktop\kurs\lms-project\node_modules\next\dist\esm\build\webpack\config\blocks\css\loaders\client.js.map'
npm warn tar TAR_ENTRY_ERROR ENOENT: no such file or directory, open 'C:\Users\xussn\Desktop\kurs\lms-project\node_modules\next\dist\esm\server\lib\clone-response.js.map'
npm warn tar TAR_ENTRY_ERROR ENOENT: no such file or directory, open 'C:\Users\xussn\Desktop\kurs\lms-project\node_modules\next\dist\server\lib\clone-response.js.map'
npm warn tar TAR_ENTRY_ERROR ENOENT: no such file or directory, open 'C:\Users\xussn\Desktop\kurs\lms-project\node_modules\next\dist\esm\lib\coalesced-function.js.map'
npm warn tar TAR_ENTRY_ERROR ENOENT: no such file or directory, open 'C:\Users\xussn\Desktop\kurs\lms-project\node_modules\next\dist\esm\shared\lib\errors\code-frame.js.map'
npm warn tar TAR_ENTRY_ERROR ENOENT: no such file or directory, open 'C:\Users\xussn\Desktop\kurs\lms-project\node_modules\next\dist\shared\lib\errors\code-frame.js.map'
npm warn tar TAR_ENTRY_ERROR ENOENT: no such file or directory, open 'C:\Users\xussn\Desktop\kurs\lms-project\node_modules\next\dist\build\webpack\loaders\lightningcss-loader\src\codegen.js.map'
npm warn tar TAR_ENTRY_ERROR ENOENT: no such file or directory, open 'C:\Users\xussn\Desktop\kurs\lms-project\node_modules\next\dist\esm\build\webpack\loaders\lightningcss-loader\src\codegen.js.map'
npm warn tar TAR_ENTRY_ERROR ENOENT: no such file or directory, open 'C:\Users\xussn\Desktop\kurs\lms-project\node_modules\next\dist\build\collect-build-traces.js.map'
npm warn tar TAR_ENTRY_ERROR ENOENT: no such file or directory, open 'C:\Users\xussn\Desktop\kurs\lms-project\node_modules\next\dist\build\segment-config\app\collect-root-param-keys.js.map'
npm warn tar TAR_ENTRY_ERROR ENOENT: no such file or directory, open 'C:\Users\xussn\Desktop\kurs\lms-project\node_modules\next\dist\esm\build\segment-config\app\collect-root-param-keys.js.map'
npm warn tar TAR_ENTRY_ERROR ENOENT: no such file or directory, open 'C:\Users\xussn\Desktop\kurs\lms-project\node_modules\next\dist\esm\server\app-render\collect-segment-data.js.map'
npm warn tar TAR_ENTRY_ERROR ENOENT: no such file or directory, open 'C:\Users\xussn\Desktop\kurs\lms-project\node_modules\next\dist\server\app-render\collect-segment-data.js.map'
npm warn tar TAR_ENTRY_ERROR ENOENT: no such file or directory, open 'C:\Users\xussn\Desktop\kurs\lms-project\node_modules\next\dist\client\components\router-reducer\reducers\committed-state.js.map'
npm warn tar TAR_ENTRY_ERROR ENOENT: no such file or directory, open 'C:\Users\xussn\Desktop\kurs\lms-project\node_modules\next\dist\esm\client\components\router-reducer\reducers\committed-state.js.map'
npm warn tar TAR_ENTRY_ERROR ENOENT: no such file or directory, open 'C:\Users\xussn\Desktop\kurs\lms-project\node_modules\next\dist\build\babel\plugins\commonjs.js.map'
npm warn tar TAR_ENTRY_ERROR ENOENT: no such file or directory, open 'C:\Users\xussn\Desktop\kurs\lms-project\node_modules\next\dist\esm\build\babel\plugins\commonjs.js.map'
npm warn tar TAR_ENTRY_ERROR ENOENT: no such file or directory, open 'C:\Users\xussn\Desktop\kurs\lms-project\node_modules\next\dist\esm\shared\lib\router\utils\compare-states.js.map'
npm warn tar TAR_ENTRY_ERROR ENOENT: no such file or directory, open 'C:\Users\xussn\Desktop\kurs\lms-project\node_modules\next\dist\shared\lib\router\utils\compare-states.js.map'
npm warn tar TAR_ENTRY_ERROR ENOENT: no such file or directory, open 'C:\Users\xussn\Desktop\kurs\lms-project\node_modules\next\dist\esm\shared\lib\turbopack\compilation-events.js.map'
npm warn tar TAR_ENTRY_ERROR ENOENT: no such file or directory, open 'C:\Users\xussn\Desktop\kurs\lms-project\node_modules\next\dist\shared\lib\turbopack\compilation-events.js.map'
npm warn tar TAR_ENTRY_ERROR ENOENT: no such file or directory, open 'C:\Users\xussn\Desktop\kurs\lms-project\node_modules\next\dist\esm\lib\compile-error.js.map'
npm warn tar TAR_ENTRY_ERROR ENOENT: no such file or directory, open 'C:\Users\xussn\Desktop\kurs\lms-project\node_modules\next\dist\build\compiler.js.map'
npm warn tar TAR_ENTRY_ERROR ENOENT: no such file or directory, open 'C:\Users\xussn\Desktop\kurs\lms-project\node_modules\next\dist\client\components\router-reducer\compute-changed-path.js.map'
npm warn tar TAR_ENTRY_ERROR ENOENT: no such file or directory, open 'C:\Users\xussn\Desktop\kurs\lms-project\node_modules\next\dist\esm\client\components\router-reducer\compute-changed-path.js.map'
npm warn tar TAR_ENTRY_ERROR ENOENT: no such file or directory, open 'C:\Users\xussn\Desktop\kurs\lms-project\node_modules\next\dist\experimental\testing\server\config-testing-utils.js.map'
npm warn tar TAR_ENTRY_ERROR ENOENT: no such file or directory, open 'C:\Users\xussn\Desktop\kurs\lms-project\node_modules\next\dist\esm\server\typescript\rules\config.js.map'
npm warn tar TAR_ENTRY_ERROR ENOENT: no such file or directory, open 'C:\Users\xussn\Desktop\kurs\lms-project\node_modules\next\dist\server\typescript\rules\config.js.map'
npm warn tar TAR_ENTRY_ERROR ENOENT: no such file or directory, open 'C:\Users\xussn\Desktop\kurs\lms-project\node_modules\next\dist\esm\server\request\connection.js.map'
npm warn tar TAR_ENTRY_ERROR ENOENT: no such file or directory, open 'C:\Users\xussn\Desktop\kurs\lms-project\node_modules\next\dist\server\request\connection.js.map'
npm warn tar TAR_ENTRY_ERROR ENOENT: no such file or directory, open 'C:\Users\xussn\Desktop\kurs\lms-project\node_modules\next\dist\esm\server\app-render\console-async-storage-instance.js.map'
npm warn tar TAR_ENTRY_ERROR ENOENT: no such file or directory, open 'C:\Users\xussn\Desktop\kurs\lms-project\node_modules\next\dist\server\app-render\console-async-storage-instance.js.map'
npm warn tar TAR_ENTRY_ERROR ENOENT: no such file or directory, open 'C:\Users\xussn\Desktop\kurs\lms-project\node_modules\next\dist\esm\server\app-render\console-async-storage.external.js.map'
npm warn tar TAR_ENTRY_ERROR ENOENT: no such file or directory, open 'C:\Users\xussn\Desktop\kurs\lms-project\node_modules\next\dist\server\app-render\console-async-storage.external.js.map'
npm warn tar TAR_ENTRY_ERROR ENOENT: no such file or directory, open 'C:\Users\xussn\Desktop\kurs\lms-project\node_modules\next\dist\esm\server\node-environment-extensions\console-dim.external.js.map'
npm warn tar TAR_ENTRY_ERROR ENOENT: no such file or directory, open 'C:\Users\xussn\Desktop\kurs\lms-project\node_modules\next\dist\server\node-environment-extensions\console-dim.external.js.map'
npm warn tar TAR_ENTRY_ERROR ENOENT: no such file or directory, open 'C:\Users\xussn\Desktop\kurs\lms-project\node_modules\next\dist\esm\next-devtools\shared\console-error.js.map'
npm warn tar TAR_ENTRY_ERROR ENOENT: no such file or directory, open 'C:\Users\xussn\Desktop\kurs\lms-project\node_modules\next\dist\next-devtools\shared\console-error.js.map'
npm warn tar TAR_ENTRY_ERROR ENOENT: no such file or directory, open 'C:\Users\xussn\Desktop\kurs\lms-project\node_modules\next\dist\esm\server\node-environment-extensions\console-exit.js.map'
npm warn tar TAR_ENTRY_ERROR ENOENT: no such file or directory, open 'C:\Users\xussn\Desktop\kurs\lms-project\node_modules\next\dist\server\node-environment-extensions\console-exit.js.map'
npm warn tar TAR_ENTRY_ERROR ENOENT: no such file or directory, open 'C:\Users\xussn\Desktop\kurs\lms-project\node_modules\next\dist\esm\server\node-environment-extensions\console-file.js.map'
npm warn tar TAR_ENTRY_ERROR ENOENT: no such file or directory, open 'C:\Users\xussn\Desktop\kurs\lms-project\node_modules\next\dist\server\node-environment-extensions\console-file.js.map'
npm warn tar TAR_ENTRY_ERROR ENOENT: no such file or directory, open 'C:\Users\xussn\Desktop\kurs\lms-project\node_modules\next\dist\client\lib\console.js.map'
npm warn tar TAR_ENTRY_ERROR ENOENT: no such file or directory, open 'C:\Users\xussn\Desktop\kurs\lms-project\node_modules\next\dist\esm\client\lib\console.js.map'
npm warn tar TAR_ENTRY_ERROR ENOENT: no such file or directory, open 'C:\Users\xussn\Desktop\kurs\lms-project\node_modules\next\dist\esm\server\typescript\constant.js.map'
npm warn tar TAR_ENTRY_ERROR ENOENT: no such file or directory, open 'C:\Users\xussn\Desktop\kurs\lms-project\node_modules\next\dist\server\typescript\constant.js.map'
npm warn tar TAR_ENTRY_ERROR ENOENT: no such file or directory, open 'C:\Users\xussn\Desktop\kurs\lms-project\node_modules\next\dist\api\constants.js.map'
npm warn tar TAR_ENTRY_ERROR ENOENT: no such file or directory, open 'C:\Users\xussn\Desktop\kurs\lms-project\node_modules\next\dist\esm\api\constants.js.map'
npm warn tar TAR_ENTRY_ERROR ENOENT: no such file or directory, open 'C:\Users\xussn\Desktop\kurs\lms-project\node_modules\next\dist\esm\lib\constants.js.map'
npm warn tar TAR_ENTRY_ERROR ENOENT: no such file or directory, open 'C:\Users\xussn\Desktop\kurs\lms-project\node_modules\next\dist\esm\lib\metadata\constants.js.map'
npm warn tar TAR_ENTRY_ERROR ENOENT: no such file or directory, open 'C:\Users\xussn\Desktop\kurs\lms-project\node_modules\next\dist\esm\server\lib\trace\constants.js.map'
npm warn tar TAR_ENTRY_ERROR ENOENT: no such file or directory, open 'C:\Users\xussn\Desktop\kurs\lms-project\node_modules\next\dist\esm\server\use-cache\constants.js.map'
npm warn tar TAR_ENTRY_ERROR ENOENT: no such file or directory, open 'C:\Users\xussn\Desktop\kurs\lms-project\node_modules\next\dist\esm\shared\lib\constants.js.map'
npm warn tar TAR_ENTRY_ERROR ENOENT: no such file or directory, open 'C:\Users\xussn\Desktop\kurs\lms-project\node_modules\next\dist\esm\shared\lib\errors\constants.js.map'
npm warn tar TAR_ENTRY_ERROR ENOENT: no such file or directory, open 'C:\Users\xussn\Desktop\kurs\lms-project\node_modules\next\dist\lib\metadata\constants.js.map'
npm warn tar TAR_ENTRY_ERROR ENOENT: no such file or directory, open 'C:\Users\xussn\Desktop\kurs\lms-project\node_modules\next\dist\server\lib\trace\constants.js.map'
npm warn tar TAR_ENTRY_ERROR ENOENT: no such file or directory, open 'C:\Users\xussn\Desktop\kurs\lms-project\node_modules\next\dist\server\use-cache\constants.js.map'
npm warn tar TAR_ENTRY_ERROR ENOENT: no such file or directory, open 'C:\Users\xussn\Desktop\kurs\lms-project\node_modules\next\dist\shared\lib\constants.js.map'
npm warn tar TAR_ENTRY_ERROR ENOENT: no such file or directory, open 'C:\Users\xussn\Desktop\kurs\lms-project\node_modules\next\dist\shared\lib\errors\constants.js.map'
npm warn tar TAR_ENTRY_ERROR ENOENT: no such file or directory, open 'C:\Users\xussn\Desktop\kurs\lms-project\node_modules\next\dist\esm\server\web\sandbox\context.js.map'
npm warn tar TAR_ENTRY_ERROR ENOENT: no such file or directory, open 'C:\Users\xussn\Desktop\kurs\lms-project\node_modules\next\dist\experimental\testmode\context.js.map'
npm warn tar TAR_ENTRY_ERROR ENOENT: no such file or directory, open 'C:\Users\xussn\Desktop\kurs\lms-project\node_modules\next\dist\server\web\sandbox\context.js.map'
npm warn tar TAR_ENTRY_ERROR ENOENT: no such file or directory, open 'C:\Users\xussn\Desktop\kurs\lms-project\node_modules\next\dist\esm\server\request\cookies.js.map'
npm warn tar TAR_ENTRY_ERROR ENOENT: no such file or directory, open 'C:\Users\xussn\Desktop\kurs\lms-project\node_modules\next\dist\esm\server\web\spec-extension\cookies.js.map'
npm warn tar TAR_ENTRY_ERROR ENOENT: no such file or directory, open 'C:\Users\xussn\Desktop\kurs\lms-project\node_modules\next\dist\server\request\cookies.js.map'
npm warn tar TAR_ENTRY_ERROR ENOENT: no such file or directory, open 'C:\Users\xussn\Desktop\kurs\lms-project\node_modules\next\dist\server\web\spec-extension\cookies.js.map'
npm warn tar TAR_ENTRY_ERROR ENOENT: no such file or directory, open 'C:\Users\xussn\Desktop\kurs\lms-project\node_modules\next\dist\build\webpack\plugins\copy-file-plugin.js.map'
npm warn tar TAR_ENTRY_ERROR ENOENT: no such file or directory, open 'C:\Users\xussn\Desktop\kurs\lms-project\node_modules\next\dist\esm\build\webpack\plugins\copy-file-plugin.js.map'
npm warn tar TAR_ENTRY_ERROR ENOENT: no such file or directory, open 'C:\Users\xussn\Desktop\kurs\lms-project\node_modules\next\dist\esm\server\lib\cpu-profile.js.map'
npm warn tar TAR_ENTRY_ERROR ENOENT: no such file or directory, open 'C:\Users\xussn\Desktop\kurs\lms-project\node_modules\next\dist\server\lib\cpu-profile.js.map'
npm warn tar TAR_ENTRY_ERROR ENOENT: no such file or directory, open 'C:\Users\xussn\Desktop\kurs\lms-project\node_modules\next\dist\build\webpack\loaders\next-app-loader\create-app-route-code.js.map'
npm warn tar TAR_ENTRY_ERROR ENOENT: no such file or directory, open 'C:\Users\xussn\Desktop\kurs\lms-project\node_modules\next\dist\esm\build\webpack\loaders\next-app-loader\create-app-route-code.js.map'
npm warn tar TAR_ENTRY_ERROR ENOENT: no such file or directory, open 'C:\Users\xussn\Desktop\kurs\lms-project\node_modules\next\dist\esm\lib\create-client-router-filter.js.map'
npm warn tar TAR_ENTRY_ERROR ENOENT: no such file or directory, open 'C:\Users\xussn\Desktop\kurs\lms-project\node_modules\next\dist\build\create-compiler-aliases.js.map'
npm warn tar TAR_ENTRY_ERROR ENOENT: no such file or directory, open 'C:\Users\xussn\Desktop\kurs\lms-project\node_modules\next\dist\esm\server\app-render\create-component-styles-and-scripts.js.map'
npm warn tar TAR_ENTRY_ERROR ENOENT: no such file or directory, open 'C:\Users\xussn\Desktop\kurs\lms-project\node_modules\next\dist\server\app-render\create-component-styles-and-scripts.js.map'
npm warn tar TAR_ENTRY_ERROR ENOENT: no such file or directory, open 'C:\Users\xussn\Desktop\kurs\lms-project\node_modules\next\dist\esm\server\app-render\create-component-tree.js.map'
npm warn tar TAR_ENTRY_ERROR ENOENT: no such file or directory, open 'C:\Users\xussn\Desktop\kurs\lms-project\node_modules\next\dist\server\app-render\create-component-tree.js.map'
npm warn tar TAR_ENTRY_ERROR ENOENT: no such file or directory, open 'C:\Users\xussn\Desktop\kurs\lms-project\node_modules\next\dist\esm\server\lib\experimental\create-env-definitions.js.map'
npm warn tar TAR_ENTRY_ERROR ENOENT: no such file or directory, open 'C:\Users\xussn\Desktop\kurs\lms-project\node_modules\next\dist\server\lib\experimental\create-env-definitions.js.map'
npm warn tar TAR_ENTRY_ERROR ENOENT: no such file or directory, open 'C:\Users\xussn\Desktop\kurs\lms-project\node_modules\next\dist\esm\server\app-render\create-error-handler.js.map'
npm warn tar TAR_ENTRY_ERROR ENOENT: no such file or directory, open 'C:\Users\xussn\Desktop\kurs\lms-project\node_modules\next\dist\server\app-render\create-error-handler.js.map'
npm warn tar TAR_ENTRY_ERROR ENOENT: no such file or directory, open 'C:\Users\xussn\Desktop\kurs\lms-project\node_modules\next\dist\esm\server\app-render\create-flight-router-state-from-loader-tree.js.map'
npm warn tar TAR_ENTRY_ERROR ENOENT: no such file or directory, open 'C:\Users\xussn\Desktop\kurs\lms-project\node_modules\next\dist\server\app-render\create-flight-router-state-from-loader-tree.js.map'
npm warn tar TAR_ENTRY_ERROR ENOENT: no such file or directory, open 'C:\Users\xussn\Desktop\kurs\lms-project\node_modules\next\dist\client\components\router-reducer\create-href-from-url.js.map'
npm warn tar TAR_ENTRY_ERROR ENOENT: no such file or directory, open 'C:\Users\xussn\Desktop\kurs\lms-project\node_modules\next\dist\esm\client\components\router-reducer\create-href-from-url.js.map'
npm warn tar TAR_ENTRY_ERROR ENOENT: no such file or directory, open 'C:\Users\xussn\Desktop\kurs\lms-project\node_modules\next\dist\esm\export\helpers\create-incremental-cache.js.map'
npm warn tar TAR_ENTRY_ERROR ENOENT: no such file or directory, open 'C:\Users\xussn\Desktop\kurs\lms-project\node_modules\next\dist\export\helpers\create-incremental-cache.js.map'
npm warn tar TAR_ENTRY_ERROR ENOENT: no such file or directory, open 'C:\Users\xussn\Desktop\kurs\lms-project\node_modules\next\dist\client\components\router-reducer\create-initial-router-state.js.map'
npm warn tar TAR_ENTRY_ERROR ENOENT: no such file or directory, open 'C:\Users\xussn\Desktop\kurs\lms-project\node_modules\next\dist\esm\client\components\router-reducer\create-initial-router-state.js.map'
npm warn tar TAR_ENTRY_ERROR ENOENT: no such file or directory, open 'C:\Users\xussn\Desktop\kurs\lms-project\node_modules\next\dist\client\components\router-reducer\create-router-cache-key.js.map'
npm warn tar TAR_ENTRY_ERROR ENOENT: no such file or directory, open 'C:\Users\xussn\Desktop\kurs\lms-project\node_modules\next\dist\esm\client\components\router-reducer\create-router-cache-key.js.map'
npm warn tar TAR_ENTRY_ERROR ENOENT: no such file or directory, open 'C:\Users\xussn\Desktop\kurs\lms-project\node_modules\next\dist\esm\server\app-render\metadata-insertion\create-server-inserted-metadata.js.map'
npm warn tar TAR_ENTRY_ERROR ENOENT: no such file or directory, open 'C:\Users\xussn\Desktop\kurs\lms-project\node_modules\next\dist\server\app-render\metadata-insertion\create-server-inserted-metadata.js.map'
npm warn tar TAR_ENTRY_ERROR ENOENT: no such file or directory, open 'C:\Users\xussn\Desktop\kurs\lms-project\node_modules\next\dist\esm\server\app-render\csrf-protection.js.map'
npm warn tar TAR_ENTRY_ERROR ENOENT: no such file or directory, open 'C:\Users\xussn\Desktop\kurs\lms-project\node_modules\next\dist\server\app-render\csrf-protection.js.map'
npm warn tar TAR_ENTRY_ERROR ENOENT: no such file or directory, open 'C:\Users\xussn\Desktop\kurs\lms-project\node_modules\next\dist\build\webpack\plugins\css-chunking-plugin.js.map'
npm warn tar TAR_ENTRY_ERROR ENOENT: no such file or directory, open 'C:\Users\xussn\Desktop\kurs\lms-project\node_modules\next\dist\esm\build\webpack\plugins\css-chunking-plugin.js.map'
npm warn tar TAR_ENTRY_ERROR ENOENT: no such file or directory, open 'C:\Users\xussn\Desktop\kurs\lms-project\node_modules\next\dist\build\webpack\plugins\css-minimizer-plugin.js.map'
npm warn tar TAR_ENTRY_ERROR ENOENT: no such file or directory, open 'C:\Users\xussn\Desktop\kurs\lms-project\node_modules\next\dist\esm\build\webpack\plugins\css-minimizer-plugin.js.map'
npm warn tar TAR_ENTRY_ERROR ENOENT: no such file or directory, open 'C:\Users\xussn\Desktop\kurs\lms-project\node_modules\next\dist\build\webpack\loaders\css-loader\src\CssSyntaxError.js.map'
npm warn tar TAR_ENTRY_ERROR ENOENT: no such file or directory, open 'C:\Users\xussn\Desktop\kurs\lms-project\node_modules\next\dist\esm\build\webpack\loaders\css-loader\src\CssSyntaxError.js.map'
npm warn tar TAR_ENTRY_ERROR ENOENT: no such file or directory, open 'C:\Users\xussn\Desktop\kurs\lms-project\node_modules\next\dist\esm\server\node-environment-extensions\date.js.map'
npm warn tar TAR_ENTRY_ERROR ENOENT: no such file or directory, open 'C:\Users\xussn\Desktop\kurs\lms-project\node_modules\next\dist\server\node-environment-extensions\date.js.map'
npm warn tar TAR_ENTRY_ERROR ENOENT: no such file or directory, open 'C:\Users\xussn\Desktop\kurs\lms-project\node_modules\next\dist\esm\server\app-render\debug-channel-server.js.map'
npm warn tar TAR_ENTRY_ERROR ENOENT: no such file or directory, open 'C:\Users\xussn\Desktop\kurs\lms-project\node_modules\next\dist\server\app-render\debug-channel-server.js.map'
npm warn tar TAR_ENTRY_ERROR ENOENT: no such file or directory, open 'C:\Users\xussn\Desktop\kurs\lms-project\node_modules\next\dist\esm\server\app-render\debug-channel-server.web.js.map'
npm warn tar TAR_ENTRY_ERROR ENOENT: no such file or directory, open 'C:\Users\xussn\Desktop\kurs\lms-project\node_modules\next\dist\server\app-render\debug-channel-server.web.js.map'
npm warn tar TAR_ENTRY_ERROR ENOENT: no such file or directory, open 'C:\Users\xussn\Desktop\kurs\lms-project\node_modules\next\dist\client\dev\debug-channel.js.map'
npm warn tar TAR_ENTRY_ERROR ENOENT: no such file or directory, open 'C:\Users\xussn\Desktop\kurs\lms-project\node_modules\next\dist\esm\client\dev\debug-channel.js.map'
npm warn tar TAR_ENTRY_ERROR ENOENT: no such file or directory, open 'C:\Users\xussn\Desktop\kurs\lms-project\node_modules\next\dist\esm\server\dev\debug-channel.js.map'
npm warn tar TAR_ENTRY_ERROR ENOENT: no such file or directory, open 'C:\Users\xussn\Desktop\kurs\lms-project\node_modules\next\dist\server\dev\debug-channel.js.map'
npm warn tar TAR_ENTRY_ERROR ENOENT: no such file or directory, open 'C:\Users\xussn\Desktop\kurs\lms-project\node_modules\next\dist\esm\server\lib\router-utils\decode-path-params.js.map'
npm warn tar TAR_ENTRY_ERROR ENOENT: no such file or directory, open 'C:\Users\xussn\Desktop\kurs\lms-project\node_modules\next\dist\server\lib\router-utils\decode-path-params.js.map'
npm warn tar TAR_ENTRY_ERROR ENOENT: no such file or directory, open 'C:\Users\xussn\Desktop\kurs\lms-project\node_modules\next\dist\esm\server\lib\decode-query-path-parameter.js.map'
npm warn tar TAR_ENTRY_ERROR ENOENT: no such file or directory, open 'C:\Users\xussn\Desktop\kurs\lms-project\node_modules\next\dist\server\lib\decode-query-path-parameter.js.map'
npm warn tar TAR_ENTRY_ERROR ENOENT: no such file or directory, open 'C:\Users\xussn\Desktop\kurs\lms-project\node_modules\next\dist\esm\server\lib\dedupe-fetch.js.map'
npm warn tar TAR_ENTRY_ERROR ENOENT: no such file or directory, open 'C:\Users\xussn\Desktop\kurs\lms-project\node_modules\next\dist\server\lib\dedupe-fetch.js.map'
npm warn tar TAR_ENTRY_ERROR ENOENT: no such file or directory, open 'C:\Users\xussn\Desktop\kurs\lms-project\node_modules\next\dist\esm\shared\lib\deep-freeze.js.map'
npm warn tar TAR_ENTRY_ERROR ENOENT: no such file or directory, open 'C:\Users\xussn\Desktop\kurs\lms-project\node_modules\next\dist\shared\lib\deep-freeze.js.map'
npm warn tar TAR_ENTRY_ERROR ENOENT: no such file or directory, open 'C:\Users\xussn\Desktop\kurs\lms-project\node_modules\next\dist\esm\shared\lib\deep-readonly.js.map'
npm warn tar TAR_ENTRY_ERROR ENOENT: no such file or directory, open 'C:\Users\xussn\Desktop\kurs\lms-project\node_modules\next\dist\shared\lib\deep-readonly.js.map'
npm warn tar TAR_ENTRY_ERROR ENOENT: no such file or directory, open 'C:\Users\xussn\Desktop\kurs\lms-project\node_modules\next\dist\esm\next-devtools\shared\deepmerge.js.map'
npm warn tar TAR_ENTRY_ERROR ENOENT: no such file or directory, open 'C:\Users\xussn\Desktop\kurs\lms-project\node_modules\next\dist\next-devtools\shared\deepmerge.js.map'
npm warn tar TAR_ENTRY_ERROR ENOENT: no such file or directory, open 'C:\Users\xussn\Desktop\kurs\lms-project\node_modules\next\dist\experimental\testmode\playwright\default-config.js.map'
npm warn tar TAR_ENTRY_ERROR ENOENT: no such file or directory, open 'C:\Users\xussn\Desktop\kurs\lms-project\node_modules\next\dist\esm\server\route-matcher-providers\dev\helpers\file-reader\default-file-reader.js.map'
npm warn tar TAR_ENTRY_ERROR ENOENT: no such file or directory, open 'C:\Users\xussn\Desktop\kurs\lms-project\node_modules\next\dist\server\route-matcher-providers\dev\helpers\file-reader\default-file-reader.js.map'
npm warn tar TAR_ENTRY_ERROR ENOENT: no such file or directory, open 'C:\Users\xussn\Desktop\kurs\lms-project\node_modules\next\dist\esm\lib\metadata\default-metadata.js.map'
npm warn tar TAR_ENTRY_ERROR ENOENT: no such file or directory, open 'C:\Users\xussn\Desktop\kurs\lms-project\node_modules\next\dist\lib\metadata\default-metadata.js.map'
npm warn tar TAR_ENTRY_ERROR ENOENT: no such file or directory, open 'C:\Users\xussn\Desktop\kurs\lms-project\node_modules\next\dist\client\components\builtin\default-null.js.map'
npm warn tar TAR_ENTRY_ERROR ENOENT: no such file or directory, open 'C:\Users\xussn\Desktop\kurs\lms-project\node_modules\next\dist\esm\client\components\builtin\default-null.js.map'
npm warn tar TAR_ENTRY_ERROR ENOENT: no such file or directory, open 'C:\Users\xussn\Desktop\kurs\lms-project\node_modules\next\dist\esm\server\route-matcher-managers\default-route-matcher-manager.js.map'
npm warn tar TAR_ENTRY_ERROR ENOENT: no such file or directory, open 'C:\Users\xussn\Desktop\kurs\lms-project\node_modules\next\dist\server\route-matcher-managers\default-route-matcher-manager.js.map'
npm warn tar TAR_ENTRY_ERROR ENOENT: no such file or directory, open 'C:\Users\xussn\Desktop\kurs\lms-project\node_modules\next\dist\esm\server\lib\cache-handlers\default.external.js.map'
npm warn tar TAR_ENTRY_ERROR ENOENT: no such file or directory, open 'C:\Users\xussn\Desktop\kurs\lms-project\node_modules\next\dist\server\lib\cache-handlers\default.external.js.map'
npm warn tar TAR_ENTRY_ERROR ENOENT: no such file or directory, open 'C:\Users\xussn\Desktop\kurs\lms-project\node_modules\next\dist\client\components\builtin\default.js.map'
npm warn tar TAR_ENTRY_ERROR ENOENT: no such file or directory, open 'C:\Users\xussn\Desktop\kurs\lms-project\node_modules\next\dist\esm\client\components\builtin\default.js.map'
npm warn tar TAR_ENTRY_ERROR ENOENT: no such file or directory, open 'C:\Users\xussn\Desktop\kurs\lms-project\node_modules\next\dist\esm\server\lib\cache-handlers\default.js.map'
npm warn tar TAR_ENTRY_ERROR ENOENT: no such file or directory, open 'C:\Users\xussn\Desktop\kurs\lms-project\node_modules\next\dist\server\lib\cache-handlers\default.js.map'
npm warn tar TAR_ENTRY_ERROR ENOENT: no such file or directory, open 'C:\Users\xussn\Desktop\kurs\lms-project\node_modules\next\dist\build\webpack\plugins\deferred-entries-plugin.js.map'
npm warn tar TAR_ENTRY_ERROR ENOENT: no such file or directory, open 'C:\Users\xussn\Desktop\kurs\lms-project\node_modules\next\dist\esm\build\webpack\plugins\deferred-entries-plugin.js.map'
npm warn tar TAR_ENTRY_ERROR ENOENT: no such file or directory, open 'C:\Users\xussn\Desktop\kurs\lms-project\node_modules\next\dist\build\define-env.js.map'
npm warn tar TAR_ENTRY_ERROR ENOENT: no such file or directory, open 'C:\Users\xussn\Desktop\kurs\lms-project\node_modules\next\dist\esm\shared\lib\page-path\denormalize-app-path.js.map'
npm warn tar TAR_ENTRY_ERROR ENOENT: no such file or directory, open 'C:\Users\xussn\Desktop\kurs\lms-project\node_modules\next\dist\shared\lib\page-path\denormalize-app-path.js.map'
npm warn tar TAR_ENTRY_ERROR ENOENT: no such file or directory, open 'C:\Users\xussn\Desktop\kurs\lms-project\node_modules\next\dist\esm\shared\lib\page-path\denormalize-page-path.js.map'
npm warn tar TAR_ENTRY_ERROR ENOENT: no such file or directory, open 'C:\Users\xussn\Desktop\kurs\lms-project\node_modules\next\dist\shared\lib\page-path\denormalize-page-path.js.map'
npm warn tar TAR_ENTRY_ERROR ENOENT: no such file or directory, open 'C:\Users\xussn\Desktop\kurs\lms-project\node_modules\next\dist\esm\shared\lib\deployment-id.js.map'
npm warn tar TAR_ENTRY_ERROR ENOENT: no such file or directory, open 'C:\Users\xussn\Desktop\kurs\lms-project\node_modules\next\dist\shared\lib\deployment-id.js.map'
npm warn tar TAR_ENTRY_ERROR ENOENT: no such file or directory, open 'C:\Users\xussn\Desktop\kurs\lms-project\node_modules\next\dist\telemetry\detached-flush.js.map'
npm warn tar TAR_ENTRY_ERROR ENOENT: no such file or directory, open 'C:\Users\xussn\Desktop\kurs\lms-project\node_modules\next\dist\esm\lib\detached-promise.js.map'
npm warn tar TAR_ENTRY_ERROR ENOENT: no such file or directory, open 'C:\Users\xussn\Desktop\kurs\lms-project\node_modules\next\dist\esm\client\detect-domain-locale.js.map'
npm warn tar TAR_ENTRY_ERROR ENOENT: no such file or directory, open 'C:\Users\xussn\Desktop\kurs\lms-project\node_modules\next\dist\esm\shared\lib\i18n\detect-domain-locale.js.map'
npm warn tar TAR_ENTRY_ERROR ENOENT: no such file or directory, open 'C:\Users\xussn\Desktop\kurs\lms-project\node_modules\next\dist\shared\lib\i18n\detect-domain-locale.js.map'
npm warn tar TAR_ENTRY_ERROR ENOENT: no such file or directory, open 'C:\Users\xussn\Desktop\kurs\lms-project\node_modules\next\dist\esm\lib\detect-typo.js.map'
npm warn tar TAR_ENTRY_ERROR ENOENT: no such file or directory, open 'C:\Users\xussn\Desktop\kurs\lms-project\node_modules\next\dist\esm\server\route-matcher-providers\dev\dev-app-page-route-matcher-provider.js.map'
npm warn tar TAR_ENTRY_ERROR ENOENT: no such file or directory, open 'C:\Users\xussn\Desktop\kurs\lms-project\node_modules\next\dist\server\route-matcher-providers\dev\dev-app-page-route-matcher-provider.js.map'
npm warn tar TAR_ENTRY_ERROR ENOENT: no such file or directory, open 'C:\Users\xussn\Desktop\kurs\lms-project\node_modules\next\dist\esm\server\route-matcher-providers\dev\dev-app-route-route-matcher-provider.js.map'
npm warn tar TAR_ENTRY_ERROR ENOENT: no such file or directory, open 'C:\Users\xussn\Desktop\kurs\lms-project\node_modules\next\dist\server\route-matcher-providers\dev\dev-app-route-route-matcher-provider.js.map'
npm warn tar TAR_ENTRY_ERROR ENOENT: no such file or directory, open 'C:\Users\xussn\Desktop\kurs\lms-project\node_modules\next\dist\esm\server\lib\dev-bundler-service.js.map'
npm warn tar TAR_ENTRY_ERROR ENOENT: no such file or directory, open 'C:\Users\xussn\Desktop\kurs\lms-project\node_modules\next\dist\server\lib\dev-bundler-service.js.map'
npm warn tar TAR_ENTRY_ERROR ENOENT: no such file or directory, open 'C:\Users\xussn\Desktop\kurs\lms-project\node_modules\next\dist\next-devtools\server\dev-indicator-middleware.js.map'
npm warn tar TAR_ENTRY_ERROR ENOENT: no such file or directory, open 'C:\Users\xussn\Desktop\kurs\lms-project\node_modules\next\dist\esm\server\dev\dev-indicator-server-state.js.map'
npm warn tar TAR_ENTRY_ERROR ENOENT: no such file or directory, open 'C:\Users\xussn\Desktop\kurs\lms-project\node_modules\next\dist\server\dev\dev-indicator-server-state.js.map'
npm warn tar TAR_ENTRY_ERROR ENOENT: no such file or directory, open 'C:\Users\xussn\Desktop\kurs\lms-project\node_modules\next\dist\next-devtools\dev-overlay.shim.js.map'
npm warn tar TAR_ENTRY_ERROR ENOENT: no such file or directory, open 'C:\Users\xussn\Desktop\kurs\lms-project\node_modules\next\dist\esm\server\route-matcher-providers\dev\dev-pages-api-route-matcher-provider.js.map'
npm warn tar TAR_ENTRY_ERROR ENOENT: no such file or directory, open 'C:\Users\xussn\Desktop\kurs\lms-project\node_modules\next\dist\server\route-matcher-providers\dev\dev-pages-api-route-matcher-provider.js.map'
npm warn tar TAR_ENTRY_ERROR ENOENT: no such file or directory, open 'C:\Users\xussn\Desktop\kurs\lms-project\node_modules\next\dist\esm\server\route-matcher-providers\dev\dev-pages-route-matcher-provider.js.map'
npm warn tar TAR_ENTRY_ERROR ENOENT: no such file or directory, open 'C:\Users\xussn\Desktop\kurs\lms-project\node_modules\next\dist\server\route-matcher-providers\dev\dev-pages-route-matcher-provider.js.map'
npm warn tar TAR_ENTRY_ERROR ENOENT: no such file or directory, open 'C:\Users\xussn\Desktop\kurs\lms-project\node_modules\next\dist\esm\client\components\dev-root-http-access-fallback-boundary.js.map'
npm warn tar TAR_ENTRY_ERROR ENOENT: no such file or directory, open 'C:\Users\xussn\Desktop\kurs\lms-project\node_modules\next\dist\esm\server\route-matcher-managers\dev-route-matcher-manager.js.map'
npm warn tar TAR_ENTRY_ERROR ENOENT: no such file or directory, open 'C:\Users\xussn\Desktop\kurs\lms-project\node_modules\next\dist\server\route-matcher-managers\dev-route-matcher-manager.js.map'
npm warn tar TAR_ENTRY_ERROR ENOENT: no such file or directory, open 'C:\Users\xussn\Desktop\kurs\lms-project\node_modules\next\dist\build\webpack\loaders\devtool\devtool-style-inject.js.map'
npm warn tar TAR_ENTRY_ERROR ENOENT: no such file or directory, open 'C:\Users\xussn\Desktop\kurs\lms-project\node_modules\next\dist\esm\build\webpack\loaders\devtool\devtool-style-inject.js.map'
npm warn tar TAR_ENTRY_ERROR ENOENT: no such file or directory, open 'C:\Users\xussn\Desktop\kurs\lms-project\node_modules\next\dist\next-devtools\server\devtools-config-middleware.js.map'
npm warn tar TAR_ENTRY_ERROR ENOENT: no such file or directory, open 'C:\Users\xussn\Desktop\kurs\lms-project\node_modules\next\dist\esm\next-devtools\shared\devtools-config-schema.js.map'
npm warn tar TAR_ENTRY_ERROR ENOENT: no such file or directory, open 'C:\Users\xussn\Desktop\kurs\lms-project\node_modules\next\dist\next-devtools\shared\devtools-config-schema.js.map'
npm warn tar TAR_ENTRY_ERROR ENOENT: no such file or directory, open 'C:\Users\xussn\Desktop\kurs\lms-project\node_modules\next\dist\build\webpack\plugins\devtools-ignore-list-plugin.js.map'
npm warn tar TAR_ENTRY_ERROR ENOENT: no such file or directory, open 'C:\Users\xussn\Desktop\kurs\lms-project\node_modules\next\dist\esm\build\webpack\plugins\devtools-ignore-list-plugin.js.map'
npm warn tar TAR_ENTRY_ERROR ENOENT: no such file or directory, open 'C:\Users\xussn\Desktop\kurs\lms-project\node_modules\next\dist\esm\lib\typescript\diagnosticFormatter.js.map'
npm warn tar TAR_ENTRY_ERROR ENOENT: no such file or directory, open 'C:\Users\xussn\Desktop\kurs\lms-project\node_modules\next\dist\lib\typescript\diagnosticFormatter.js.map'
npm warn tar TAR_ENTRY_ERROR ENOENT: no such file or directory, open 'C:\Users\xussn\Desktop\kurs\lms-project\node_modules\next\dist\esm\shared\lib\router\utils\disable-smooth-scroll.js.map'
npm warn tar TAR_ENTRY_ERROR ENOENT: no such file or directory, open 'C:\Users\xussn\Desktop\kurs\lms-project\node_modules\next\dist\shared\lib\router\utils\disable-smooth-scroll.js.map'
npm warn tar TAR_ENTRY_ERROR ENOENT: no such file or directory, open 'C:\Users\xussn\Desktop\kurs\lms-project\node_modules\next\dist\build\webpack\loaders\metadata\discover.js.map'
npm warn tar TAR_ENTRY_ERROR ENOENT: no such file or directory, open 'C:\Users\xussn\Desktop\kurs\lms-project\node_modules\next\dist\esm\build\webpack\loaders\metadata\discover.js.map'
npm warn tar TAR_ENTRY_ERROR ENOENT: no such file or directory, open 'C:\Users\xussn\Desktop\kurs\lms-project\node_modules\next\dist\esm\server\lib\disk-lru-cache.external.js.map'
npm warn tar TAR_ENTRY_ERROR ENOENT: no such file or directory, open 'C:\Users\xussn\Desktop\kurs\lms-project\node_modules\next\dist\server\lib\disk-lru-cache.external.js.map'
npm warn tar TAR_ENTRY_ERROR ENOENT: no such file or directory, open 'C:\Users\xussn\Desktop\kurs\lms-project\node_modules\next\dist\compiled\next-server\dist_client_dev_noop-turbopack-hmr_js-experimental.runtime.dev.js.map'
npm warn tar TAR_ENTRY_ERROR ENOENT: no such file or directory, open 'C:\Users\xussn\Desktop\kurs\lms-project\node_modules\next\dist\compiled\next-server\dist_client_dev_noop-turbopack-hmr_js-turbo-experimental.runtime.dev.js.map'
npm warn tar TAR_ENTRY_ERROR ENOENT: no such file or directory, open 'C:\Users\xussn\Desktop\kurs\lms-project\node_modules\next\dist\compiled\next-server\dist_client_dev_noop-turbopack-hmr_js-turbo.runtime.dev.js.map'
npm warn tar TAR_ENTRY_ERROR ENOENT: no such file or directory, open 'C:\Users\xussn\Desktop\kurs\lms-project\node_modules\next\dist\compiled\next-server\dist_client_dev_noop-turbopack-hmr_js.runtime.dev.js.map'
npm warn tar TAR_ENTRY_ERROR ENOENT: no such file or directory, open 'C:\Users\xussn\Desktop\kurs\lms-project\node_modules\next\dist\api\document.js.map'
npm warn tar TAR_ENTRY_ERROR ENOENT: no such file or directory, open 'C:\Users\xussn\Desktop\kurs\lms-project\node_modules\next\dist\esm\api\document.js.map'
npm warn tar TAR_ENTRY_ERROR ENOENT: no such file or directory, open 'C:\Users\xussn\Desktop\kurs\lms-project\node_modules\next\dist\esm\lib\download-swc.js.map'
npm warn tar TAR_ENTRY_ERROR ENOENT: no such file or directory, open 'C:\Users\xussn\Desktop\kurs\lms-project\node_modules\next\dist\esm\server\async-storage\draft-mode-provider.js.map'
npm warn tar TAR_ENTRY_ERROR ENOENT: no such file or directory, open 'C:\Users\xussn\Desktop\kurs\lms-project\node_modules\next\dist\server\async-storage\draft-mode-provider.js.map'
npm warn tar TAR_ENTRY_ERROR ENOENT: no such file or directory, open 'C:\Users\xussn\Desktop\kurs\lms-project\node_modules\next\dist\esm\server\request\draft-mode.js.map'
npm warn tar TAR_ENTRY_ERROR ENOENT: no such file or directory, open 'C:\Users\xussn\Desktop\kurs\lms-project\node_modules\next\dist\server\request\draft-mode.js.map'
npm warn tar TAR_ENTRY_ERROR ENOENT: no such file or directory, open 'C:\Users\xussn\Desktop\kurs\lms-project\node_modules\next\dist\esm\shared\lib\dset.js.map'
npm warn tar TAR_ENTRY_ERROR ENOENT: no such file or directory, open 'C:\Users\xussn\Desktop\kurs\lms-project\node_modules\next\dist\shared\lib\dset.js.map'
npm warn tar TAR_ENTRY_ERROR ENOENT: no such file or directory, open 'C:\Users\xussn\Desktop\kurs\lms-project\node_modules\next\dist\build\duration-to-string.js.map'
npm warn tar TAR_ENTRY_ERROR ENOENT: no such file or directory, open 'C:\Users\xussn\Desktop\kurs\lms-project\node_modules\next\dist\esm\server\app-render\dynamic-access-async-storage-instance.js.map'
npm warn tar TAR_ENTRY_ERROR ENOENT: no such file or directory, open 'C:\Users\xussn\Desktop\kurs\lms-project\node_modules\next\dist\server\app-render\dynamic-access-async-storage-instance.js.map'
npm warn tar TAR_ENTRY_ERROR ENOENT: no such file or directory, open 'C:\Users\xussn\Desktop\kurs\lms-project\node_modules\next\dist\esm\server\app-render\dynamic-access-async-storage.external.js.map'
npm warn tar TAR_ENTRY_ERROR ENOENT: no such file or directory, open 'C:\Users\xussn\Desktop\kurs\lms-project\node_modules\next\dist\server\app-render\dynamic-access-async-storage.external.js.map'
npm warn tar TAR_ENTRY_ERROR ENOENT: no such file or directory, open 'C:\Users\xussn\Desktop\kurs\lms-project\node_modules\next\dist\esm\shared\lib\lazy-dynamic\dynamic-bailout-to-csr.js.map'
npm warn tar TAR_ENTRY_ERROR ENOENT: no such file or directory, open 'C:\Users\xussn\Desktop\kurs\lms-project\node_modules\next\dist\shared\lib\lazy-dynamic\dynamic-bailout-to-csr.js.map'
npm warn tar TAR_ENTRY_ERROR ENOENT: no such file or directory, open 'C:\Users\xussn\Desktop\kurs\lms-project\node_modules\next\dist\esm\server\app-render\dynamic-rendering.js.map'
npm warn tar TAR_ENTRY_ERROR ENOENT: no such file or directory, open 'C:\Users\xussn\Desktop\kurs\lms-project\node_modules\next\dist\server\app-render\dynamic-rendering.js.map'
npm warn tar TAR_ENTRY_ERROR ENOENT: no such file or directory, open 'C:\Users\xussn\Desktop\kurs\lms-project\node_modules\next\dist\api\dynamic.js.map'
npm warn tar TAR_ENTRY_ERROR ENOENT: no such file or directory, open 'C:\Users\xussn\Desktop\kurs\lms-project\node_modules\next\dist\esm\api\dynamic.js.map'
npm warn tar TAR_ENTRY_ERROR ENOENT: no such file or directory, open 'C:\Users\xussn\Desktop\kurs\lms-project\node_modules\next\dist\esm\shared\lib\dynamic.js.map'
npm warn tar TAR_ENTRY_ERROR ENOENT: no such file or directory, open 'C:\Users\xussn\Desktop\kurs\lms-project\node_modules\next\dist\shared\lib\dynamic.js.map'
npm warn tar TAR_ENTRY_ERROR ENOENT: no such file or directory, open 'C:\Users\xussn\Desktop\kurs\lms-project\node_modules\next\dist\build\templates\edge-app-route.js.map'
npm warn tar TAR_ENTRY_ERROR ENOENT: no such file or directory, open 'C:\Users\xussn\Desktop\kurs\lms-project\node_modules\next\dist\esm\build\templates\edge-app-route.js.map'
npm warn tar TAR_ENTRY_ERROR ENOENT: no such file or directory, open 'C:\Users\xussn\Desktop\kurs\lms-project\node_modules\next\dist\esm\server\web\edge-route-module-wrapper.js.map'
npm warn tar TAR_ENTRY_ERROR ENOENT: no such file or directory, open 'C:\Users\xussn\Desktop\kurs\lms-project\node_modules\next\dist\server\web\edge-route-module-wrapper.js.map'
npm warn tar TAR_ENTRY_ERROR ENOENT: no such file or directory, open 'C:\Users\xussn\Desktop\kurs\lms-project\node_modules\next\dist\build\templates\edge-ssr-app.js.map'
npm warn tar TAR_ENTRY_ERROR ENOENT: no such file or directory, open 'C:\Users\xussn\Desktop\kurs\lms-project\node_modules\next\dist\esm\build\templates\edge-ssr-app.js.map'
npm warn tar TAR_ENTRY_ERROR ENOENT: no such file or directory, open 'C:\Users\xussn\Desktop\kurs\lms-project\node_modules\next\dist\build\templates\edge-ssr.js.map'
npm warn tar TAR_ENTRY_ERROR ENOENT: no such file or directory, open 'C:\Users\xussn\Desktop\kurs\lms-project\node_modules\next\dist\esm\build\templates\edge-ssr.js.map'
npm warn tar TAR_ENTRY_ERROR ENOENT: no such file or directory, open 'C:\Users\xussn\Desktop\kurs\lms-project\node_modules\next\dist\build\templates\edge-wrapper.js.map'
npm warn tar TAR_ENTRY_ERROR ENOENT: no such file or directory, open 'C:\Users\xussn\Desktop\kurs\lms-project\node_modules\next\dist\esm\build\templates\edge-wrapper.js.map'
npm warn tar TAR_ENTRY_ERROR ENOENT: no such file or directory, open 'C:\Users\xussn\Desktop\kurs\lms-project\node_modules\next\dist\esm\shared\lib\errors\empty-generate-static-params-error.js.map'
npm warn tar TAR_ENTRY_ERROR ENOENT: no such file or directory, open 'C:\Users\xussn\Desktop\kurs\lms-project\node_modules\next\dist\shared\lib\errors\empty-generate-static-params-error.js.map'
npm warn tar TAR_ENTRY_ERROR ENOENT: no such file or directory, open 'C:\Users\xussn\Desktop\kurs\lms-project\node_modules\next\dist\build\webpack\loaders\empty-loader.js.map'
npm warn tar TAR_ENTRY_ERROR ENOENT: no such file or directory, open 'C:\Users\xussn\Desktop\kurs\lms-project\node_modules\next\dist\esm\build\webpack\loaders\empty-loader.js.map'
npm warn tar TAR_ENTRY_ERROR ENOENT: no such file or directory, open 'C:\Users\xussn\Desktop\kurs\lms-project\node_modules\next\dist\client\components\builtin\empty-stub.js.map'
npm warn tar TAR_ENTRY_ERROR ENOENT: no such file or directory, open 'C:\Users\xussn\Desktop\kurs\lms-project\node_modules\next\dist\esm\client\components\builtin\empty-stub.js.map'
npm warn tar TAR_ENTRY_ERROR ENOENT: no such file or directory, open 'C:\Users\xussn\Desktop\kurs\lms-project\node_modules\next\dist\build\jest\__mocks__\empty.js.map'
npm warn tar TAR_ENTRY_ERROR ENOENT: no such file or directory, open 'C:\Users\xussn\Desktop\kurs\lms-project\node_modules\next\dist\esm\server\lib\encode-cache-tag.js.map'
npm warn tar TAR_ENTRY_ERROR ENOENT: no such file or directory, open 'C:\Users\xussn\Desktop\kurs\lms-project\node_modules\next\dist\server\lib\encode-cache-tag.js.map'
npm warn tar TAR_ENTRY_ERROR ENOENT: no such file or directory, open 'C:\Users\xussn\Desktop\kurs\lms-project\node_modules\next\dist\esm\shared\lib\encode-uri-path.js.map'
npm warn tar TAR_ENTRY_ERROR ENOENT: no such file or directory, open 'C:\Users\xussn\Desktop\kurs\lms-project\node_modules\next\dist\shared\lib\encode-uri-path.js.map'
npm warn tar TAR_ENTRY_ERROR ENOENT: no such file or directory, open 'C:\Users\xussn\Desktop\kurs\lms-project\node_modules\next\dist\esm\server\stream-utils\encoded-tags.js.map'
npm warn tar TAR_ENTRY_ERROR ENOENT: no such file or directory, open 'C:\Users\xussn\Desktop\kurs\lms-project\node_modules\next\dist\server\stream-utils\encoded-tags.js.map'
npm warn tar TAR_ENTRY_ERROR ENOENT: no such file or directory, open 'C:\Users\xussn\Desktop\kurs\lms-project\node_modules\next\dist\esm\server\app-render\encryption-utils-server.js.map'
npm warn tar TAR_ENTRY_ERROR ENOENT: no such file or directory, open 'C:\Users\xussn\Desktop\kurs\lms-project\node_modules\next\dist\server\app-render\encryption-utils-server.js.map'
npm warn tar TAR_ENTRY_ERROR ENOENT: no such file or directory, open 'C:\Users\xussn\Desktop\kurs\lms-project\node_modules\next\dist\esm\server\app-render\encryption-utils.js.map'
npm warn tar TAR_ENTRY_ERROR ENOENT: no such file or directory, open 'C:\Users\xussn\Desktop\kurs\lms-project\node_modules\next\dist\server\app-render\encryption-utils.js.map'
npm warn tar TAR_ENTRY_ERROR ENOENT: no such file or directory, open 'C:\Users\xussn\Desktop\kurs\lms-project\node_modules\next\dist\esm\server\app-render\encryption.js.map'
npm warn tar TAR_ENTRY_ERROR ENOENT: no such file or directory, open 'C:\Users\xussn\Desktop\kurs\lms-project\node_modules\next\dist\server\app-render\encryption.js.map'
npm warn tar TAR_ENTRY_ERROR ENOENT: no such file or directory, open 'C:\Users\xussn\Desktop\kurs\lms-project\node_modules\next\dist\esm\shared\lib\page-path\ensure-leading-slash.js.map'
npm warn tar TAR_ENTRY_ERROR ENOENT: no such file or directory, open 'C:\Users\xussn\Desktop\kurs\lms-project\node_modules\next\dist\shared\lib\page-path\ensure-leading-slash.js.map'
npm warn tar TAR_ENTRY_ERROR ENOENT: no such file or directory, open 'C:\Users\xussn\Desktop\kurs\lms-project\node_modules\next\dist\build\entries.js.map'
npm warn tar TAR_ENTRY_ERROR ENOENT: no such file or directory, open 'C:\Users\xussn\Desktop\kurs\lms-project\node_modules\next\dist\esm\server\app-render\entry-base.js.map'
npm warn tar TAR_ENTRY_ERROR ENOENT: no such file or directory, open 'C:\Users\xussn\Desktop\kurs\lms-project\node_modules\next\dist\server\app-render\entry-base.js.map'
npm warn tar TAR_ENTRY_ERROR ENOENT: no such file or directory, open 'C:\Users\xussn\Desktop\kurs\lms-project\node_modules\next\dist\esm\shared\lib\entry-constants.js.map'
npm warn tar TAR_ENTRY_ERROR ENOENT: no such file or directory, open 'C:\Users\xussn\Desktop\kurs\lms-project\node_modules\next\dist\shared\lib\entry-constants.js.map'
npm warn tar TAR_ENTRY_ERROR ENOENT: no such file or directory, open 'C:\Users\xussn\Desktop\kurs\lms-project\node_modules\next\dist\esm\shared\lib\turbopack\entry-key.js.map'
npm warn tar TAR_ENTRY_ERROR ENOENT: no such file or directory, open 'C:\Users\xussn\Desktop\kurs\lms-project\node_modules\next\dist\shared\lib\turbopack\entry-key.js.map'
npm warn tar TAR_ENTRY_ERROR ENOENT: no such file or directory, open 'C:\Users\xussn\Desktop\kurs\lms-project\node_modules\next\dist\esm\server\typescript\rules\entry.js.map'
npm warn tar TAR_ENTRY_ERROR ENOENT: no such file or directory, open 'C:\Users\xussn\Desktop\kurs\lms-project\node_modules\next\dist\server\typescript\rules\entry.js.map'
npm warn tar TAR_ENTRY_ERROR ENOENT: no such file or directory, open 'C:\Users\xussn\Desktop\kurs\lms-project\node_modules\next\dist\esm\server\route-modules\app-page\vendored\contexts\entrypoints.js.map'
npm warn tar TAR_ENTRY_ERROR ENOENT: no such file or directory, open 'C:\Users\xussn\Desktop\kurs\lms-project\node_modules\next\dist\esm\server\route-modules\app-page\vendored\rsc\entrypoints.js.map'
npm warn tar TAR_ENTRY_ERROR ENOENT: no such file or directory, open 'C:\Users\xussn\Desktop\kurs\lms-project\node_modules\next\dist\esm\server\route-modules\app-page\vendored\ssr\entrypoints.js.map'
npm warn tar TAR_ENTRY_ERROR ENOENT: no such file or directory, open 'C:\Users\xussn\Desktop\kurs\lms-project\node_modules\next\dist\esm\server\route-modules\pages\vendored\contexts\entrypoints.js.map'
npm warn tar TAR_ENTRY_ERROR ENOENT: no such file or directory, open 'C:\Users\xussn\Desktop\kurs\lms-project\node_modules\next\dist\server\route-modules\app-page\vendored\contexts\entrypoints.js.map'
npm warn tar TAR_ENTRY_ERROR ENOENT: no such file or directory, open 'C:\Users\xussn\Desktop\kurs\lms-project\node_modules\next\dist\server\route-modules\app-page\vendored\rsc\entrypoints.js.map'
npm warn tar TAR_ENTRY_ERROR ENOENT: no such file or directory, open 'C:\Users\xussn\Desktop\kurs\lms-project\node_modules\next\dist\server\route-modules\app-page\vendored\ssr\entrypoints.js.map'
npm warn tar TAR_ENTRY_ERROR ENOENT: no such file or directory, open 'C:\Users\xussn\Desktop\kurs\lms-project\node_modules\next\dist\server\route-modules\pages\vendored\contexts\entrypoints.js.map'
npm warn tar TAR_ENTRY_ERROR ENOENT: no such file or directory, open 'C:\Users\xussn\Desktop\kurs\lms-project\node_modules\next\dist\build\turborepo-access-trace\env.js.map'
npm warn tar TAR_ENTRY_ERROR ENOENT: no such file or directory, open 'C:\Users\xussn\Desktop\kurs\lms-project\node_modules\next\dist\esm\build\turborepo-access-trace\env.js.map'
npm warn tar TAR_ENTRY_ERROR ENOENT: no such file or directory, open 'C:\Users\xussn\Desktop\kurs\lms-project\node_modules\next\dist\client\react-client-callbacks\error-boundary-callbacks.js.map'
npm warn tar TAR_ENTRY_ERROR ENOENT: no such file or directory, open 'C:\Users\xussn\Desktop\kurs\lms-project\node_modules\next\dist\esm\client\react-client-callbacks\error-boundary-callbacks.js.map'
npm warn tar TAR_ENTRY_ERROR ENOENT: no such file or directory, open 'C:\Users\xussn\Desktop\kurs\lms-project\node_modules\next\dist\client\components\http-access-fallback\error-boundary.js.map'
npm warn tar TAR_ENTRY_ERROR ENOENT: no such file or directory, open 'C:\Users\xussn\Desktop\kurs\lms-project\node_modules\next\dist\esm\client\components\error-boundary.js.map'
npm warn tar TAR_ENTRY_ERROR ENOENT: no such file or directory, open 'C:\Users\xussn\Desktop\kurs\lms-project\node_modules\next\dist\esm\client\components\http-access-fallback\error-boundary.js.map'
npm warn tar TAR_ENTRY_ERROR ENOENT: no such file or directory, open 'C:\Users\xussn\Desktop\kurs\lms-project\node_modules\next\dist\client\components\http-access-fallback\error-fallback.js.map'
npm warn tar TAR_ENTRY_ERROR ENOENT: no such file or directory, open 'C:\Users\xussn\Desktop\kurs\lms-project\node_modules\next\dist\esm\client\components\http-access-fallback\error-fallback.js.map'
npm warn tar TAR_ENTRY_ERROR ENOENT: no such file or directory, open 'C:\Users\xussn\Desktop\kurs\lms-project\node_modules\next\dist\telemetry\events\error-feedback.js.map'
npm warn tar TAR_ENTRY_ERROR ENOENT: no such file or directory, open 'C:\Users\xussn\Desktop\kurs\lms-project\node_modules\next\dist\esm\server\node-environment-extensions\error-inspect.js.map'
npm warn tar TAR_ENTRY_ERROR ENOENT: no such file or directory, open 'C:\Users\xussn\Desktop\kurs\lms-project\node_modules\next\dist\server\node-environment-extensions\error-inspect.js.map'
npm warn tar TAR_ENTRY_ERROR ENOENT: no such file or directory, open 'C:\Users\xussn\Desktop\kurs\lms-project\node_modules\next\dist\build\webpack\loaders\error-loader.js.map'
npm warn tar TAR_ENTRY_ERROR ENOENT: no such file or directory, open 'C:\Users\xussn\Desktop\kurs\lms-project\node_modules\next\dist\esm\build\webpack\loaders\error-loader.js.map'
npm warn tar TAR_ENTRY_ERROR ENOENT: no such file or directory, open 'C:\Users\xussn\Desktop\kurs\lms-project\node_modules\next\dist\esm\shared\lib\utils\error-once.js.map'
npm warn tar TAR_ENTRY_ERROR ENOENT: no such file or directory, open 'C:\Users\xussn\Desktop\kurs\lms-project\node_modules\next\dist\shared\lib\utils\error-once.js.map'
npm warn tar TAR_ENTRY_ERROR ENOENT: no such file or directory, open 'C:\Users\xussn\Desktop\kurs\lms-project\node_modules\next\dist\esm\shared\lib\error-source.js.map'
npm warn tar TAR_ENTRY_ERROR ENOENT: no such file or directory, open 'C:\Users\xussn\Desktop\kurs\lms-project\node_modules\next\dist\shared\lib\error-source.js.map'
npm warn tar TAR_ENTRY_ERROR ENOENT: no such file or directory, open 'C:\Users\xussn\Desktop\kurs\lms-project\node_modules\next\dist\client\components\builtin\error-styles.js.map'
npm warn tar TAR_ENTRY_ERROR ENOENT: no such file or directory, open 'C:\Users\xussn\Desktop\kurs\lms-project\node_modules\next\dist\esm\client\components\builtin\error-styles.js.map'
npm warn tar TAR_ENTRY_ERROR ENOENT: no such file or directory, open 'C:\Users\xussn\Desktop\kurs\lms-project\node_modules\next\dist\esm\lib\error-telemetry-utils.js.map'
npm warn tar TAR_ENTRY_ERROR ENOENT: no such file or directory, open 'C:\Users\xussn\Desktop\kurs\lms-project\node_modules\next\dist\api\error.js.map'
npm warn tar TAR_ENTRY_ERROR ENOENT: no such file or directory, open 'C:\Users\xussn\Desktop\kurs\lms-project\node_modules\next\dist\build\webpack\loaders\postcss-loader\src\Error.js.map'
npm warn tar TAR_ENTRY_ERROR ENOENT: no such file or directory, open 'C:\Users\xussn\Desktop\kurs\lms-project\node_modules\next\dist\esm\api\error.js.map'
npm warn tar TAR_ENTRY_ERROR ENOENT: no such file or directory, open 'C:\Users\xussn\Desktop\kurs\lms-project\node_modules\next\dist\esm\build\webpack\loaders\postcss-loader\src\Error.js.map'
npm warn tar TAR_ENTRY_ERROR ENOENT: no such file or directory, open 'C:\Users\xussn\Desktop\kurs\lms-project\node_modules\next\dist\esm\server\typescript\rules\error.js.map'
npm warn tar TAR_ENTRY_ERROR ENOENT: no such file or directory, open 'C:\Users\xussn\Desktop\kurs\lms-project\node_modules\next\dist\esm\server\web\error.js.map'
npm warn tar TAR_ENTRY_ERROR ENOENT: no such file or directory, open 'C:\Users\xussn\Desktop\kurs\lms-project\node_modules\next\dist\server\typescript\rules\error.js.map'
npm warn tar TAR_ENTRY_ERROR ENOENT: no such file or directory, open 'C:\Users\xussn\Desktop\kurs\lms-project\node_modules\next\dist\server\web\error.js.map'
npm warn tar TAR_ENTRY_ERROR ENOENT: no such file or directory, open 'C:\Users\xussn\Desktop\kurs\lms-project\node_modules\next\dist\api\error.react-server.js.map'
npm warn tar TAR_ENTRY_ERROR ENOENT: no such file or directory, open 'C:\Users\xussn\Desktop\kurs\lms-project\node_modules\next\dist\esm\api\error.react-server.js.map'
npm warn tar TAR_ENTRY_ERROR ENOENT: no such file or directory, open 'C:\Users\xussn\Desktop\kurs\lms-project\node_modules\next\dist\esm\shared\lib\router\utils\escape-path-delimiters.js.map'
npm warn tar TAR_ENTRY_ERROR ENOENT: no such file or directory, open 'C:\Users\xussn\Desktop\kurs\lms-project\node_modules\next\dist\shared\lib\router\utils\escape-path-delimiters.js.map'
npm warn tar TAR_ENTRY_ERROR ENOENT: no such file or directory, open 'C:\Users\xussn\Desktop\kurs\lms-project\node_modules\next\dist\esm\shared\lib\escape-regexp.js.map'
npm warn tar TAR_ENTRY_ERROR ENOENT: no such file or directory, open 'C:\Users\xussn\Desktop\kurs\lms-project\node_modules\next\dist\shared\lib\escape-regexp.js.map'
npm warn tar TAR_ENTRY_ERROR ENOENT: no such file or directory, open 'C:\Users\xussn\Desktop\kurs\lms-project\node_modules\next\dist\esm\server\lib\etag.js.map'
npm warn tar TAR_ENTRY_ERROR ENOENT: no such file or directory, open 'C:\Users\xussn\Desktop\kurs\lms-project\node_modules\next\dist\server\lib\etag.js.map'
npm warn tar TAR_ENTRY_ERROR ENOENT: no such file or directory, open 'C:\Users\xussn\Desktop\kurs\lms-project\node_modules\next\dist\build\webpack\plugins\eval-source-map-dev-tool-plugin.js.map'
npm warn tar TAR_ENTRY_ERROR ENOENT: no such file or directory, open 'C:\Users\xussn\Desktop\kurs\lms-project\node_modules\next\dist\esm\build\webpack\plugins\eval-source-map-dev-tool-plugin.js.map'
npm warn tar TAR_ENTRY_ERROR ENOENT: no such file or directory, open 'C:\Users\xussn\Desktop\kurs\lms-project\node_modules\next\dist\esm\lib\metadata\types\extra-types.js.map'
npm warn tar TAR_ENTRY_ERROR ENOENT: no such file or directory, open 'C:\Users\xussn\Desktop\kurs\lms-project\node_modules\next\dist\lib\metadata\types\extra-types.js.map'
npm warn tar TAR_ENTRY_ERROR ENOENT: no such file or directory, open 'C:\Users\xussn\Desktop\kurs\lms-project\node_modules\next\dist\build\analysis\extract-const-value.js.map'
npm warn tar TAR_ENTRY_ERROR ENOENT: no such file or directory, open 'C:\Users\xussn\Desktop\kurs\lms-project\node_modules\next\dist\esm\build\analysis\extract-const-value.js.map'
npm warn tar TAR_ENTRY_ERROR ENOENT: no such file or directory, open 'C:\Users\xussn\Desktop\kurs\lms-project\node_modules\next\dist\build\static-paths\app\extract-pathname-route-param-segments-from-loader-tree.js.map'
npm warn tar TAR_ENTRY_ERROR ENOENT: no such file or directory, open 'C:\Users\xussn\Desktop\kurs\lms-project\node_modules\next\dist\esm\build\static-paths\app\extract-pathname-route-param-segments-from-loader-tree.js.map'
npm warn tar TAR_ENTRY_ERROR ENOENT: no such file or directory, open 'C:\Users\xussn\Desktop\kurs\lms-project\node_modules\next\dist\esm\server\request\fallback-params.js.map'
npm warn tar TAR_ENTRY_ERROR ENOENT: no such file or directory, open 'C:\Users\xussn\Desktop\kurs\lms-project\node_modules\next\dist\server\request\fallback-params.js.map'
npm warn tar TAR_ENTRY_ERROR ENOENT: no such file or directory, open 'C:\Users\xussn\Desktop\kurs\lms-project\node_modules\next\dist\esm\lib\fallback.js.map'
npm warn tar TAR_ENTRY_ERROR ENOENT: no such file or directory, open 'C:\Users\xussn\Desktop\kurs\lms-project\node_modules\next\dist\esm\server\node-environment-extensions\fast-set-immediate.external.js.map'
npm warn tar TAR_ENTRY_ERROR ENOENT: no such file or directory, open 'C:\Users\xussn\Desktop\kurs\lms-project\node_modules\next\dist\server\node-environment-extensions\fast-set-immediate.external.js.map'
npm warn tar TAR_ENTRY_ERROR ENOENT: no such file or directory, open 'C:\Users\xussn\Desktop\kurs\lms-project\node_modules\next\dist\esm\lib\fatal-error.js.map'
npm warn tar TAR_ENTRY_ERROR ENOENT: no such file or directory, open 'C:\Users\xussn\Desktop\kurs\lms-project\node_modules\next\dist\experimental\testmode\proxy\fetch-api.js.map'
npm warn tar TAR_ENTRY_ERROR ENOENT: no such file or directory, open 'C:\Users\xussn\Desktop\kurs\lms-project\node_modules\next\dist\esm\server\web\spec-extension\fetch-event.js.map'
npm warn tar TAR_ENTRY_ERROR ENOENT: no such file or directory, open 'C:\Users\xussn\Desktop\kurs\lms-project\node_modules\next\dist\server\web\spec-extension\fetch-event.js.map'
npm warn tar TAR_ENTRY_ERROR ENOENT: no such file or directory, open 'C:\Users\xussn\Desktop\kurs\lms-project\node_modules\next\dist\esm\server\web\sandbox\fetch-inline-assets.js.map'
npm warn tar TAR_ENTRY_ERROR ENOENT: no such file or directory, open 'C:\Users\xussn\Desktop\kurs\lms-project\node_modules\next\dist\server\web\sandbox\fetch-inline-assets.js.map'
npm warn tar TAR_ENTRY_ERROR ENOENT: no such file or directory, open 'C:\Users\xussn\Desktop\kurs\lms-project\node_modules\next\dist\client\components\router-reducer\fetch-server-response.js.map'
npm warn tar TAR_ENTRY_ERROR ENOENT: no such file or directory, open 'C:\Users\xussn\Desktop\kurs\lms-project\node_modules\next\dist\esm\client\components\router-reducer\fetch-server-response.js.map'
npm warn tar TAR_ENTRY_ERROR ENOENT: no such file or directory, open 'C:\Users\xussn\Desktop\kurs\lms-project\node_modules\next\dist\experimental\testmode\fetch.js.map'
npm warn tar TAR_ENTRY_ERROR ENOENT: no such file or directory, open 'C:\Users\xussn\Desktop\kurs\lms-project\node_modules\next\dist\esm\server\route-matcher-providers\dev\file-cache-route-matcher-provider.js.map'
npm warn tar TAR_ENTRY_ERROR ENOENT: no such file or directory, open 'C:\Users\xussn\Desktop\kurs\lms-project\node_modules\next\dist\server\route-matcher-providers\dev\file-cache-route-matcher-provider.js.map'
npm warn tar TAR_ENTRY_ERROR ENOENT: no such file or directory, open 'C:\Users\xussn\Desktop\kurs\lms-project\node_modules\next\dist\build\file-classifier.js.map'
npm warn tar TAR_ENTRY_ERROR ENOENT: no such file or directory, open 'C:\Users\xussn\Desktop\kurs\lms-project\node_modules\next\dist\esm\lib\file-exists.js.map'
npm warn tar TAR_ENTRY_ERROR ENOENT: no such file or directory, open 'C:\Users\xussn\Desktop\kurs\lms-project\node_modules\next\dist\esm\server\dev\browser-logs\file-logger.js.map'
npm warn tar TAR_ENTRY_ERROR ENOENT: no such file or directory, open 'C:\Users\xussn\Desktop\kurs\lms-project\node_modules\next\dist\server\dev\browser-logs\file-logger.js.map'
npm warn tar TAR_ENTRY_ERROR ENOENT: no such file or directory, open 'C:\Users\xussn\Desktop\kurs\lms-project\node_modules\next\dist\build\webpack\loaders\resolve-url-loader\lib\file-protocol.js.map'
npm warn tar TAR_ENTRY_ERROR ENOENT: no such file or directory, open 'C:\Users\xussn\Desktop\kurs\lms-project\node_modules\next\dist\esm\build\webpack\loaders\resolve-url-loader\lib\file-protocol.js.map'
npm warn tar TAR_ENTRY_ERROR ENOENT: no such file or directory, open 'C:\Users\xussn\Desktop\kurs\lms-project\node_modules\next\dist\esm\server\route-matcher-providers\dev\helpers\file-reader\file-reader.js.map'
npm warn tar TAR_ENTRY_ERROR ENOENT: no such file or directory, open 'C:\Users\xussn\Desktop\kurs\lms-project\node_modules\next\dist\server\route-matcher-providers\dev\helpers\file-reader\file-reader.js.map'
npm warn tar TAR_ENTRY_ERROR ENOENT: no such file or directory, open 'C:\Users\xussn\Desktop\kurs\lms-project\node_modules\next\dist\build\webpack\config\blocks\css\loaders\file-resolve.js.map'
npm warn tar TAR_ENTRY_ERROR ENOENT: no such file or directory, open 'C:\Users\xussn\Desktop\kurs\lms-project\node_modules\next\dist\esm\build\webpack\config\blocks\css\loaders\file-resolve.js.map'
npm warn tar TAR_ENTRY_ERROR ENOENT: no such file or directory, open 'C:\Users\xussn\Desktop\kurs\lms-project\node_modules\next\dist\esm\server\lib\incremental-cache\file-system-cache.js.map'
npm warn tar TAR_ENTRY_ERROR ENOENT: no such file or directory, open 'C:\Users\xussn\Desktop\kurs\lms-project\node_modules\next\dist\server\lib\incremental-cache\file-system-cache.js.map'
npm warn tar TAR_ENTRY_ERROR ENOENT: no such file or directory, open 'C:\Users\xussn\Desktop\kurs\lms-project\node_modules\next\dist\build\jest\__mocks__\fileMock.js.map'
npm warn tar TAR_ENTRY_ERROR ENOENT: no such file or directory, open 'C:\Users\xussn\Desktop\kurs\lms-project\node_modules\next\dist\esm\server\lib\router-utils\filesystem.js.map'
npm warn tar TAR_ENTRY_ERROR ENOENT: no such file or directory, open 'C:\Users\xussn\Desktop\kurs\lms-project\node_modules\next\dist\server\lib\router-utils\filesystem.js.map'
npm warn tar TAR_ENTRY_ERROR ENOENT: no such file or directory, open 'C:\Users\xussn\Desktop\kurs\lms-project\node_modules\next\dist\esm\shared\lib\find-closest-quality.js.map'
npm warn tar TAR_ENTRY_ERROR ENOENT: no such file or directory, open 'C:\Users\xussn\Desktop\kurs\lms-project\node_modules\next\dist\shared\lib\find-closest-quality.js.map'
npm warn tar TAR_ENTRY_ERROR ENOENT: no such file or directory, open 'C:\Users\xussn\Desktop\kurs\lms-project\node_modules\next\dist\esm\lib\find-config.js.map'
npm warn tar TAR_ENTRY_ERROR ENOENT: no such file or directory, open 'C:\Users\xussn\Desktop\kurs\lms-project\node_modules\next\dist\client\components\router-reducer\reducers\find-head-in-cache.js.map'
npm warn tar TAR_ENTRY_ERROR ENOENT: no such file or directory, open 'C:\Users\xussn\Desktop\kurs\lms-project\node_modules\next\dist\esm\client\components\router-reducer\reducers\find-head-in-cache.js.map'
npm warn tar TAR_ENTRY_ERROR ENOENT: no such file or directory, open 'C:\Users\xussn\Desktop\kurs\lms-project\node_modules\next\dist\esm\server\lib\find-page-file.js.map'
npm warn tar TAR_ENTRY_ERROR ENOENT: no such file or directory, open 'C:\Users\xussn\Desktop\kurs\lms-project\node_modules\next\dist\server\lib\find-page-file.js.map'
npm warn tar TAR_ENTRY_ERROR ENOENT: no such file or directory, open 'C:\Users\xussn\Desktop\kurs\lms-project\node_modules\next\dist\esm\lib\find-pages-dir.js.map'
npm warn tar TAR_ENTRY_ERROR ENOENT: no such file or directory, open 'C:\Users\xussn\Desktop\kurs\lms-project\node_modules\next\dist\esm\lib\find-root.js.map'
npm warn tar TAR_ENTRY_ERROR ENOENT: no such file or directory, open 'C:\Users\xussn\Desktop\kurs\lms-project\node_modules\next\dist\esm\server\lib\fix-mojibake.js.map'
npm warn tar TAR_ENTRY_ERROR ENOENT: no such file or directory, open 'C:\Users\xussn\Desktop\kurs\lms-project\node_modules\next\dist\server\lib\fix-mojibake.js.map'
npm warn tar TAR_ENTRY_ERROR ENOENT: no such file or directory, open 'C:\Users\xussn\Desktop\kurs\lms-project\node_modules\next\dist\build\webpack\plugins\flight-client-entry-plugin.js.map'
npm warn tar TAR_ENTRY_ERROR ENOENT: no such file or directory, open 'C:\Users\xussn\Desktop\kurs\lms-project\node_modules\next\dist\esm\build\webpack\plugins\flight-client-entry-plugin.js.map'
npm warn tar TAR_ENTRY_ERROR ENOENT: no such file or directory, open 'C:\Users\xussn\Desktop\kurs\lms-project\node_modules\next\dist\esm\client\flight-data-helpers.js.map'
npm warn tar TAR_ENTRY_ERROR ENOENT: no such file or directory, open 'C:\Users\xussn\Desktop\kurs\lms-project\node_modules\next\dist\build\webpack\plugins\flight-manifest-plugin.js.map'
npm warn tar TAR_ENTRY_ERROR ENOENT: no such file or directory, open 'C:\Users\xussn\Desktop\kurs\lms-project\node_modules\next\dist\esm\build\webpack\plugins\flight-manifest-plugin.js.map'
npm warn tar TAR_ENTRY_ERROR ENOENT: no such file or directory, open 'C:\Users\xussn\Desktop\kurs\lms-project\node_modules\next\dist\esm\server\app-render\flight-render-result.js.map'
npm warn tar TAR_ENTRY_ERROR ENOENT: no such file or directory, open 'C:\Users\xussn\Desktop\kurs\lms-project\node_modules\next\dist\server\app-render\flight-render-result.js.map'
npm warn tar TAR_ENTRY_ERROR ENOENT: no such file or directory, open 'C:\Users\xussn\Desktop\kurs\lms-project\node_modules\next\dist\telemetry\flush-telemetry.js.map'
npm warn tar TAR_ENTRY_ERROR ENOENT: no such file or directory, open 'C:\Users\xussn\Desktop\kurs\lms-project\node_modules\next\dist\esm\shared\lib\fnv1a.js.map'
npm warn tar TAR_ENTRY_ERROR ENOENT: no such file or directory, open 'C:\Users\xussn\Desktop\kurs\lms-project\node_modules\next\dist\shared\lib\fnv1a.js.map'
npm warn tar TAR_ENTRY_ERROR ENOENT: no such file or directory, open 'C:\Users\xussn\Desktop\kurs\lms-project\node_modules\next\dist\client\components\builtin\forbidden.js.map'
npm warn tar TAR_ENTRY_ERROR ENOENT: no such file or directory, open 'C:\Users\xussn\Desktop\kurs\lms-project\node_modules\next\dist\esm\client\components\builtin\forbidden.js.map'
npm warn tar TAR_ENTRY_ERROR ENOENT: no such file or directory, open 'C:\Users\xussn\Desktop\kurs\lms-project\node_modules\next\dist\esm\client\components\forbidden.js.map'
npm warn tar TAR_ENTRY_ERROR ENOENT: no such file or directory, open 'C:\Users\xussn\Desktop\kurs\lms-project\node_modules\next\dist\build\webpack\plugins\force-complete-runtime.js.map'
npm warn tar TAR_ENTRY_ERROR ENOENT: no such file or directory, open 'C:\Users\xussn\Desktop\kurs\lms-project\node_modules\next\dist\esm\build\webpack\plugins\force-complete-runtime.js.map'
npm warn tar TAR_ENTRY_ERROR ENOENT: no such file or directory, open 'C:\Users\xussn\Desktop\kurs\lms-project\node_modules\next\dist\esm\client\form-shared.js.map'
npm warn tar TAR_ENTRY_ERROR ENOENT: no such file or directory, open 'C:\Users\xussn\Desktop\kurs\lms-project\node_modules\next\dist\api\form.js.map'
npm warn tar TAR_ENTRY_ERROR ENOENT: no such file or directory, open 'C:\Users\xussn\Desktop\kurs\lms-project\node_modules\next\dist\client\app-dir\form.js.map'
npm warn tar TAR_ENTRY_ERROR ENOENT: no such file or directory, open 'C:\Users\xussn\Desktop\kurs\lms-project\node_modules\next\dist\esm\api\form.js.map'
npm warn tar TAR_ENTRY_ERROR ENOENT: no such file or directory, open 'C:\Users\xussn\Desktop\kurs\lms-project\node_modules\next\dist\esm\client\app-dir\form.js.map'
npm warn tar TAR_ENTRY_ERROR ENOENT: no such file or directory, open 'C:\Users\xussn\Desktop\kurs\lms-project\node_modules\next\dist\esm\client\form.js.map'
npm warn tar TAR_ENTRY_ERROR ENOENT: no such file or directory, open 'C:\Users\xussn\Desktop\kurs\lms-project\node_modules\next\dist\esm\lib\format-cli-help-output.js.map'
npm warn tar TAR_ENTRY_ERROR ENOENT: no such file or directory, open 'C:\Users\xussn\Desktop\kurs\lms-project\node_modules\next\dist\esm\lib\format-dynamic-import-path.js.map'
npm warn tar TAR_ENTRY_ERROR ENOENT: no such file or directory, open 'C:\Users\xussn\Desktop\kurs\lms-project\node_modules\next\dist\esm\server\mcp\tools\utils\format-errors.js.map'
npm warn tar TAR_ENTRY_ERROR ENOENT: no such file or directory, open 'C:\Users\xussn\Desktop\kurs\lms-project\node_modules\next\dist\server\mcp\tools\utils\format-errors.js.map'
npm warn tar TAR_ENTRY_ERROR ENOENT: no such file or directory, open 'C:\Users\xussn\Desktop\kurs\lms-project\node_modules\next\dist\esm\server\lib\format-hostname.js.map'
npm warn tar TAR_ENTRY_ERROR ENOENT: no such file or directory, open 'C:\Users\xussn\Desktop\kurs\lms-project\node_modules\next\dist\server\lib\format-hostname.js.map'
npm warn tar TAR_ENTRY_ERROR ENOENT: no such file or directory, open 'C:\Users\xussn\Desktop\kurs\lms-project\node_modules\next\dist\build\manifests\formatter\format-manifest.js.map'
npm warn tar TAR_ENTRY_ERROR ENOENT: no such file or directory, open 'C:\Users\xussn\Desktop\kurs\lms-project\node_modules\next\dist\esm\build\manifests\formatter\format-manifest.js.map'
npm warn tar TAR_ENTRY_ERROR ENOENT: no such file or directory, open 'C:\Users\xussn\Desktop\kurs\lms-project\node_modules\next\dist\esm\shared\lib\router\utils\format-next-pathname-info.js.map'
npm warn tar TAR_ENTRY_ERROR ENOENT: no such file or directory, open 'C:\Users\xussn\Desktop\kurs\lms-project\node_modules\next\dist\shared\lib\router\utils\format-next-pathname-info.js.map'
npm warn tar TAR_ENTRY_ERROR ENOENT: no such file or directory, open 'C:\Users\xussn\Desktop\kurs\lms-project\node_modules\next\dist\esm\lib\format-server-error.js.map'
npm warn tar TAR_ENTRY_ERROR ENOENT: no such file or directory, open 'C:\Users\xussn\Desktop\kurs\lms-project\node_modules\next\dist\esm\shared\lib\router\utils\format-url.js.map'
npm warn tar TAR_ENTRY_ERROR ENOENT: no such file or directory, open 'C:\Users\xussn\Desktop\kurs\lms-project\node_modules\next\dist\shared\lib\router\utils\format-url.js.map'
npm warn tar TAR_ENTRY_ERROR ENOENT: no such file or directory, open 'C:\Users\xussn\Desktop\kurs\lms-project\node_modules\next\dist\esm\shared\lib\format-webpack-messages.js.map'
npm warn tar TAR_ENTRY_ERROR ENOENT: no such file or directory, open 'C:\Users\xussn\Desktop\kurs\lms-project\node_modules\next\dist\shared\lib\format-webpack-messages.js.map'
npm warn tar TAR_ENTRY_ERROR ENOENT: no such file or directory, open 'C:\Users\xussn\Desktop\kurs\lms-project\node_modules\next\dist\build\output\format.js.map'
npm warn tar TAR_ENTRY_ERROR ENOENT: no such file or directory, open 'C:\Users\xussn\Desktop\kurs\lms-project\node_modules\next\dist\esm\build\output\format.js.map'
npm warn tar TAR_ENTRY_ERROR ENOENT: no such file or directory, open 'C:\Users\xussn\Desktop\kurs\lms-project\node_modules\next\dist\esm\next-devtools\shared\forward-logs-shared.js.map'
npm warn tar TAR_ENTRY_ERROR ENOENT: no such file or directory, open 'C:\Users\xussn\Desktop\kurs\lms-project\node_modules\next\dist\next-devtools\shared\forward-logs-shared.js.map'
npm warn tar TAR_ENTRY_ERROR ENOENT: no such file or directory, open 'C:\Users\xussn\Desktop\kurs\lms-project\node_modules\next\dist\esm\next-devtools\userspace\app\forward-logs-utils.js.map'
npm warn tar TAR_ENTRY_ERROR ENOENT: no such file or directory, open 'C:\Users\xussn\Desktop\kurs\lms-project\node_modules\next\dist\next-devtools\userspace\app\forward-logs-utils.js.map'
npm warn tar TAR_ENTRY_ERROR ENOENT: no such file or directory, open 'C:\Users\xussn\Desktop\kurs\lms-project\node_modules\next\dist\esm\next-devtools\userspace\app\forward-logs.js.map'
npm warn tar TAR_ENTRY_ERROR ENOENT: no such file or directory, open 'C:\Users\xussn\Desktop\kurs\lms-project\node_modules\next\dist\next-devtools\userspace\app\forward-logs.js.map'
npm warn tar TAR_ENTRY_ERROR ENOENT: no such file or directory, open 'C:\Users\xussn\Desktop\kurs\lms-project\node_modules\next\dist\client\dev\fouc.js.map'
npm warn tar TAR_ENTRY_ERROR ENOENT: no such file or directory, open 'C:\Users\xussn\Desktop\kurs\lms-project\node_modules\next\dist\esm\client\dev\fouc.js.map'
npm warn tar TAR_ENTRY_ERROR ENOENT: no such file or directory, open 'C:\Users\xussn\Desktop\kurs\lms-project\node_modules\next\dist\esm\lib\memory\gc-observer.js.map'
npm warn tar TAR_ENTRY_ERROR ENOENT: no such file or directory, open 'C:\Users\xussn\Desktop\kurs\lms-project\node_modules\next\dist\lib\memory\gc-observer.js.map'
npm warn tar TAR_ENTRY_ERROR ENOENT: no such file or directory, open 'C:\Users\xussn\Desktop\kurs\lms-project\node_modules\next\dist\build\generate-build-id.js.map'
npm warn tar TAR_ENTRY_ERROR ENOENT: no such file or directory, open 'C:\Users\xussn\Desktop\kurs\lms-project\node_modules\next\dist\esm\lib\generate-interception-routes-rewrites.js.map'
npm warn tar TAR_ENTRY_ERROR ENOENT: no such file or directory, open 'C:\Users\xussn\Desktop\kurs\lms-project\node_modules\next\dist\build\generate-routes-manifest.js.map'
npm warn tar TAR_ENTRY_ERROR ENOENT: no such file or directory, open 'C:\Users\xussn\Desktop\kurs\lms-project\node_modules\next\dist\esm\shared\lib\router\utils\get-asset-path-from-route.js.map'
npm warn tar TAR_ENTRY_ERROR ENOENT: no such file or directory, open 'C:\Users\xussn\Desktop\kurs\lms-project\node_modules\next\dist\shared\lib\router\utils\get-asset-path-from-route.js.map'
npm warn tar TAR_ENTRY_ERROR ENOENT: no such file or directory, open 'C:\Users\xussn\Desktop\kurs\lms-project\node_modules\next\dist\esm\server\app-render\get-asset-query-string.js.map'
npm warn tar TAR_ENTRY_ERROR ENOENT: no such file or directory, open 'C:\Users\xussn\Desktop\kurs\lms-project\node_modules\next\dist\server\app-render\get-asset-query-string.js.map'
npm warn tar TAR_ENTRY_ERROR ENOENT: no such file or directory, open 'C:\Users\xussn\Desktop\kurs\lms-project\node_modules\next\dist\build\get-babel-config-file.js.map'
npm warn tar TAR_ENTRY_ERROR ENOENT: no such file or directory, open 'C:\Users\xussn\Desktop\kurs\lms-project\node_modules\next\dist\build\get-babel-loader-config.js.map'
npm warn tar TAR_ENTRY_ERROR ENOENT: no such file or directory, open 'C:\Users\xussn\Desktop\kurs\lms-project\node_modules\next\dist\esm\lib\helpers\get-cache-directory.js.map'
npm warn tar TAR_ENTRY_ERROR ENOENT: no such file or directory, open 'C:\Users\xussn\Desktop\kurs\lms-project\node_modules\next\dist\lib\helpers\get-cache-directory.js.map'
npm warn tar TAR_ENTRY_ERROR ENOENT: no such file or directory, open 'C:\Users\xussn\Desktop\kurs\lms-project\node_modules\next\dist\build\babel\loader\get-config.js.map'
npm warn tar TAR_ENTRY_ERROR ENOENT: no such file or directory, open 'C:\Users\xussn\Desktop\kurs\lms-project\node_modules\next\dist\esm\build\babel\loader\get-config.js.map'
npm warn tar TAR_ENTRY_ERROR ENOENT: no such file or directory, open 'C:\Users\xussn\Desktop\kurs\lms-project\node_modules\next\dist\esm\server\api-utils\get-cookie-parser.js.map'
npm warn tar TAR_ENTRY_ERROR ENOENT: no such file or directory, open 'C:\Users\xussn\Desktop\kurs\lms-project\node_modules\next\dist\server\api-utils\get-cookie-parser.js.map'
npm warn tar TAR_ENTRY_ERROR ENOENT: no such file or directory, open 'C:\Users\xussn\Desktop\kurs\lms-project\node_modules\next\dist\esm\server\app-render\get-css-inlined-link-tags.js.map'
npm warn tar TAR_ENTRY_ERROR ENOENT: no such file or directory, open 'C:\Users\xussn\Desktop\kurs\lms-project\node_modules\next\dist\server\app-render\get-css-inlined-link-tags.js.map'
npm warn tar TAR_ENTRY_ERROR ENOENT: no such file or directory, open 'C:\Users\xussn\Desktop\kurs\lms-project\node_modules\next\dist\esm\next-devtools\server\font\get-dev-overlay-font-middleware.js.map'
npm warn tar TAR_ENTRY_ERROR ENOENT: no such file or directory, open 'C:\Users\xussn\Desktop\kurs\lms-project\node_modules\next\dist\next-devtools\server\font\get-dev-overlay-font-middleware.js.map'
npm warn tar TAR_ENTRY_ERROR ENOENT: no such file or directory, open 'C:\Users\xussn\Desktop\kurs\lms-project\node_modules\next\dist\esm\client\get-domain-locale.js.map'
npm warn tar TAR_ENTRY_ERROR ENOENT: no such file or directory, open 'C:\Users\xussn\Desktop\kurs\lms-project\node_modules\next\dist\esm\shared\lib\router\utils\get-dynamic-param.js.map'
npm warn tar TAR_ENTRY_ERROR ENOENT: no such file or directory, open 'C:\Users\xussn\Desktop\kurs\lms-project\node_modules\next\dist\shared\lib\router\utils\get-dynamic-param.js.map'
npm warn tar TAR_ENTRY_ERROR ENOENT: no such file or directory, open 'C:\Users\xussn\Desktop\kurs\lms-project\node_modules\next\dist\esm\server\web\get-edge-preview-props.js.map'
npm warn tar TAR_ENTRY_ERROR ENOENT: no such file or directory, open 'C:\Users\xussn\Desktop\kurs\lms-project\node_modules\next\dist\server\web\get-edge-preview-props.js.map'
npm warn tar TAR_ENTRY_ERROR ENOENT: no such file or directory, open 'C:\Users\xussn\Desktop\kurs\lms-project\node_modules\next\dist\esm\server\mcp\tools\get-errors.js.map'
npm warn tar TAR_ENTRY_ERROR ENOENT: no such file or directory, open 'C:\Users\xussn\Desktop\kurs\lms-project\node_modules\next\dist\server\mcp\tools\get-errors.js.map'
npm warn tar TAR_ENTRY_ERROR ENOENT: no such file or directory, open 'C:\Users\xussn\Desktop\kurs\lms-project\node_modules\next\dist\esm\lib\get-files-in-dir.js.map'
npm warn tar TAR_ENTRY_ERROR ENOENT: no such file or directory, open 'C:\Users\xussn\Desktop\kurs\lms-project\node_modules\next\dist\esm\shared\lib\get-hostname.js.map'
npm warn tar TAR_ENTRY_ERROR ENOENT: no such file or directory, open 'C:\Users\xussn\Desktop\kurs\lms-project\node_modules\next\dist\shared\lib\get-hostname.js.map'
npm warn tar TAR_ENTRY_ERROR ENOENT: no such file or directory, open 'C:\Users\xussn\Desktop\kurs\lms-project\node_modules\next\dist\esm\shared\lib\get-img-props.js.map'
npm warn tar TAR_ENTRY_ERROR ENOENT: no such file or directory, open 'C:\Users\xussn\Desktop\kurs\lms-project\node_modules\next\dist\shared\lib\get-img-props.js.map'
npm warn tar TAR_ENTRY_ERROR ENOENT: no such file or directory, open 'C:\Users\xussn\Desktop\kurs\lms-project\node_modules\next\dist\esm\server\app-render\get-layer-assets.js.map'
npm warn tar TAR_ENTRY_ERROR ENOENT: no such file or directory, open 'C:\Users\xussn\Desktop\kurs\lms-project\node_modules\next\dist\server\app-render\get-layer-assets.js.map'
npm warn tar TAR_ENTRY_ERROR ENOENT: no such file or directory, open 'C:\Users\xussn\Desktop\kurs\lms-project\node_modules\next\dist\esm\shared\lib\i18n\get-locale-redirect.js.map'
npm warn tar TAR_ENTRY_ERROR ENOENT: no such file or directory, open 'C:\Users\xussn\Desktop\kurs\lms-project\node_modules\next\dist\shared\lib\i18n\get-locale-redirect.js.map'
npm warn tar TAR_ENTRY_ERROR ENOENT: no such file or directory, open 'C:\Users\xussn\Desktop\kurs\lms-project\node_modules\next\dist\esm\server\mcp\tools\get-logs.js.map'
npm warn tar TAR_ENTRY_ERROR ENOENT: no such file or directory, open 'C:\Users\xussn\Desktop\kurs\lms-project\node_modules\next\dist\server\mcp\tools\get-logs.js.map'
npm warn tar TAR_ENTRY_ERROR ENOENT: no such file or directory, open 'C:\Users\xussn\Desktop\kurs\lms-project\node_modules\next\dist\esm\server\mcp\get-mcp-middleware.js.map'
npm warn tar TAR_ENTRY_ERROR ENOENT: no such file or directory, open 'C:\Users\xussn\Desktop\kurs\lms-project\node_modules\next\dist\server\mcp\get-mcp-middleware.js.map'
npm warn tar TAR_ENTRY_ERROR ENOENT: no such file or directory, open 'C:\Users\xussn\Desktop\kurs\lms-project\node_modules\next\dist\esm\lib\metadata\get-metadata-route.js.map'
npm warn tar TAR_ENTRY_ERROR ENOENT: no such file or directory, open 'C:\Users\xussn\Desktop\kurs\lms-project\node_modules\next\dist\lib\metadata\get-metadata-route.js.map'
npm warn tar TAR_ENTRY_ERROR ENOENT: no such file or directory, open 'C:\Users\xussn\Desktop\kurs\lms-project\node_modules\next\dist\build\webpack\loaders\get-module-build-info.js.map'
npm warn tar TAR_ENTRY_ERROR ENOENT: no such file or directory, open 'C:\Users\xussn\Desktop\kurs\lms-project\node_modules\next\dist\esm\build\webpack\loaders\get-module-build-info.js.map'
npm warn tar TAR_ENTRY_ERROR ENOENT: no such file or directory, open 'C:\Users\xussn\Desktop\kurs\lms-project\node_modules\next\dist\esm\lib\get-network-host.js.map'
npm warn tar TAR_ENTRY_ERROR ENOENT: no such file or directory, open 'C:\Users\xussn\Desktop\kurs\lms-project\node_modules\next\dist\next-devtools\server\get-next-error-feedback-middleware.js.map'
npm warn tar TAR_ENTRY_ERROR ENOENT: no such file or directory, open 'C:\Users\xussn\Desktop\kurs\lms-project\node_modules\next\dist\esm\shared\lib\router\utils\get-next-pathname-info.js.map'
npm warn tar TAR_ENTRY_ERROR ENOENT: no such file or directory, open 'C:\Users\xussn\Desktop\kurs\lms-project\node_modules\next\dist\shared\lib\router\utils\get-next-pathname-info.js.map'
npm warn tar TAR_ENTRY_ERROR ENOENT: no such file or directory, open 'C:\Users\xussn\Desktop\kurs\lms-project\node_modules\next\dist\esm\lib\helpers\get-npx-command.js.map'
npm warn tar TAR_ENTRY_ERROR ENOENT: no such file or directory, open 'C:\Users\xussn\Desktop\kurs\lms-project\node_modules\next\dist\lib\helpers\get-npx-command.js.map'
npm warn tar TAR_ENTRY_ERROR ENOENT: no such file or directory, open 'C:\Users\xussn\Desktop\kurs\lms-project\node_modules\next\dist\esm\lib\helpers\get-online.js.map'
npm warn tar TAR_ENTRY_ERROR ENOENT: no such file or directory, open 'C:\Users\xussn\Desktop\kurs\lms-project\node_modules\next\dist\lib\helpers\get-online.js.map'
npm warn tar TAR_ENTRY_ERROR ENOENT: no such file or directory, open 'C:\Users\xussn\Desktop\kurs\lms-project\node_modules\next\dist\esm\server\mcp\get-or-create-mcp-server.js.map'
npm warn tar TAR_ENTRY_ERROR ENOENT: no such file or directory, open 'C:\Users\xussn\Desktop\kurs\lms-project\node_modules\next\dist\server\mcp\get-or-create-mcp-server.js.map'
npm warn tar TAR_ENTRY_ERROR ENOENT: no such file or directory, open 'C:\Users\xussn\Desktop\kurs\lms-project\node_modules\next\dist\esm\lib\get-package-version.js.map'
npm warn tar TAR_ENTRY_ERROR ENOENT: no such file or directory, open 'C:\Users\xussn\Desktop\kurs\lms-project\node_modules\next\dist\esm\server\mcp\tools\get-page-metadata.js.map'
npm warn tar TAR_ENTRY_ERROR ENOENT: no such file or directory, open 'C:\Users\xussn\Desktop\kurs\lms-project\node_modules\next\dist\server\mcp\tools\get-page-metadata.js.map'
npm warn tar TAR_ENTRY_ERROR ENOENT: no such file or directory, open 'C:\Users\xussn\Desktop\kurs\lms-project\node_modules\next\dist\esm\shared\lib\page-path\get-page-paths.js.map'
npm warn tar TAR_ENTRY_ERROR ENOENT: no such file or directory, open 'C:\Users\xussn\Desktop\kurs\lms-project\node_modules\next\dist\shared\lib\page-path\get-page-paths.js.map'
npm warn tar TAR_ENTRY_ERROR ENOENT: no such file or directory, open 'C:\Users\xussn\Desktop\kurs\lms-project\node_modules\next\dist\build\analysis\get-page-static-info.js.map'
npm warn tar TAR_ENTRY_ERROR ENOENT: no such file or directory, open 'C:\Users\xussn\Desktop\kurs\lms-project\node_modules\next\dist\esm\build\analysis\get-page-static-info.js.map'
npm warn tar TAR_ENTRY_ERROR ENOENT: no such file or directory, open 'C:\Users\xussn\Desktop\kurs\lms-project\node_modules\next\dist\esm\export\helpers\get-params.js.map'
npm warn tar TAR_ENTRY_ERROR ENOENT: no such file or directory, open 'C:\Users\xussn\Desktop\kurs\lms-project\node_modules\next\dist\export\helpers\get-params.js.map'
npm warn tar TAR_ENTRY_ERROR ENOENT: no such file or directory, open 'C:\Users\xussn\Desktop\kurs\lms-project\node_modules\next\dist\esm\server\route-modules\app-route\helpers\get-pathname-from-absolute-path.js.map'
npm warn tar TAR_ENTRY_ERROR ENOENT: no such file or directory, open 'C:\Users\xussn\Desktop\kurs\lms-project\node_modules\next\dist\server\route-modules\app-route\helpers\get-pathname-from-absolute-path.js.map'
npm warn tar TAR_ENTRY_ERROR ENOENT: no such file or directory, open 'C:\Users\xussn\Desktop\kurs\lms-project\node_modules\next\dist\esm\lib\helpers\get-pkg-manager.js.map'
npm warn tar TAR_ENTRY_ERROR ENOENT: no such file or directory, open 'C:\Users\xussn\Desktop\kurs\lms-project\node_modules\next\dist\lib\helpers\get-pkg-manager.js.map'
npm warn tar TAR_ENTRY_ERROR ENOENT: no such file or directory, open 'C:\Users\xussn\Desktop\kurs\lms-project\node_modules\next\dist\esm\server\app-render\get-preloadable-fonts.js.map'
npm warn tar TAR_ENTRY_ERROR ENOENT: no such file or directory, open 'C:\Users\xussn\Desktop\kurs\lms-project\node_modules\next\dist\server\app-render\get-preloadable-fonts.js.map'
npm warn tar TAR_ENTRY_ERROR ENOENT: no such file or directory, open 'C:\Users\xussn\Desktop\kurs\lms-project\node_modules\next\dist\esm\lib\get-project-dir.js.map'
npm warn tar TAR_ENTRY_ERROR ENOENT: no such file or directory, open 'C:\Users\xussn\Desktop\kurs\lms-project\node_modules\next\dist\esm\server\mcp\tools\get-project-metadata.js.map'
npm warn tar TAR_ENTRY_ERROR ENOENT: no such file or directory, open 'C:\Users\xussn\Desktop\kurs\lms-project\node_modules\next\dist\server\mcp\tools\get-project-metadata.js.map'
npm warn tar TAR_ENTRY_ERROR ENOENT: no such file or directory, open 'C:\Users\xussn\Desktop\kurs\lms-project\node_modules\next\dist\esm\lib\helpers\get-registry.js.map'
npm warn tar TAR_ENTRY_ERROR ENOENT: no such file or directory, open 'C:\Users\xussn\Desktop\kurs\lms-project\node_modules\next\dist\lib\helpers\get-registry.js.map'
npm warn tar TAR_ENTRY_ERROR ENOENT: no such file or directory, open 'C:\Users\xussn\Desktop\kurs\lms-project\node_modules\next\dist\esm\lib\helpers\get-reserved-port.js.map'
npm warn tar TAR_ENTRY_ERROR ENOENT: no such file or directory, open 'C:\Users\xussn\Desktop\kurs\lms-project\node_modules\next\dist\lib\helpers\get-reserved-port.js.map'
npm warn tar TAR_ENTRY_ERROR ENOENT: no such file or directory, open 'C:\Users\xussn\Desktop\kurs\lms-project\node_modules\next\dist\esm\shared\lib\router\utils\get-route-from-asset-path.js.map'
npm warn tar TAR_ENTRY_ERROR ENOENT: no such file or directory, open 'C:\Users\xussn\Desktop\kurs\lms-project\node_modules\next\dist\shared\lib\router\utils\get-route-from-asset-path.js.map'
npm warn tar TAR_ENTRY_ERROR ENOENT: no such file or directory, open 'C:\Users\xussn\Desktop\kurs\lms-project\node_modules\next\dist\esm\server\mcp\tools\get-routes.js.map'
npm warn tar TAR_ENTRY_ERROR ENOENT: no such file or directory, open 'C:\Users\xussn\Desktop\kurs\lms-project\node_modules\next\dist\server\mcp\tools\get-routes.js.map'
npm warn tar TAR_ENTRY_ERROR ENOENT: no such file or directory, open 'C:\Users\xussn\Desktop\kurs\lms-project\node_modules\next\dist\esm\shared\lib\get-rspack.js.map'
npm warn tar TAR_ENTRY_ERROR ENOENT: no such file or directory, open 'C:\Users\xussn\Desktop\kurs\lms-project\node_modules\next\dist\shared\lib\get-rspack.js.map'
npm warn tar TAR_ENTRY_ERROR ENOENT: no such file or directory, open 'C:\Users\xussn\Desktop\kurs\lms-project\node_modules\next\dist\esm\server\app-render\get-script-nonce-from-header.js.map'
npm warn tar TAR_ENTRY_ERROR ENOENT: no such file or directory, open 'C:\Users\xussn\Desktop\kurs\lms-project\node_modules\next\dist\server\app-render\get-script-nonce-from-header.js.map'
npm warn tar TAR_ENTRY_ERROR ENOENT: no such file or directory, open 'C:\Users\xussn\Desktop\kurs\lms-project\node_modules\next\dist\esm\shared\lib\router\utils\get-segment-param.js.map'
npm warn tar TAR_ENTRY_ERROR ENOENT: no such file or directory, open 'C:\Users\xussn\Desktop\kurs\lms-project\node_modules\next\dist\shared\lib\router\utils\get-segment-param.js.map'
npm warn tar TAR_ENTRY_ERROR ENOENT: no such file or directory, open 'C:\Users\xussn\Desktop\kurs\lms-project\node_modules\next\dist\esm\server\mcp\tools\get-server-action-by-id.js.map'
npm warn tar TAR_ENTRY_ERROR ENOENT: no such file or directory, open 'C:\Users\xussn\Desktop\kurs\lms-project\node_modules\next\dist\server\mcp\tools\get-server-action-by-id.js.map'
npm warn tar TAR_ENTRY_ERROR ENOENT: no such file or directory, open 'C:\Users\xussn\Desktop\kurs\lms-project\node_modules\next\dist\esm\server\app-render\get-short-dynamic-param-type.js.map'
npm warn tar TAR_ENTRY_ERROR ENOENT: no such file or directory, open 'C:\Users\xussn\Desktop\kurs\lms-project\node_modules\next\dist\server\app-render\get-short-dynamic-param-type.js.map'
npm warn tar TAR_ENTRY_ERROR ENOENT: no such file or directory, open 'C:\Users\xussn\Desktop\kurs\lms-project\node_modules\next\dist\client\dev\hot-reloader\get-socket-url.js.map'
npm warn tar TAR_ENTRY_ERROR ENOENT: no such file or directory, open 'C:\Users\xussn\Desktop\kurs\lms-project\node_modules\next\dist\esm\client\dev\hot-reloader\get-socket-url.js.map'
npm warn tar TAR_ENTRY_ERROR ENOENT: no such file or directory, open 'C:\Users\xussn\Desktop\kurs\lms-project\node_modules\next\dist\esm\server\dev\get-source-map-from-file.js.map'
npm warn tar TAR_ENTRY_ERROR ENOENT: no such file or directory, open 'C:\Users\xussn\Desktop\kurs\lms-project\node_modules\next\dist\server\dev\get-source-map-from-file.js.map'
npm warn tar TAR_ENTRY_ERROR ENOENT: no such file or directory, open 'C:\Users\xussn\Desktop\kurs\lms-project\node_modules\next\dist\build\get-static-info-including-layouts.js.map'
npm warn tar TAR_ENTRY_ERROR ENOENT: no such file or directory, open 'C:\Users\xussn\Desktop\kurs\lms-project\node_modules\next\dist\build\get-supported-browsers.js.map'
npm warn tar TAR_ENTRY_ERROR ENOENT: no such file or directory, open 'C:\Users\xussn\Desktop\kurs\lms-project\node_modules\next\dist\esm\shared\lib\get-webpack-bundler.js.map'
npm warn tar TAR_ENTRY_ERROR ENOENT: no such file or directory, open 'C:\Users\xussn\Desktop\kurs\lms-project\node_modules\next\dist\shared\lib\get-webpack-bundler.js.map'
npm warn tar TAR_ENTRY_ERROR ENOENT: no such file or directory, open 'C:\Users\xussn\Desktop\kurs\lms-project\node_modules\next\dist\build\webpack\config\blocks\css\loaders\getCssModuleLocalIdent.js.map'
npm warn tar TAR_ENTRY_ERROR ENOENT: no such file or directory, open 'C:\Users\xussn\Desktop\kurs\lms-project\node_modules\next\dist\esm\build\webpack\config\blocks\css\loaders\getCssModuleLocalIdent.js.map'
npm warn tar TAR_ENTRY_ERROR ENOENT: no such file or directory, open 'C:\Users\xussn\Desktop\kurs\lms-project\node_modules\next\dist\build\webpack\plugins\wellknown-errors-plugin\getModuleTrace.js.map'
npm warn tar TAR_ENTRY_ERROR ENOENT: no such file or directory, open 'C:\Users\xussn\Desktop\kurs\lms-project\node_modules\next\dist\esm\build\webpack\plugins\wellknown-errors-plugin\getModuleTrace.js.map'
npm warn tar TAR_ENTRY_ERROR ENOENT: no such file or directory, open 'C:\Users\xussn\Desktop\kurs\lms-project\node_modules\next\dist\esm\lib\typescript\getTypeScriptConfiguration.js.map'
npm warn tar TAR_ENTRY_ERROR ENOENT: no such file or directory, open 'C:\Users\xussn\Desktop\kurs\lms-project\node_modules\next\dist\lib\typescript\getTypeScriptConfiguration.js.map'
npm warn tar TAR_ENTRY_ERROR ENOENT: no such file or directory, open 'C:\Users\xussn\Desktop\kurs\lms-project\node_modules\next\dist\esm\lib\typescript\getTypeScriptIntent.js.map'
npm warn tar TAR_ENTRY_ERROR ENOENT: no such file or directory, open 'C:\Users\xussn\Desktop\kurs\lms-project\node_modules\next\dist\lib\typescript\getTypeScriptIntent.js.map'
npm warn tar TAR_ENTRY_ERROR ENOENT: no such file or directory, open 'C:\Users\xussn\Desktop\kurs\lms-project\node_modules\next\dist\build\webpack\loaders\css-loader\src\runtime\getUrl.js.map'
npm warn tar TAR_ENTRY_ERROR ENOENT: no such file or directory, open 'C:\Users\xussn\Desktop\kurs\lms-project\node_modules\next\dist\esm\build\webpack\loaders\css-loader\src\runtime\getUrl.js.map'
npm warn tar TAR_ENTRY_ERROR ENOENT: no such file or directory, open 'C:\Users\xussn\Desktop\kurs\lms-project\node_modules\next\dist\esm\server\node-environment-extensions\global-behaviors.js.map'
npm warn tar TAR_ENTRY_ERROR ENOENT: no such file or directory, open 'C:\Users\xussn\Desktop\kurs\lms-project\node_modules\next\dist\server\node-environment-extensions\global-behaviors.js.map'
npm warn tar TAR_ENTRY_ERROR ENOENT: no such file or directory, open 'C:\Users\xussn\Desktop\kurs\lms-project\node_modules\next\dist\client\components\builtin\global-error.js.map'
npm warn tar TAR_ENTRY_ERROR ENOENT: no such file or directory, open 'C:\Users\xussn\Desktop\kurs\lms-project\node_modules\next\dist\esm\client\components\builtin\global-error.js.map'
npm warn tar TAR_ENTRY_ERROR ENOENT: no such file or directory, open 'C:\Users\xussn\Desktop\kurs\lms-project\node_modules\next\dist\client\components\builtin\global-not-found.js.map'
npm warn tar TAR_ENTRY_ERROR ENOENT: no such file or directory, open 'C:\Users\xussn\Desktop\kurs\lms-project\node_modules\next\dist\esm\client\components\builtin\global-not-found.js.map'
npm warn tar TAR_ENTRY_ERROR ENOENT: no such file or directory, open 'C:\Users\xussn\Desktop\kurs\lms-project\node_modules\next\dist\build\webpack\config\blocks\css\loaders\global.js.map'
npm warn tar TAR_ENTRY_ERROR ENOENT: no such file or directory, open 'C:\Users\xussn\Desktop\kurs\lms-project\node_modules\next\dist\esm\build\webpack\config\blocks\css\loaders\global.js.map'
npm warn tar TAR_ENTRY_ERROR ENOENT: no such file or directory, open 'C:\Users\xussn\Desktop\kurs\lms-project\node_modules\next\dist\esm\server\web\globals.js.map'
npm warn tar TAR_ENTRY_ERROR ENOENT: no such file or directory, open 'C:\Users\xussn\Desktop\kurs\lms-project\node_modules\next\dist\server\web\globals.js.map'
npm warn tar TAR_ENTRY_ERROR ENOENT: no such file or directory, open 'C:\Users\xussn\Desktop\kurs\lms-project\node_modules\next\dist\client\components\errors\graceful-degrade-boundary.js.map'
npm warn tar TAR_ENTRY_ERROR ENOENT: no such file or directory, open 'C:\Users\xussn\Desktop\kurs\lms-project\node_modules\next\dist\esm\client\components\errors\graceful-degrade-boundary.js.map'
npm warn tar TAR_ENTRY_ERROR ENOENT: no such file or directory, open 'C:\Users\xussn\Desktop\kurs\lms-project\node_modules\next\dist\build\handle-entrypoints.js.map'
npm warn tar TAR_ENTRY_ERROR ENOENT: no such file or directory, open 'C:\Users\xussn\Desktop\kurs\lms-project\node_modules\next\dist\build\handle-externals.js.map'
npm warn tar TAR_ENTRY_ERROR ENOENT: no such file or directory, open 'C:\Users\xussn\Desktop\kurs\lms-project\node_modules\next\dist\esm\client\components\handle-isr-error.js.map'
npm warn tar TAR_ENTRY_ERROR ENOENT: no such file or directory, open 'C:\Users\xussn\Desktop\kurs\lms-project\node_modules\next\dist\esm\server\use-cache\handlers.js.map'
npm warn tar TAR_ENTRY_ERROR ENOENT: no such file or directory, open 'C:\Users\xussn\Desktop\kurs\lms-project\node_modules\next\dist\server\use-cache\handlers.js.map'
npm warn tar TAR_ENTRY_ERROR ENOENT: no such file or directory, open 'C:\Users\xussn\Desktop\kurs\lms-project\node_modules\next\dist\esm\shared\lib\errors\hard-deprecated-config-error.js.map'
npm warn tar TAR_ENTRY_ERROR ENOENT: no such file or directory, open 'C:\Users\xussn\Desktop\kurs\lms-project\node_modules\next\dist\shared\lib\errors\hard-deprecated-config-error.js.map'
npm warn tar TAR_ENTRY_ERROR ENOENT: no such file or directory, open 'C:\Users\xussn\Desktop\kurs\lms-project\node_modules\next\dist\esm\client\has-base-path.js.map'
npm warn tar TAR_ENTRY_ERROR ENOENT: no such file or directory, open 'C:\Users\xussn\Desktop\kurs\lms-project\node_modules\next\dist\client\components\router-reducer\reducers\has-interception-route-in-current-tree.js.map'
npm warn tar TAR_ENTRY_ERROR ENOENT: no such file or directory, open 'C:\Users\xussn\Desktop\kurs\lms-project\node_modules\next\dist\esm\client\components\router-reducer\reducers\has-interception-route-in-current-tree.js.map'
npm warn tar TAR_ENTRY_ERROR ENOENT: no such file or directory, open 'C:\Users\xussn\Desktop\kurs\lms-project\node_modules\next\dist\esm\server\app-render\has-loading-component-in-tree.js.map'
npm warn tar TAR_ENTRY_ERROR ENOENT: no such file or directory, open 'C:\Users\xussn\Desktop\kurs\lms-project\node_modules\next\dist\server\app-render\has-loading-component-in-tree.js.map'
npm warn tar TAR_ENTRY_ERROR ENOENT: no such file or directory, open 'C:\Users\xussn\Desktop\kurs\lms-project\node_modules\next\dist\esm\lib\has-necessary-dependencies.js.map'
npm warn tar TAR_ENTRY_ERROR ENOENT: no such file or directory, open 'C:\Users\xussn\Desktop\kurs\lms-project\node_modules\next\dist\esm\shared\lib\hash.js.map'
npm warn tar TAR_ENTRY_ERROR ENOENT: no such file or directory, open 'C:\Users\xussn\Desktop\kurs\lms-project\node_modules\next\dist\shared\lib\hash.js.map'
npm warn tar TAR_ENTRY_ERROR ENOENT: no such file or directory, open 'C:\Users\xussn\Desktop\kurs\lms-project\node_modules\next\dist\esm\server\route-modules\app-page\vendored\contexts\head-manager-context.js.map'
npm warn tar TAR_ENTRY_ERROR ENOENT: no such file or directory, open 'C:\Users\xussn\Desktop\kurs\lms-project\node_modules\next\dist\esm\server\route-modules\pages\vendored\contexts\head-manager-context.js.map'
npm warn tar TAR_ENTRY_ERROR ENOENT: no such file or directory, open 'C:\Users\xussn\Desktop\kurs\lms-project\node_modules\next\dist\server\route-modules\app-page\vendored\contexts\head-manager-context.js.map'
npm warn tar TAR_ENTRY_ERROR ENOENT: no such file or directory, open 'C:\Users\xussn\Desktop\kurs\lms-project\node_modules\next\dist\server\route-modules\pages\vendored\contexts\head-manager-context.js.map'
npm warn tar TAR_ENTRY_ERROR ENOENT: no such file or directory, open 'C:\Users\xussn\Desktop\kurs\lms-project\node_modules\next\dist\esm\shared\lib\head-manager-context.shared-runtime.js.map'
npm warn tar TAR_ENTRY_ERROR ENOENT: no such file or directory, open 'C:\Users\xussn\Desktop\kurs\lms-project\node_modules\next\dist\shared\lib\head-manager-context.shared-runtime.js.map'
npm warn tar TAR_ENTRY_ERROR ENOENT: no such file or directory, open 'C:\Users\xussn\Desktop\kurs\lms-project\node_modules\next\dist\esm\client\head-manager.js.map'
npm warn tar TAR_ENTRY_ERROR ENOENT: no such file or directory, open 'C:\Users\xussn\Desktop\kurs\lms-project\node_modules\next\dist\api\head.js.map'
npm warn tar TAR_ENTRY_ERROR ENOENT: no such file or directory, open 'C:\Users\xussn\Desktop\kurs\lms-project\node_modules\next\dist\esm\api\head.js.map'
npm warn tar TAR_ENTRY_ERROR ENOENT: no such file or directory, open 'C:\Users\xussn\Desktop\kurs\lms-project\node_modules\next\dist\esm\shared\lib\head.js.map'
npm warn tar TAR_ENTRY_ERROR ENOENT: no such file or directory, open 'C:\Users\xussn\Desktop\kurs\lms-project\node_modules\next\dist\shared\lib\head.js.map'
npm warn tar TAR_ENTRY_ERROR ENOENT: no such file or directory, open 'C:\Users\xussn\Desktop\kurs\lms-project\node_modules\next\dist\api\headers.js.map'
npm warn tar TAR_ENTRY_ERROR ENOENT: no such file or directory, open 'C:\Users\xussn\Desktop\kurs\lms-project\node_modules\next\dist\esm\api\headers.js.map'
npm warn tar TAR_ENTRY_ERROR ENOENT: no such file or directory, open 'C:\Users\xussn\Desktop\kurs\lms-project\node_modules\next\dist\esm\server\request\headers.js.map'
npm warn tar TAR_ENTRY_ERROR ENOENT: no such file or directory, open 'C:\Users\xussn\Desktop\kurs\lms-project\node_modules\next\dist\esm\server\web\spec-extension\adapters\headers.js.map'
npm warn tar TAR_ENTRY_ERROR ENOENT: no such file or directory, open 'C:\Users\xussn\Desktop\kurs\lms-project\node_modules\next\dist\server\request\headers.js.map'
npm warn tar TAR_ENTRY_ERROR ENOENT: no such file or directory, open 'C:\Users\xussn\Desktop\kurs\lms-project\node_modules\next\dist\server\web\spec-extension\adapters\headers.js.map'
npm warn tar TAR_ENTRY_ERROR ENOENT: no such file or directory, open 'C:\Users\xussn\Desktop\kurs\lms-project\node_modules\next\dist\build\swc\helpers.js.map'
npm warn tar TAR_ENTRY_ERROR ENOENT: no such file or directory, open 'C:\Users\xussn\Desktop\kurs\lms-project\node_modules\next\dist\build\templates\helpers.js.map'
npm warn tar TAR_ENTRY_ERROR ENOENT: no such file or directory, open 'C:\Users\xussn\Desktop\kurs\lms-project\node_modules\next\dist\build\turborepo-access-trace\helpers.js.map'
npm warn tar TAR_ENTRY_ERROR ENOENT: no such file or directory, open 'C:\Users\xussn\Desktop\kurs\lms-project\node_modules\next\dist\build\webpack\config\helpers.js.map'
npm warn tar TAR_ENTRY_ERROR ENOENT: no such file or directory, open 'C:\Users\xussn\Desktop\kurs\lms-project\node_modules\next\dist\compiled\@next\react-refresh-utils\dist\internal\helpers.js.map'
npm warn tar TAR_ENTRY_ERROR ENOENT: no such file or directory, open 'C:\Users\xussn\Desktop\kurs\lms-project\node_modules\next\dist\esm\build\swc\helpers.js.map'
npm warn tar TAR_ENTRY_ERROR ENOENT: no such file or directory, open 'C:\Users\xussn\Desktop\kurs\lms-project\node_modules\next\dist\esm\build\templates\helpers.js.map'
npm warn tar TAR_ENTRY_ERROR ENOENT: no such file or directory, open 'C:\Users\xussn\Desktop\kurs\lms-project\node_modules\next\dist\esm\build\turborepo-access-trace\helpers.js.map'
npm warn tar TAR_ENTRY_ERROR ENOENT: no such file or directory, open 'C:\Users\xussn\Desktop\kurs\lms-project\node_modules\next\dist\esm\build\webpack\config\helpers.js.map'
npm warn tar TAR_ENTRY_ERROR ENOENT: no such file or directory, open 'C:\Users\xussn\Desktop\kurs\lms-project\node_modules\next\dist\esm\server\base-http\helpers.js.map'
npm warn tar TAR_ENTRY_ERROR ENOENT: no such file or directory, open 'C:\Users\xussn\Desktop\kurs\lms-project\node_modules\next\dist\server\base-http\helpers.js.map'
npm warn tar TAR_ENTRY_ERROR ENOENT: no such file or directory, open 'C:\Users\xussn\Desktop\kurs\lms-project\node_modules\next\dist\client\components\router-reducer\reducers\hmr-refresh-reducer.js.map'
npm warn tar TAR_ENTRY_ERROR ENOENT: no such file or directory, open 'C:\Users\xussn\Desktop\kurs\lms-project\node_modules\next\dist\esm\client\components\router-reducer\reducers\hmr-refresh-reducer.js.map'
npm warn tar TAR_ENTRY_ERROR ENOENT: no such file or directory, open 'C:\Users\xussn\Desktop\kurs\lms-project\node_modules\next\dist\esm\server\route-modules\app-page\vendored\contexts\hooks-client-context.js.map'
npm warn tar TAR_ENTRY_ERROR ENOENT: no such file or directory, open 'C:\Users\xussn\Desktop\kurs\lms-project\node_modules\next\dist\esm\server\route-modules\pages\vendored\contexts\hooks-client-context.js.map'
npm warn tar TAR_ENTRY_ERROR ENOENT: no such file or directory, open 'C:\Users\xussn\Desktop\kurs\lms-project\node_modules\next\dist\server\route-modules\app-page\vendored\contexts\hooks-client-context.js.map'
npm warn tar TAR_ENTRY_ERROR ENOENT: no such file or directory, open 'C:\Users\xussn\Desktop\kurs\lms-project\node_modules\next\dist\server\route-modules\pages\vendored\contexts\hooks-client-context.js.map'
npm warn tar TAR_ENTRY_ERROR ENOENT: no such file or directory, open 'C:\Users\xussn\Desktop\kurs\lms-project\node_modules\next\dist\esm\shared\lib\hooks-client-context.shared-runtime.js.map'
npm warn tar TAR_ENTRY_ERROR ENOENT: no such file or directory, open 'C:\Users\xussn\Desktop\kurs\lms-project\node_modules\next\dist\shared\lib\hooks-client-context.shared-runtime.js.map'
npm warn tar TAR_ENTRY_ERROR ENOENT: no such file or directory, open 'C:\Users\xussn\Desktop\kurs\lms-project\node_modules\next\dist\esm\client\components\hooks-server-context.js.map'
npm warn tar TAR_ENTRY_ERROR ENOENT: no such file or directory, open 'C:\Users\xussn\Desktop\kurs\lms-project\node_modules\next\dist\client\dev\hot-middleware-client.js.map'
npm warn tar TAR_ENTRY_ERROR ENOENT: no such file or directory, open 'C:\Users\xussn\Desktop\kurs\lms-project\node_modules\next\dist\esm\client\dev\hot-middleware-client.js.map'
npm warn tar TAR_ENTRY_ERROR ENOENT: no such file or directory, open 'C:\Users\xussn\Desktop\kurs\lms-project\node_modules\next\dist\esm\server\dev\hot-middleware.js.map'
npm warn tar TAR_ENTRY_ERROR ENOENT: no such file or directory, open 'C:\Users\xussn\Desktop\kurs\lms-project\node_modules\next\dist\server\dev\hot-middleware.js.map'
npm warn tar TAR_ENTRY_ERROR ENOENT: no such file or directory, open 'C:\Users\xussn\Desktop\kurs\lms-project\node_modules\next\dist\client\dev\hot-reloader\app\hot-reloader-app.js.map'
npm warn tar TAR_ENTRY_ERROR ENOENT: no such file or directory, open 'C:\Users\xussn\Desktop\kurs\lms-project\node_modules\next\dist\esm\client\dev\hot-reloader\app\hot-reloader-app.js.map'
npm warn tar TAR_ENTRY_ERROR ENOENT: no such file or directory, open 'C:\Users\xussn\Desktop\kurs\lms-project\node_modules\next\dist\client\dev\hot-reloader\pages\hot-reloader-pages.js.map'
npm warn tar TAR_ENTRY_ERROR ENOENT: no such file or directory, open 'C:\Users\xussn\Desktop\kurs\lms-project\node_modules\next\dist\esm\client\dev\hot-reloader\pages\hot-reloader-pages.js.map'
npm warn tar TAR_ENTRY_ERROR ENOENT: no such file or directory, open 'C:\Users\xussn\Desktop\kurs\lms-project\node_modules\next\dist\esm\server\dev\hot-reloader-rspack.js.map'
npm warn tar TAR_ENTRY_ERROR ENOENT: no such file or directory, open 'C:\Users\xussn\Desktop\kurs\lms-project\node_modules\next\dist\server\dev\hot-reloader-rspack.js.map'
npm warn tar TAR_ENTRY_ERROR ENOENT: no such file or directory, open 'C:\Users\xussn\Desktop\kurs\lms-project\node_modules\next\dist\esm\server\dev\hot-reloader-shared-utils.js.map'
npm warn tar TAR_ENTRY_ERROR ENOENT: no such file or directory, open 'C:\Users\xussn\Desktop\kurs\lms-project\node_modules\next\dist\server\dev\hot-reloader-shared-utils.js.map'
npm warn tar TAR_ENTRY_ERROR ENOENT: no such file or directory, open 'C:\Users\xussn\Desktop\kurs\lms-project\node_modules\next\dist\esm\server\dev\hot-reloader-turbopack.js.map'
npm warn tar TAR_ENTRY_ERROR ENOENT: no such file or directory, open 'C:\Users\xussn\Desktop\kurs\lms-project\node_modules\next\dist\server\dev\hot-reloader-turbopack.js.map'
npm warn tar TAR_ENTRY_ERROR ENOENT: no such file or directory, open 'C:\Users\xussn\Desktop\kurs\lms-project\node_modules\next\dist\esm\server\dev\hot-reloader-types.js.map'
npm warn tar TAR_ENTRY_ERROR ENOENT: no such file or directory, open 'C:\Users\xussn\Desktop\kurs\lms-project\node_modules\next\dist\server\dev\hot-reloader-types.js.map'
npm warn tar TAR_ENTRY_ERROR ENOENT: no such file or directory, open 'C:\Users\xussn\Desktop\kurs\lms-project\node_modules\next\dist\esm\server\dev\hot-reloader-webpack.js.map'
npm warn tar TAR_ENTRY_ERROR ENOENT: no such file or directory, open 'C:\Users\xussn\Desktop\kurs\lms-project\node_modules\next\dist\server\dev\hot-reloader-webpack.js.map'
npm warn tar TAR_ENTRY_ERROR ENOENT: no such file or directory, open 'C:\Users\xussn\Desktop\kurs\lms-project\node_modules\next\dist\esm\shared\lib\router\utils\html-bots.js.map'
npm warn tar TAR_ENTRY_ERROR ENOENT: no such file or directory, open 'C:\Users\xussn\Desktop\kurs\lms-project\node_modules\next\dist\shared\lib\router\utils\html-bots.js.map'
npm warn tar TAR_ENTRY_ERROR ENOENT: no such file or directory, open 'C:\Users\xussn\Desktop\kurs\lms-project\node_modules\next\dist\esm\server\route-modules\pages\vendored\contexts\html-context.js.map'
npm warn tar TAR_ENTRY_ERROR ENOENT: no such file or directory, open 'C:\Users\xussn\Desktop\kurs\lms-project\node_modules\next\dist\server\route-modules\pages\vendored\contexts\html-context.js.map'
npm warn tar TAR_ENTRY_ERROR ENOENT: no such file or directory, open 'C:\Users\xussn\Desktop\kurs\lms-project\node_modules\next\dist\esm\shared\lib\html-context.shared-runtime.js.map'
npm warn tar TAR_ENTRY_ERROR ENOENT: no such file or directory, open 'C:\Users\xussn\Desktop\kurs\lms-project\node_modules\next\dist\shared\lib\html-context.shared-runtime.js.map'
npm warn tar TAR_ENTRY_ERROR ENOENT: no such file or directory, open 'C:\Users\xussn\Desktop\kurs\lms-project\node_modules\next\dist\esm\shared\lib\htmlescape.js.map'
npm warn tar TAR_ENTRY_ERROR ENOENT: no such file or directory, open 'C:\Users\xussn\Desktop\kurs\lms-project\node_modules\next\dist\shared\lib\htmlescape.js.map'
npm warn tar TAR_ENTRY_ERROR ENOENT: no such file or directory, open 'C:\Users\xussn\Desktop\kurs\lms-project\node_modules\next\dist\client\components\http-access-fallback\http-access-fallback.js.map'
npm warn tar TAR_ENTRY_ERROR ENOENT: no such file or directory, open 'C:\Users\xussn\Desktop\kurs\lms-project\node_modules\next\dist\esm\client\components\http-access-fallback\http-access-fallback.js.map'
npm warn tar TAR_ENTRY_ERROR ENOENT: no such file or directory, open 'C:\Users\xussn\Desktop\kurs\lms-project\node_modules\next\dist\esm\server\web\http.js.map'
npm warn tar TAR_ENTRY_ERROR ENOENT: no such file or directory, open 'C:\Users\xussn\Desktop\kurs\lms-project\node_modules\next\dist\server\web\http.js.map'
npm warn tar TAR_ENTRY_ERROR ENOENT: no such file or directory, open 'C:\Users\xussn\Desktop\kurs\lms-project\node_modules\next\dist\experimental\testmode\httpget.js.map'
npm warn tar TAR_ENTRY_ERROR ENOENT: no such file or directory, open 'C:\Users\xussn\Desktop\kurs\lms-project\node_modules\next\dist\esm\next-devtools\userspace\pages\hydration-error-state.js.map'
npm warn tar TAR_ENTRY_ERROR ENOENT: no such file or directory, open 'C:\Users\xussn\Desktop\kurs\lms-project\node_modules\next\dist\next-devtools\userspace\pages\hydration-error-state.js.map'
npm warn tar TAR_ENTRY_ERROR ENOENT: no such file or directory, open 'C:\Users\xussn\Desktop\kurs\lms-project\node_modules\next\dist\esm\next-devtools\shared\hydration-error.js.map'
npm warn tar TAR_ENTRY_ERROR ENOENT: no such file or directory, open 'C:\Users\xussn\Desktop\kurs\lms-project\node_modules\next\dist\next-devtools\shared\hydration-error.js.map'
npm warn tar TAR_ENTRY_ERROR ENOENT: no such file or directory, open 'C:\Users\xussn\Desktop\kurs\lms-project\node_modules\next\dist\esm\server\lib\i18n-provider.js.map'
npm warn tar TAR_ENTRY_ERROR ENOENT: no such file or directory, open 'C:\Users\xussn\Desktop\kurs\lms-project\node_modules\next\dist\server\lib\i18n-provider.js.map'
npm warn tar TAR_ENTRY_ERROR ENOENT: no such file or directory, open 'C:\Users\xussn\Desktop\kurs\lms-project\node_modules\next\dist\esm\lib\metadata\generate\icon-mark.js.map'
npm warn tar TAR_ENTRY_ERROR ENOENT: no such file or directory, open 'C:\Users\xussn\Desktop\kurs\lms-project\node_modules\next\dist\lib\metadata\generate\icon-mark.js.map'
npm warn tar TAR_ENTRY_ERROR ENOENT: no such file or directory, open 'C:\Users\xussn\Desktop\kurs\lms-project\node_modules\next\dist\esm\lib\metadata\types\icons.js.map'
npm warn tar TAR_ENTRY_ERROR ENOENT: no such file or directory, open 'C:\Users\xussn\Desktop\kurs\lms-project\node_modules\next\dist\lib\metadata\types\icons.js.map'
npm warn tar TAR_ENTRY_ERROR ENOENT: no such file or directory, open 'C:\Users\xussn\Desktop\kurs\lms-project\node_modules\next\dist\esm\shared\lib\image-blur-svg.js.map'
npm warn tar TAR_ENTRY_ERROR ENOENT: no such file or directory, open 'C:\Users\xussn\Desktop\kurs\lms-project\node_modules\next\dist\shared\lib\image-blur-svg.js.map'
npm warn tar TAR_ENTRY_ERROR ENOENT: no such file or directory, open 'C:\Users\xussn\Desktop\kurs\lms-project\node_modules\next\dist\esm\client\image-component.js.map'
npm warn tar TAR_ENTRY_ERROR ENOENT: no such file or directory, open 'C:\Users\xussn\Desktop\kurs\lms-project\node_modules\next\dist\esm\server\route-modules\app-page\vendored\contexts\image-config-context.js.map'
npm warn tar TAR_ENTRY_ERROR ENOENT: no such file or directory, open 'C:\Users\xussn\Desktop\kurs\lms-project\node_modules\next\dist\esm\server\route-modules\pages\vendored\contexts\image-config-context.js.map'
npm warn tar TAR_ENTRY_ERROR ENOENT: no such file or directory, open 'C:\Users\xussn\Desktop\kurs\lms-project\node_modules\next\dist\server\route-modules\app-page\vendored\contexts\image-config-context.js.map'
npm warn tar TAR_ENTRY_ERROR ENOENT: no such file or directory, open 'C:\Users\xussn\Desktop\kurs\lms-project\node_modules\next\dist\server\route-modules\pages\vendored\contexts\image-config-context.js.map'
npm warn tar TAR_ENTRY_ERROR ENOENT: no such file or directory, open 'C:\Users\xussn\Desktop\kurs\lms-project\node_modules\next\dist\esm\shared\lib\image-config-context.shared-runtime.js.map'
npm warn tar TAR_ENTRY_ERROR ENOENT: no such file or directory, open 'C:\Users\xussn\Desktop\kurs\lms-project\node_modules\next\dist\shared\lib\image-config-context.shared-runtime.js.map'
npm warn tar TAR_ENTRY_ERROR ENOENT: no such file or directory, open 'C:\Users\xussn\Desktop\kurs\lms-project\node_modules\next\dist\esm\shared\lib\image-config.js.map'
npm warn tar TAR_ENTRY_ERROR ENOENT: no such file or directory, open 'C:\Users\xussn\Desktop\kurs\lms-project\node_modules\next\dist\shared\lib\image-config.js.map'
npm warn tar TAR_ENTRY_ERROR ENOENT: no such file or directory, open 'C:\Users\xussn\Desktop\kurs\lms-project\node_modules\next\dist\esm\shared\lib\image-external.js.map'
npm warn tar TAR_ENTRY_ERROR ENOENT: no such file or directory, open 'C:\Users\xussn\Desktop\kurs\lms-project\node_modules\next\dist\shared\lib\image-external.js.map'
npm warn tar TAR_ENTRY_ERROR ENOENT: no such file or directory, open 'C:\Users\xussn\Desktop\kurs\lms-project\node_modules\next\dist\esm\shared\lib\image-loader.js.map'
npm warn tar TAR_ENTRY_ERROR ENOENT: no such file or directory, open 'C:\Users\xussn\Desktop\kurs\lms-project\node_modules\next\dist\shared\lib\image-loader.js.map'
npm warn tar TAR_ENTRY_ERROR ENOENT: no such file or directory, open 'C:\Users\xussn\Desktop\kurs\lms-project\node_modules\next\dist\esm\server\og\image-response.js.map'
npm warn tar TAR_ENTRY_ERROR ENOENT: no such file or directory, open 'C:\Users\xussn\Desktop\kurs\lms-project\node_modules\next\dist\esm\server\web\spec-extension\image-response.js.map'
npm warn tar TAR_ENTRY_ERROR ENOENT: no such file or directory, open 'C:\Users\xussn\Desktop\kurs\lms-project\node_modules\next\dist\server\og\image-response.js.map'
npm warn tar TAR_ENTRY_ERROR ENOENT: no such file or directory, open 'C:\Users\xussn\Desktop\kurs\lms-project\node_modules\next\dist\server\web\spec-extension\image-response.js.map'
npm warn tar TAR_ENTRY_ERROR ENOENT: no such file or directory, open 'C:\Users\xussn\Desktop\kurs\lms-project\node_modules\next\dist\api\image.js.map'
npm warn tar TAR_ENTRY_ERROR ENOENT: no such file or directory, open 'C:\Users\xussn\Desktop\kurs\lms-project\node_modules\next\dist\client\legacy\image.js.map'
npm warn tar TAR_ENTRY_ERROR ENOENT: no such file or directory, open 'C:\Users\xussn\Desktop\kurs\lms-project\node_modules\next\dist\esm\api\image.js.map'
npm warn tar TAR_ENTRY_ERROR ENOENT: no such file or directory, open 'C:\Users\xussn\Desktop\kurs\lms-project\node_modules\next\dist\esm\client\legacy\image.js.map'
npm warn tar TAR_ENTRY_ERROR ENOENT: no such file or directory, open 'C:\Users\xussn\Desktop\kurs\lms-project\node_modules\next\dist\build\turbopack-build\impl.js.map'
npm warn tar TAR_ENTRY_ERROR ENOENT: no such file or directory, open 'C:\Users\xussn\Desktop\kurs\lms-project\node_modules\next\dist\build\webpack-build\impl.js.map'
npm warn tar TAR_ENTRY_ERROR ENOENT: no such file or directory, open 'C:\Users\xussn\Desktop\kurs\lms-project\node_modules\next\dist\esm\build\turbopack-build\impl.js.map'
npm warn tar TAR_ENTRY_ERROR ENOENT: no such file or directory, open 'C:\Users\xussn\Desktop\kurs\lms-project\node_modules\next\dist\esm\build\webpack-build\impl.js.map'
npm warn tar TAR_ENTRY_ERROR ENOENT: no such file or directory, open 'C:\Users\xussn\Desktop\kurs\lms-project\node_modules\next\dist\build\polyfills\object.assign\implementation.js.map'
npm warn tar TAR_ENTRY_ERROR ENOENT: no such file or directory, open 'C:\Users\xussn\Desktop\kurs\lms-project\node_modules\next\dist\esm\build\polyfills\object.assign\implementation.js.map'
npm warn tar TAR_ENTRY_ERROR ENOENT: no such file or directory, open 'C:\Users\xussn\Desktop\kurs\lms-project\node_modules\next\dist\esm\server\lib\implicit-tags.js.map'
npm warn tar TAR_ENTRY_ERROR ENOENT: no such file or directory, open 'C:\Users\xussn\Desktop\kurs\lms-project\node_modules\next\dist\server\lib\implicit-tags.js.map'
npm warn tar TAR_ENTRY_ERROR ENOENT: no such file or directory, open 'C:\Users\xussn\Desktop\kurs\lms-project\node_modules\next\dist\esm\lib\import-next-warning.js.map'
npm warn tar TAR_ENTRY_ERROR ENOENT: no such file or directory, open 'C:\Users\xussn\Desktop\kurs\lms-project\node_modules\next\dist\build\analyze\index.js.map'
npm warn tar TAR_ENTRY_ERROR ENOENT: no such file or directory, open 'C:\Users\xussn\Desktop\kurs\lms-project\node_modules\next\dist\build\babel\loader\index.js.map'
npm warn tar TAR_ENTRY_ERROR ENOENT: no such file or directory, open 'C:\Users\xussn\Desktop\kurs\lms-project\node_modules\next\dist\build\index.js.map'
npm warn tar TAR_ENTRY_ERROR ENOENT: no such file or directory, open 'C:\Users\xussn\Desktop\kurs\lms-project\node_modules\next\dist\build\output\index.js.map'
npm warn tar TAR_ENTRY_ERROR ENOENT: no such file or directory, open 'C:\Users\xussn\Desktop\kurs\lms-project\node_modules\next\dist\build\polyfills\fetch\index.js.map'
npm warn tar TAR_ENTRY_ERROR ENOENT: no such file or directory, open 'C:\Users\xussn\Desktop\kurs\lms-project\node_modules\next\dist\build\polyfills\object.assign\index.js.map'
npm warn tar TAR_ENTRY_ERROR ENOENT: no such file or directory, open 'C:\Users\xussn\Desktop\kurs\lms-project\node_modules\next\dist\build\swc\index.js.map'
npm warn tar TAR_ENTRY_ERROR ENOENT: no such file or directory, open 'C:\Users\xussn\Desktop\kurs\lms-project\node_modules\next\dist\build\turbopack-analyze\index.js.map'
npm warn tar TAR_ENTRY_ERROR ENOENT: no such file or directory, open 'C:\Users\xussn\Desktop\kurs\lms-project\node_modules\next\dist\build\turbopack-build\index.js.map'
npm warn tar TAR_ENTRY_ERROR ENOENT: no such file or directory, open 'C:\Users\xussn\Desktop\kurs\lms-project\node_modules\next\dist\build\turborepo-access-trace\index.js.map'
npm warn tar TAR_ENTRY_ERROR ENOENT: no such file or directory, open 'C:\Users\xussn\Desktop\kurs\lms-project\node_modules\next\dist\build\webpack-build\index.js.map'
npm warn tar TAR_ENTRY_ERROR ENOENT: no such file or directory, open 'C:\Users\xussn\Desktop\kurs\lms-project\node_modules\next\dist\build\webpack\config\blocks\css\index.js.map'
npm warn tar TAR_ENTRY_ERROR ENOENT: no such file or directory, open 'C:\Users\xussn\Desktop\kurs\lms-project\node_modules\next\dist\build\webpack\config\blocks\css\loaders\index.js.map'
npm warn tar TAR_ENTRY_ERROR ENOENT: no such file or directory, open 'C:\Users\xussn\Desktop\kurs\lms-project\node_modules\next\dist\build\webpack\config\blocks\images\index.js.map'
npm warn tar TAR_ENTRY_ERROR ENOENT: no such file or directory, open 'C:\Users\xussn\Desktop\kurs\lms-project\node_modules\next\dist\build\webpack\config\index.js.map'
npm warn tar TAR_ENTRY_ERROR ENOENT: no such file or directory, open 'C:\Users\xussn\Desktop\kurs\lms-project\node_modules\next\dist\build\webpack\loaders\css-loader\src\index.js.map'
npm warn tar TAR_ENTRY_ERROR ENOENT: no such file or directory, open 'C:\Users\xussn\Desktop\kurs\lms-project\node_modules\next\dist\build\webpack\loaders\css-loader\src\plugins\index.js.map'
npm warn tar TAR_ENTRY_ERROR ENOENT: no such file or directory, open 'C:\Users\xussn\Desktop\kurs\lms-project\node_modules\next\dist\build\webpack\loaders\lightningcss-loader\src\index.js.map'
npm warn tar TAR_ENTRY_ERROR ENOENT: no such file or directory, open 'C:\Users\xussn\Desktop\kurs\lms-project\node_modules\next\dist\build\webpack\loaders\next-app-loader\index.js.map'
npm warn tar TAR_ENTRY_ERROR ENOENT: no such file or directory, open 'C:\Users\xussn\Desktop\kurs\lms-project\node_modules\next\dist\build\webpack\loaders\next-edge-app-route-loader\index.js.map'
npm warn tar TAR_ENTRY_ERROR ENOENT: no such file or directory, open 'C:\Users\xussn\Desktop\kurs\lms-project\node_modules\next\dist\build\webpack\loaders\next-edge-ssr-loader\index.js.map'
npm warn tar TAR_ENTRY_ERROR ENOENT: no such file or directory, open 'C:\Users\xussn\Desktop\kurs\lms-project\node_modules\next\dist\build\webpack\loaders\next-flight-loader\index.js.map'
npm warn tar TAR_ENTRY_ERROR ENOENT: no such file or directory, open 'C:\Users\xussn\Desktop\kurs\lms-project\node_modules\next\dist\build\webpack\loaders\next-font-loader\index.js.map'
npm warn tar TAR_ENTRY_ERROR ENOENT: no such file or directory, open 'C:\Users\xussn\Desktop\kurs\lms-project\node_modules\next\dist\build\webpack\loaders\next-image-loader\index.js.map'
npm warn tar TAR_ENTRY_ERROR ENOENT: no such file or directory, open 'C:\Users\xussn\Desktop\kurs\lms-project\node_modules\next\dist\build\webpack\loaders\next-route-loader\index.js.map'
npm warn tar TAR_ENTRY_ERROR ENOENT: no such file or directory, open 'C:\Users\xussn\Desktop\kurs\lms-project\node_modules\next\dist\build\webpack\loaders\next-style-loader\index.js.map'
npm warn tar TAR_ENTRY_ERROR ENOENT: no such file or directory, open 'C:\Users\xussn\Desktop\kurs\lms-project\node_modules\next\dist\build\webpack\loaders\postcss-loader\src\index.js.map'
npm warn tar TAR_ENTRY_ERROR ENOENT: no such file or directory, open 'C:\Users\xussn\Desktop\kurs\lms-project\node_modules\next\dist\build\webpack\loaders\resolve-url-loader\index.js.map'
npm warn tar TAR_ENTRY_ERROR ENOENT: no such file or directory, open 'C:\Users\xussn\Desktop\kurs\lms-project\node_modules\next\dist\build\webpack\plugins\minify-webpack-plugin\src\index.js.map'
npm warn tar TAR_ENTRY_ERROR ENOENT: no such file or directory, open 'C:\Users\xussn\Desktop\kurs\lms-project\node_modules\next\dist\build\webpack\plugins\next-types-plugin\index.js.map'
npm warn tar TAR_ENTRY_ERROR ENOENT: no such file or directory, open 'C:\Users\xussn\Desktop\kurs\lms-project\node_modules\next\dist\build\webpack\plugins\wellknown-errors-plugin\index.js.map'
npm warn tar TAR_ENTRY_ERROR ENOENT: no such file or directory, open 'C:\Users\xussn\Desktop\kurs\lms-project\node_modules\next\dist\client\portal\index.js.map'
npm warn tar TAR_ENTRY_ERROR ENOENT: no such file or directory, open 'C:\Users\xussn\Desktop\kurs\lms-project\node_modules\next\dist\compiled\next-devtools\index.js.map'
npm warn tar TAR_ENTRY_ERROR ENOENT: no such file or directory, open 'C:\Users\xussn\Desktop\kurs\lms-project\node_modules\next\dist\esm\build\analyze\index.js.map'
npm warn tar TAR_ENTRY_ERROR ENOENT: no such file or directory, open 'C:\Users\xussn\Desktop\kurs\lms-project\node_modules\next\dist\esm\build\babel\loader\index.js.map'
npm warn tar TAR_ENTRY_ERROR ENOENT: no such file or directory, open 'C:\Users\xussn\Desktop\kurs\lms-project\node_modules\next\dist\esm\build\output\index.js.map'
npm warn tar TAR_ENTRY_ERROR ENOENT: no such file or directory, open 'C:\Users\xussn\Desktop\kurs\lms-project\node_modules\next\dist\esm\build\polyfills\fetch\index.js.map'
npm warn tar TAR_ENTRY_ERROR ENOENT: no such file or directory, open 'C:\Users\xussn\Desktop\kurs\lms-project\node_modules\next\dist\esm\build\polyfills\object.assign\index.js.map'
npm warn tar TAR_ENTRY_ERROR ENOENT: no such file or directory, open 'C:\Users\xussn\Desktop\kurs\lms-project\node_modules\next\dist\esm\build\swc\index.js.map'
npm warn tar TAR_ENTRY_ERROR ENOENT: no such file or directory, open 'C:\Users\xussn\Desktop\kurs\lms-project\node_modules\next\dist\esm\build\turbopack-analyze\index.js.map'
npm warn tar TAR_ENTRY_ERROR ENOENT: no such file or directory, open 'C:\Users\xussn\Desktop\kurs\lms-project\node_modules\next\dist\esm\build\turbopack-build\index.js.map'
npm warn tar TAR_ENTRY_ERROR ENOENT: no such file or directory, open 'C:\Users\xussn\Desktop\kurs\lms-project\node_modules\next\dist\esm\build\turborepo-access-trace\index.js.map'
npm warn tar TAR_ENTRY_ERROR ENOENT: no such file or directory, open 'C:\Users\xussn\Desktop\kurs\lms-project\node_modules\next\dist\esm\build\webpack-build\index.js.map'
npm warn tar TAR_ENTRY_ERROR ENOENT: no such file or directory, open 'C:\Users\xussn\Desktop\kurs\lms-project\node_modules\next\dist\esm\build\webpack\config\blocks\css\index.js.map'
npm warn tar TAR_ENTRY_ERROR ENOENT: no such file or directory, open 'C:\Users\xussn\Desktop\kurs\lms-project\node_modules\next\dist\esm\build\webpack\config\blocks\css\loaders\index.js.map'
npm warn tar TAR_ENTRY_ERROR ENOENT: no such file or directory, open 'C:\Users\xussn\Desktop\kurs\lms-project\node_modules\next\dist\esm\build\webpack\config\blocks\images\index.js.map'
npm warn tar TAR_ENTRY_ERROR ENOENT: no such file or directory, open 'C:\Users\xussn\Desktop\kurs\lms-project\node_modules\next\dist\esm\build\webpack\config\index.js.map'
npm warn tar TAR_ENTRY_ERROR ENOENT: no such file or directory, open 'C:\Users\xussn\Desktop\kurs\lms-project\node_modules\next\dist\esm\build\webpack\loaders\css-loader\src\index.js.map'
npm warn tar TAR_ENTRY_ERROR ENOENT: no such file or directory, open 'C:\Users\xussn\Desktop\kurs\lms-project\node_modules\next\dist\esm\build\webpack\loaders\css-loader\src\plugins\index.js.map'
npm warn tar TAR_ENTRY_ERROR ENOENT: no such file or directory, open 'C:\Users\xussn\Desktop\kurs\lms-project\node_modules\next\dist\esm\build\webpack\loaders\lightningcss-loader\src\index.js.map'
npm warn tar TAR_ENTRY_ERROR ENOENT: no such file or directory, open 'C:\Users\xussn\Desktop\kurs\lms-project\node_modules\next\dist\esm\build\webpack\loaders\next-app-loader\index.js.map'
npm warn tar TAR_ENTRY_ERROR ENOENT: no such file or directory, open 'C:\Users\xussn\Desktop\kurs\lms-project\node_modules\next\dist\esm\build\webpack\loaders\next-edge-app-route-loader\index.js.map'
npm warn tar TAR_ENTRY_ERROR ENOENT: no such file or directory, open 'C:\Users\xussn\Desktop\kurs\lms-project\node_modules\next\dist\esm\build\webpack\loaders\next-edge-ssr-loader\index.js.map'
npm warn tar TAR_ENTRY_ERROR ENOENT: no such file or directory, open 'C:\Users\xussn\Desktop\kurs\lms-project\node_modules\next\dist\esm\build\webpack\loaders\next-flight-loader\index.js.map'
npm warn tar TAR_ENTRY_ERROR ENOENT: no such file or directory, open 'C:\Users\xussn\Desktop\kurs\lms-project\node_modules\next\dist\esm\build\webpack\loaders\next-font-loader\index.js.map'
npm warn tar TAR_ENTRY_ERROR ENOENT: no such file or directory, open 'C:\Users\xussn\Desktop\kurs\lms-project\node_modules\next\dist\esm\build\webpack\loaders\next-image-loader\index.js.map'
npm warn tar TAR_ENTRY_ERROR ENOENT: no such file or directory, open 'C:\Users\xussn\Desktop\kurs\lms-project\node_modules\next\dist\esm\build\webpack\loaders\next-route-loader\index.js.map'
npm warn tar TAR_ENTRY_ERROR ENOENT: no such file or directory, open 'C:\Users\xussn\Desktop\kurs\lms-project\node_modules\next\dist\esm\build\webpack\loaders\next-style-loader\index.js.map'
npm warn tar TAR_ENTRY_ERROR ENOENT: no such file or directory, open 'C:\Users\xussn\Desktop\kurs\lms-project\node_modules\next\dist\esm\build\webpack\loaders\postcss-loader\src\index.js.map'
npm warn tar TAR_ENTRY_ERROR ENOENT: no such file or directory, open 'C:\Users\xussn\Desktop\kurs\lms-project\node_modules\next\dist\esm\build\webpack\loaders\resolve-url-loader\index.js.map'
npm warn tar TAR_ENTRY_ERROR ENOENT: no such file or directory, open 'C:\Users\xussn\Desktop\kurs\lms-project\node_modules\next\dist\esm\build\webpack\plugins\minify-webpack-plugin\src\index.js.map'
npm warn tar TAR_ENTRY_ERROR ENOENT: no such file or directory, open 'C:\Users\xussn\Desktop\kurs\lms-project\node_modules\next\dist\esm\build\webpack\plugins\next-types-plugin\index.js.map'
npm warn tar TAR_ENTRY_ERROR ENOENT: no such file or directory, open 'C:\Users\xussn\Desktop\kurs\lms-project\node_modules\next\dist\esm\build\webpack\plugins\wellknown-errors-plugin\index.js.map'
npm warn tar TAR_ENTRY_ERROR ENOENT: no such file or directory, open 'C:\Users\xussn\Desktop\kurs\lms-project\node_modules\next\dist\esm\client\index.js.map'
npm warn tar TAR_ENTRY_ERROR ENOENT: no such file or directory, open 'C:\Users\xussn\Desktop\kurs\lms-project\node_modules\next\dist\esm\client\portal\index.js.map'
npm warn tar TAR_ENTRY_ERROR ENOENT: no such file or directory, open 'C:\Users\xussn\Desktop\kurs\lms-project\node_modules\next\dist\esm\export\index.js.map'
npm warn tar TAR_ENTRY_ERROR ENOENT: no such file or directory, open 'C:\Users\xussn\Desktop\kurs\lms-project\node_modules\next\dist\esm\next-devtools\userspace\app\errors\index.js.map'
npm warn tar TAR_ENTRY_ERROR ENOENT: no such file or directory, open 'C:\Users\xussn\Desktop\kurs\lms-project\node_modules\next\dist\esm\server\after\index.js.map'
npm warn tar TAR_ENTRY_ERROR ENOENT: no such file or directory, open 'C:\Users\xussn\Desktop\kurs\lms-project\node_modules\next\dist\esm\server\api-utils\index.js.map'
npm warn tar TAR_ENTRY_ERROR ENOENT: no such file or directory, open 'C:\Users\xussn\Desktop\kurs\lms-project\node_modules\next\dist\esm\server\base-http\index.js.map'
npm warn tar TAR_ENTRY_ERROR ENOENT: no such file or directory, open 'C:\Users\xussn\Desktop\kurs\lms-project\node_modules\next\dist\esm\server\lib\incremental-cache\index.js.map'
npm warn tar TAR_ENTRY_ERROR ENOENT: no such file or directory, open 'C:\Users\xussn\Desktop\kurs\lms-project\node_modules\next\dist\esm\server\normalizers\built\app\index.js.map'
npm warn tar TAR_ENTRY_ERROR ENOENT: no such file or directory, open 'C:\Users\xussn\Desktop\kurs\lms-project\node_modules\next\dist\esm\server\normalizers\built\pages\index.js.map'
npm warn tar TAR_ENTRY_ERROR ENOENT: no such file or directory, open 'C:\Users\xussn\Desktop\kurs\lms-project\node_modules\next\dist\esm\server\response-cache\index.js.map'
npm warn tar TAR_ENTRY_ERROR ENOENT: no such file or directory, open 'C:\Users\xussn\Desktop\kurs\lms-project\node_modules\next\dist\esm\server\typescript\index.js.map'
npm warn tar TAR_ENTRY_ERROR ENOENT: no such file or directory, open 'C:\Users\xussn\Desktop\kurs\lms-project\node_modules\next\dist\esm\server\web\exports\index.js.map'
npm warn tar TAR_ENTRY_ERROR ENOENT: no such file or directory, open 'C:\Users\xussn\Desktop\kurs\lms-project\node_modules\next\dist\esm\server\web\sandbox\index.js.map'
npm warn tar TAR_ENTRY_ERROR ENOENT: no such file or directory, open 'C:\Users\xussn\Desktop\kurs\lms-project\node_modules\next\dist\esm\shared\lib\router\utils\index.js.map'
npm warn tar TAR_ENTRY_ERROR ENOENT: no such file or directory, open 'C:\Users\xussn\Desktop\kurs\lms-project\node_modules\next\dist\experimental\testing\server\index.js.map'
npm warn tar TAR_ENTRY_ERROR ENOENT: no such file or directory, open 'C:\Users\xussn\Desktop\kurs\lms-project\node_modules\next\dist\experimental\testmode\playwright\index.js.map'
npm warn tar TAR_ENTRY_ERROR ENOENT: no such file or directory, open 'C:\Users\xussn\Desktop\kurs\lms-project\node_modules\next\dist\experimental\testmode\proxy\index.js.map'
npm warn tar TAR_ENTRY_ERROR ENOENT: no such file or directory, open 'C:\Users\xussn\Desktop\kurs\lms-project\node_modules\next\dist\export\index.js.map'
npm warn tar TAR_ENTRY_ERROR ENOENT: no such file or directory, open 'C:\Users\xussn\Desktop\kurs\lms-project\node_modules\next\dist\next-devtools\userspace\app\errors\index.js.map'
npm warn tar TAR_ENTRY_ERROR ENOENT: no such file or directory, open 'C:\Users\xussn\Desktop\kurs\lms-project\node_modules\next\dist\server\after\index.js.map'
npm warn tar TAR_ENTRY_ERROR ENOENT: no such file or directory, open 'C:\Users\xussn\Desktop\kurs\lms-project\node_modules\next\dist\server\api-utils\index.js.map'
npm warn tar TAR_ENTRY_ERROR ENOENT: no such file or directory, open 'C:\Users\xussn\Desktop\kurs\lms-project\node_modules\next\dist\server\base-http\index.js.map'
npm warn tar TAR_ENTRY_ERROR ENOENT: no such file or directory, open 'C:\Users\xussn\Desktop\kurs\lms-project\node_modules\next\dist\server\lib\incremental-cache\index.js.map'
npm warn tar TAR_ENTRY_ERROR ENOENT: no such file or directory, open 'C:\Users\xussn\Desktop\kurs\lms-project\node_modules\next\dist\server\normalizers\built\app\index.js.map'
npm warn tar TAR_ENTRY_ERROR ENOENT: no such file or directory, open 'C:\Users\xussn\Desktop\kurs\lms-project\node_modules\next\dist\server\normalizers\built\pages\index.js.map'
npm warn tar TAR_ENTRY_ERROR ENOENT: no such file or directory, open 'C:\Users\xussn\Desktop\kurs\lms-project\node_modules\next\dist\server\response-cache\index.js.map'
npm warn tar TAR_ENTRY_ERROR ENOENT: no such file or directory, open 'C:\Users\xussn\Desktop\kurs\lms-project\node_modules\next\dist\server\typescript\index.js.map'
npm warn tar TAR_ENTRY_ERROR ENOENT: no such file or directory, open 'C:\Users\xussn\Desktop\kurs\lms-project\node_modules\next\dist\server\web\exports\index.js.map'
npm warn tar TAR_ENTRY_ERROR ENOENT: no such file or directory, open 'C:\Users\xussn\Desktop\kurs\lms-project\node_modules\next\dist\server\web\sandbox\index.js.map'
npm warn tar TAR_ENTRY_ERROR ENOENT: no such file or directory, open 'C:\Users\xussn\Desktop\kurs\lms-project\node_modules\next\dist\shared\lib\router\utils\index.js.map'
npm warn tar TAR_ENTRY_ERROR ENOENT: no such file or directory, open 'C:\Users\xussn\Desktop\kurs\lms-project\node_modules\next\dist\telemetry\events\index.js.map'
npm warn tar TAR_ENTRY_ERROR ENOENT: no such file or directory, open 'C:\Users\xussn\Desktop\kurs\lms-project\node_modules\next\dist\trace\index.js.map'
npm warn tar TAR_ENTRY_ERROR ENOENT: no such file or directory, open 'C:\Users\xussn\Desktop\kurs\lms-project\node_modules\next\dist\trace\report\index.js.map'
npm warn tar TAR_ENTRY_ERROR ENOENT: no such file or directory, open 'C:\Users\xussn\Desktop\kurs\lms-project\node_modules\next\dist\trace\report\index.test.js.map'
npm warn tar TAR_ENTRY_ERROR ENOENT: no such file or directory, open 'C:\Users\xussn\Desktop\kurs\lms-project\node_modules\next\dist\build\webpack\loaders\next-style-loader\runtime\injectStylesIntoLinkTag.js.map'
npm warn tar TAR_ENTRY_ERROR ENOENT: no such file or directory, open 'C:\Users\xussn\Desktop\kurs\lms-project\node_modules\next\dist\esm\build\webpack\loaders\next-style-loader\runtime\injectStylesIntoLinkTag.js.map'
npm warn tar TAR_ENTRY_ERROR ENOENT: no such file or directory, open 'C:\Users\xussn\Desktop\kurs\lms-project\node_modules\next\dist\build\webpack\loaders\next-style-loader\runtime\injectStylesIntoStyleTag.js.map'
npm warn tar TAR_ENTRY_ERROR ENOENT: no such file or directory, open 'C:\Users\xussn\Desktop\kurs\lms-project\node_modules\next\dist\esm\build\webpack\loaders\next-style-loader\runtime\injectStylesIntoStyleTag.js.map'
npm warn tar TAR_ENTRY_ERROR ENOENT: no such file or directory, open 'C:\Users\xussn\Desktop\kurs\lms-project\node_modules\next\dist\esm\lib\inline-static-env.js.map'
npm warn tar TAR_ENTRY_ERROR ENOENT: no such file or directory, open 'C:\Users\xussn\Desktop\kurs\lms-project\node_modules\next\dist\build\swc\install-bindings.js.map'
npm warn tar TAR_ENTRY_ERROR ENOENT: no such file or directory, open 'C:\Users\xussn\Desktop\kurs\lms-project\node_modules\next\dist\esm\build\swc\install-bindings.js.map'
npm warn tar TAR_ENTRY_ERROR ENOENT: no such file or directory, open 'C:\Users\xussn\Desktop\kurs\lms-project\node_modules\next\dist\esm\server\lib\install-code-frame.js.map'
npm warn tar TAR_ENTRY_ERROR ENOENT: no such file or directory, open 'C:\Users\xussn\Desktop\kurs\lms-project\node_modules\next\dist\server\lib\install-code-frame.js.map'
npm warn tar TAR_ENTRY_ERROR ENOENT: no such file or directory, open 'C:\Users\xussn\Desktop\kurs\lms-project\node_modules\next\dist\esm\lib\install-dependencies.js.map'
npm warn tar TAR_ENTRY_ERROR ENOENT: no such file or directory, open 'C:\Users\xussn\Desktop\kurs\lms-project\node_modules\next\dist\esm\lib\helpers\install.js.map'
npm warn tar TAR_ENTRY_ERROR ENOENT: no such file or directory, open 'C:\Users\xussn\Desktop\kurs\lms-project\node_modules\next\dist\lib\helpers\install.js.map'
npm warn tar TAR_ENTRY_ERROR ENOENT: no such file or directory, open 'C:\Users\xussn\Desktop\kurs\lms-project\node_modules\next\dist\esm\server\app-render\instant-validation\instant-config.js.map'
npm warn tar TAR_ENTRY_ERROR ENOENT: no such file or directory, open 'C:\Users\xussn\Desktop\kurs\lms-project\node_modules\next\dist\server\app-render\instant-validation\instant-config.js.map'
npm warn tar TAR_ENTRY_ERROR ENOENT: no such file or directory, open 'C:\Users\xussn\Desktop\kurs\lms-project\node_modules\next\dist\esm\server\app-render\instant-validation\instant-samples-client.js.map'
npm warn tar TAR_ENTRY_ERROR ENOENT: no such file or directory, open 'C:\Users\xussn\Desktop\kurs\lms-project\node_modules\next\dist\server\app-render\instant-validation\instant-samples-client.js.map'
npm warn tar TAR_ENTRY_ERROR ENOENT: no such file or directory, open 'C:\Users\xussn\Desktop\kurs\lms-project\node_modules\next\dist\esm\server\app-render\instant-validation\instant-samples.js.map'
npm warn tar TAR_ENTRY_ERROR ENOENT: no such file or directory, open 'C:\Users\xussn\Desktop\kurs\lms-project\node_modules\next\dist\server\app-render\instant-validation\instant-samples.js.map'
npm warn tar TAR_ENTRY_ERROR ENOENT: no such file or directory, open 'C:\Users\xussn\Desktop\kurs\lms-project\node_modules\next\dist\esm\server\app-render\instant-validation\instant-validation-error.js.map'
npm warn tar TAR_ENTRY_ERROR ENOENT: no such file or directory, open 'C:\Users\xussn\Desktop\kurs\lms-project\node_modules\next\dist\server\app-render\instant-validation\instant-validation-error.js.map'
npm warn tar TAR_ENTRY_ERROR ENOENT: no such file or directory, open 'C:\Users\xussn\Desktop\kurs\lms-project\node_modules\next\dist\esm\server\app-render\instant-validation\instant-validation.js.map'
npm warn tar TAR_ENTRY_ERROR ENOENT: no such file or directory, open 'C:\Users\xussn\Desktop\kurs\lms-project\node_modules\next\dist\server\app-render\instant-validation\instant-validation.js.map'
npm warn tar TAR_ENTRY_ERROR ENOENT: no such file or directory, open 'C:\Users\xussn\Desktop\kurs\lms-project\node_modules\next\dist\esm\server\lib\router-utils\instrumentation-globals.external.js.map'
npm warn tar TAR_ENTRY_ERROR ENOENT: no such file or directory, open 'C:\Users\xussn\Desktop\kurs\lms-project\node_modules\next\dist\server\lib\router-utils\instrumentation-globals.external.js.map'
npm warn tar TAR_ENTRY_ERROR ENOENT: no such file or directory, open 'C:\Users\xussn\Desktop\kurs\lms-project\node_modules\next\dist\esm\server\lib\router-utils\instrumentation-node-extensions.js.map'
npm warn tar TAR_ENTRY_ERROR ENOENT: no such file or directory, open 'C:\Users\xussn\Desktop\kurs\lms-project\node_modules\next\dist\server\lib\router-utils\instrumentation-node-extensions.js.map'
npm warn tar TAR_ENTRY_ERROR ENOENT: no such file or directory, open 'C:\Users\xussn\Desktop\kurs\lms-project\node_modules\next\dist\esm\next-devtools\userspace\app\errors\intercept-console-error.js.map'
npm warn tar TAR_ENTRY_ERROR ENOENT: no such file or directory, open 'C:\Users\xussn\Desktop\kurs\lms-project\node_modules\next\dist\next-devtools\userspace\app\errors\intercept-console-error.js.map'
npm warn tar TAR_ENTRY_ERROR ENOENT: no such file or directory, open 'C:\Users\xussn\Desktop\kurs\lms-project\node_modules\next\dist\esm\shared\lib\router\utils\interception-prefix-from-param-type.js.map'
npm warn tar TAR_ENTRY_ERROR ENOENT: no such file or directory, open 'C:\Users\xussn\Desktop\kurs\lms-project\node_modules\next\dist\shared\lib\router\utils\interception-prefix-from-param-type.js.map'
npm warn tar TAR_ENTRY_ERROR ENOENT: no such file or directory, open 'C:\Users\xussn\Desktop\kurs\lms-project\node_modules\next\dist\esm\shared\lib\router\utils\interception-routes.js.map'
npm warn tar TAR_ENTRY_ERROR ENOENT: no such file or directory, open 'C:\Users\xussn\Desktop\kurs\lms-project\node_modules\next\dist\shared\lib\router\utils\interception-routes.js.map'
npm warn tar TAR_ENTRY_ERROR ENOENT: no such file or directory, open 'C:\Users\xussn\Desktop\kurs\lms-project\node_modules\next\dist\build\webpack\loaders\lightningcss-loader\src\interface.js.map'
npm warn tar TAR_ENTRY_ERROR ENOENT: no such file or directory, open 'C:\Users\xussn\Desktop\kurs\lms-project\node_modules\next\dist\esm\build\webpack\loaders\lightningcss-loader\src\interface.js.map'
npm warn tar TAR_ENTRY_ERROR ENOENT: no such file or directory, open 'C:\Users\xussn\Desktop\kurs\lms-project\node_modules\next\dist\esm\server\web\internal-edge-wait-until.js.map'
npm warn tar TAR_ENTRY_ERROR ENOENT: no such file or directory, open 'C:\Users\xussn\Desktop\kurs\lms-project\node_modules\next\dist\server\web\internal-edge-wait-until.js.map'
npm warn tar TAR_ENTRY_ERROR ENOENT: no such file or directory, open 'C:\Users\xussn\Desktop\kurs\lms-project\node_modules\next\dist\esm\shared\lib\turbopack\internal-error.js.map'
npm warn tar TAR_ENTRY_ERROR ENOENT: no such file or directory, open 'C:\Users\xussn\Desktop\kurs\lms-project\node_modules\next\dist\shared\lib\turbopack\internal-error.js.map'
npm warn tar TAR_ENTRY_ERROR ENOENT: no such file or directory, open 'C:\Users\xussn\Desktop\kurs\lms-project\node_modules\next\dist\esm\lib\interop-default.js.map'
npm warn tar TAR_ENTRY_ERROR ENOENT: no such file or directory, open 'C:\Users\xussn\Desktop\kurs\lms-project\node_modules\next\dist\esm\server\app-render\interop-default.js.map'
npm warn tar TAR_ENTRY_ERROR ENOENT: no such file or directory, open 'C:\Users\xussn\Desktop\kurs\lms-project\node_modules\next\dist\server\app-render\interop-default.js.map'
npm warn tar TAR_ENTRY_ERROR ENOENT: no such file or directory, open 'C:\Users\xussn\Desktop\kurs\lms-project\node_modules\next\dist\esm\shared\lib\router\utils\interpolate-as.js.map'
npm warn tar TAR_ENTRY_ERROR ENOENT: no such file or directory, open 'C:\Users\xussn\Desktop\kurs\lms-project\node_modules\next\dist\shared\lib\router\utils\interpolate-as.js.map'
npm warn tar TAR_ENTRY_ERROR ENOENT: no such file or directory, open 'C:\Users\xussn\Desktop\kurs\lms-project\node_modules\next\dist\esm\shared\lib\invariant-error.js.map'
npm warn tar TAR_ENTRY_ERROR ENOENT: no such file or directory, open 'C:\Users\xussn\Desktop\kurs\lms-project\node_modules\next\dist\shared\lib\invariant-error.js.map'
npm warn tar TAR_ENTRY_ERROR ENOENT: no such file or directory, open 'C:\Users\xussn\Desktop\kurs\lms-project\node_modules\next\dist\esm\server\node-environment-extensions\io-utils.js.map'
npm warn tar TAR_ENTRY_ERROR ENOENT: no such file or directory, open 'C:\Users\xussn\Desktop\kurs\lms-project\node_modules\next\dist\server\node-environment-extensions\io-utils.js.map'
npm warn tar TAR_ENTRY_ERROR ENOENT: no such file or directory, open 'C:\Users\xussn\Desktop\kurs\lms-project\node_modules\next\dist\esm\lib\is-api-route.js.map'
npm warn tar TAR_ENTRY_ERROR ENOENT: no such file or directory, open 'C:\Users\xussn\Desktop\kurs\lms-project\node_modules\next\dist\esm\lib\is-app-page-route.js.map'
npm warn tar TAR_ENTRY_ERROR ENOENT: no such file or directory, open 'C:\Users\xussn\Desktop\kurs\lms-project\node_modules\next\dist\esm\lib\is-app-route-route.js.map'
npm warn tar TAR_ENTRY_ERROR ENOENT: no such file or directory, open 'C:\Users\xussn\Desktop\kurs\lms-project\node_modules\next\dist\esm\shared\lib\router\utils\is-bot.js.map'
npm warn tar TAR_ENTRY_ERROR ENOENT: no such file or directory, open 'C:\Users\xussn\Desktop\kurs\lms-project\node_modules\next\dist\shared\lib\router\utils\is-bot.js.map'
npm warn tar TAR_ENTRY_ERROR ENOENT: no such file or directory, open 'C:\Users\xussn\Desktop\kurs\lms-project\node_modules\next\dist\esm\export\helpers\is-dynamic-usage-error.js.map'
npm warn tar TAR_ENTRY_ERROR ENOENT: no such file or directory, open 'C:\Users\xussn\Desktop\kurs\lms-project\node_modules\next\dist\export\helpers\is-dynamic-usage-error.js.map'
npm warn tar TAR_ENTRY_ERROR ENOENT: no such file or directory, open 'C:\Users\xussn\Desktop\kurs\lms-project\node_modules\next\dist\esm\shared\lib\router\utils\is-dynamic.js.map'
npm warn tar TAR_ENTRY_ERROR ENOENT: no such file or directory, open 'C:\Users\xussn\Desktop\kurs\lms-project\node_modules\next\dist\shared\lib\router\utils\is-dynamic.js.map'
npm warn tar TAR_ENTRY_ERROR ENOENT: no such file or directory, open 'C:\Users\xussn\Desktop\kurs\lms-project\node_modules\next\dist\esm\lib\is-edge-runtime.js.map'
npm warn tar TAR_ENTRY_ERROR ENOENT: no such file or directory, open 'C:\Users\xussn\Desktop\kurs\lms-project\node_modules\next\dist\esm\lib\is-error.js.map'
npm warn tar TAR_ENTRY_ERROR ENOENT: no such file or directory, open 'C:\Users\xussn\Desktop\kurs\lms-project\node_modules\next\dist\esm\lib\is-interception-route-rewrite.js.map'
npm warn tar TAR_ENTRY_ERROR ENOENT: no such file or directory, open 'C:\Users\xussn\Desktop\kurs\lms-project\node_modules\next\dist\esm\lib\is-internal-component.js.map'
npm warn tar TAR_ENTRY_ERROR ENOENT: no such file or directory, open 'C:\Users\xussn\Desktop\kurs\lms-project\node_modules\next\dist\esm\shared\lib\is-internal.js.map'
npm warn tar TAR_ENTRY_ERROR ENOENT: no such file or directory, open 'C:\Users\xussn\Desktop\kurs\lms-project\node_modules\next\dist\shared\lib\is-internal.js.map'
npm warn tar TAR_ENTRY_ERROR ENOENT: no such file or directory, open 'C:\Users\xussn\Desktop\kurs\lms-project\node_modules\next\dist\esm\server\lib\is-ipv6.js.map'
npm warn tar TAR_ENTRY_ERROR ENOENT: no such file or directory, open 'C:\Users\xussn\Desktop\kurs\lms-project\node_modules\next\dist\server\lib\is-ipv6.js.map'
npm warn tar TAR_ENTRY_ERROR ENOENT: no such file or directory, open 'C:\Users\xussn\Desktop\kurs\lms-project\node_modules\next\dist\esm\shared\lib\router\utils\is-local-url.js.map'
npm warn tar TAR_ENTRY_ERROR ENOENT: no such file or directory, open 'C:\Users\xussn\Desktop\kurs\lms-project\node_modules\next\dist\shared\lib\router\utils\is-local-url.js.map'
npm warn tar TAR_ENTRY_ERROR ENOENT: no such file or directory, open 'C:\Users\xussn\Desktop\kurs\lms-project\node_modules\next\dist\esm\lib\metadata\is-metadata-route.js.map'
npm warn tar TAR_ENTRY_ERROR ENOENT: no such file or directory, open 'C:\Users\xussn\Desktop\kurs\lms-project\node_modules\next\dist\lib\metadata\is-metadata-route.js.map'
npm warn tar TAR_ENTRY_ERROR ENOENT: no such file or directory, open 'C:\Users\xussn\Desktop\kurs\lms-project\node_modules\next\dist\client\components\router-reducer\is-navigating-to-new-root-layout.js.map'
npm warn tar TAR_ENTRY_ERROR ENOENT: no such file or directory, open 'C:\Users\xussn\Desktop\kurs\lms-project\node_modules\next\dist\esm\client\components\router-reducer\is-navigating-to-new-root-layout.js.map'
npm warn tar TAR_ENTRY_ERROR ENOENT: no such file or directory, open 'C:\Users\xussn\Desktop\kurs\lms-project\node_modules\next\dist\esm\client\components\is-next-router-error.js.map'
npm warn tar TAR_ENTRY_ERROR ENOENT: no such file or directory, open 'C:\Users\xussn\Desktop\kurs\lms-project\node_modules\next\dist\esm\shared\lib\is-plain-object.js.map'
npm warn tar TAR_ENTRY_ERROR ENOENT: no such file or directory, open 'C:\Users\xussn\Desktop\kurs\lms-project\node_modules\next\dist\shared\lib\is-plain-object.js.map'
npm warn tar TAR_ENTRY_ERROR ENOENT: no such file or directory, open 'C:\Users\xussn\Desktop\kurs\lms-project\node_modules\next\dist\esm\server\lib\router-utils\is-postpone.js.map'
npm warn tar TAR_ENTRY_ERROR ENOENT: no such file or directory, open 'C:\Users\xussn\Desktop\kurs\lms-project\node_modules\next\dist\server\lib\router-utils\is-postpone.js.map'
npm warn tar TAR_ENTRY_ERROR ENOENT: no such file or directory, open 'C:\Users\xussn\Desktop\kurs\lms-project\node_modules\next\dist\esm\server\lib\is-rsc-request.js.map'
npm warn tar TAR_ENTRY_ERROR ENOENT: no such file or directory, open 'C:\Users\xussn\Desktop\kurs\lms-project\node_modules\next\dist\server\lib\is-rsc-request.js.map'
npm warn tar TAR_ENTRY_ERROR ENOENT: no such file or directory, open 'C:\Users\xussn\Desktop\kurs\lms-project\node_modules\next\dist\esm\lib\is-serializable-props.js.map'
npm warn tar TAR_ENTRY_ERROR ENOENT: no such file or directory, open 'C:\Users\xussn\Desktop\kurs\lms-project\node_modules\next\dist\esm\server\route-modules\app-route\helpers\is-static-gen-enabled.js.map'
npm warn tar TAR_ENTRY_ERROR ENOENT: no such file or directory, open 'C:\Users\xussn\Desktop\kurs\lms-project\node_modules\next\dist\server\route-modules\app-route\helpers\is-static-gen-enabled.js.map'
npm warn tar TAR_ENTRY_ERROR ENOENT: no such file or directory, open 'C:\Users\xussn\Desktop\kurs\lms-project\node_modules\next\dist\esm\shared\lib\is-thenable.js.map'
npm warn tar TAR_ENTRY_ERROR ENOENT: no such file or directory, open 'C:\Users\xussn\Desktop\kurs\lms-project\node_modules\next\dist\shared\lib\is-thenable.js.map'
npm warn tar TAR_ENTRY_ERROR ENOENT: no such file or directory, open 'C:\Users\xussn\Desktop\kurs\lms-project\node_modules\next\dist\build\is-writeable.js.map'
npm warn tar TAR_ENTRY_ERROR ENOENT: no such file or directory, open 'C:\Users\xussn\Desktop\kurs\lms-project\node_modules\next\dist\build\webpack\loaders\next-style-loader\runtime\isEqualLocals.js.map'
npm warn tar TAR_ENTRY_ERROR ENOENT: no such file or directory, open 'C:\Users\xussn\Desktop\kurs\lms-project\node_modules\next\dist\esm\build\webpack\loaders\next-style-loader\runtime\isEqualLocals.js.map'
npm warn tar TAR_ENTRY_ERROR ENOENT: no such file or directory, open 'C:\Users\xussn\Desktop\kurs\lms-project\node_modules\next\dist\client\lib\javascript-url.js.map'
npm warn tar TAR_ENTRY_ERROR ENOENT: no such file or directory, open 'C:\Users\xussn\Desktop\kurs\lms-project\node_modules\next\dist\esm\client\lib\javascript-url.js.map'
npm warn tar TAR_ENTRY_ERROR ENOENT: no such file or directory, open 'C:\Users\xussn\Desktop\kurs\lms-project\node_modules\next\dist\build\swc\jest-transformer.js.map'
npm warn tar TAR_ENTRY_ERROR ENOENT: no such file or directory, open 'C:\Users\xussn\Desktop\kurs\lms-project\node_modules\next\dist\esm\build\swc\jest-transformer.js.map'
npm warn tar TAR_ENTRY_ERROR ENOENT: no such file or directory, open 'C:\Users\xussn\Desktop\kurs\lms-project\node_modules\next\dist\build\jest\jest.js.map'
npm warn tar TAR_ENTRY_ERROR ENOENT: no such file or directory, open 'C:\Users\xussn\Desktop\kurs\lms-project\node_modules\next\dist\build\webpack\loaders\resolve-url-loader\lib\join-function.js.map'
npm warn tar TAR_ENTRY_ERROR ENOENT: no such file or directory, open 'C:\Users\xussn\Desktop\kurs\lms-project\node_modules\next\dist\esm\build\webpack\loaders\resolve-url-loader\lib\join-function.js.map'
npm warn tar TAR_ENTRY_ERROR ENOENT: no such file or directory, open 'C:\Users\xussn\Desktop\kurs\lms-project\node_modules\next\dist\build\webpack\plugins\jsconfig-paths-plugin.js.map'
npm warn tar TAR_ENTRY_ERROR ENOENT: no such file or directory, open 'C:\Users\xussn\Desktop\kurs\lms-project\node_modules\next\dist\esm\build\webpack\plugins\jsconfig-paths-plugin.js.map'
npm warn tar TAR_ENTRY_ERROR ENOENT: no such file or directory, open 'C:\Users\xussn\Desktop\kurs\lms-project\node_modules\next\dist\build\babel\plugins\jsx-pragma.js.map'
npm warn tar TAR_ENTRY_ERROR ENOENT: no such file or directory, open 'C:\Users\xussn\Desktop\kurs\lms-project\node_modules\next\dist\esm\build\babel\plugins\jsx-pragma.js.map'
npm warn tar TAR_ENTRY_ERROR ENOENT: no such file or directory, open 'C:\Users\xussn\Desktop\kurs\lms-project\node_modules\next\dist\next-devtools\server\launch-editor.js.map'
npm warn tar TAR_ENTRY_ERROR ENOENT: no such file or directory, open 'C:\Users\xussn\Desktop\kurs\lms-project\node_modules\next\dist\esm\client\components\layout-router.js.map'
npm warn tar TAR_ENTRY_ERROR ENOENT: no such file or directory, open 'C:\Users\xussn\Desktop\kurs\lms-project\node_modules\next\dist\client\components\builtin\layout.js.map'
npm warn tar TAR_ENTRY_ERROR ENOENT: no such file or directory, open 'C:\Users\xussn\Desktop\kurs\lms-project\node_modules\next\dist\esm\client\components\builtin\layout.js.map'
npm warn tar TAR_ENTRY_ERROR ENOENT: no such file or directory, open 'C:\Users\xussn\Desktop\kurs\lms-project\node_modules\next\dist\esm\server\lib\lazy-result.js.map'
npm warn tar TAR_ENTRY_ERROR ENOENT: no such file or directory, open 'C:\Users\xussn\Desktop\kurs\lms-project\node_modules\next\dist\server\lib\lazy-result.js.map'
npm warn tar TAR_ENTRY_ERROR ENOENT: no such file or directory, open 'C:\Users\xussn\Desktop\kurs\lms-project\node_modules\next\dist\api\link.js.map'
npm warn tar TAR_ENTRY_ERROR ENOENT: no such file or directory, open 'C:\Users\xussn\Desktop\kurs\lms-project\node_modules\next\dist\client\app-dir\link.js.map'
npm warn tar TAR_ENTRY_ERROR ENOENT: no such file or directory, open 'C:\Users\xussn\Desktop\kurs\lms-project\node_modules\next\dist\esm\api\link.js.map'
npm warn tar TAR_ENTRY_ERROR ENOENT: no such file or directory, open 'C:\Users\xussn\Desktop\kurs\lms-project\node_modules\next\dist\esm\client\app-dir\link.js.map'
npm warn tar TAR_ENTRY_ERROR ENOENT: no such file or directory, open 'C:\Users\xussn\Desktop\kurs\lms-project\node_modules\next\dist\esm\client\link.js.map'
npm warn tar TAR_ENTRY_ERROR ENOENT: no such file or directory, open 'C:\Users\xussn\Desktop\kurs\lms-project\node_modules\next\dist\client\app-dir\link.react-server.js.map'
npm warn tar TAR_ENTRY_ERROR ENOENT: no such file or directory, open 'C:\Users\xussn\Desktop\kurs\lms-project\node_modules\next\dist\esm\client\app-dir\link.react-server.js.map'
npm warn tar TAR_ENTRY_ERROR ENOENT: no such file or directory, open 'C:\Users\xussn\Desktop\kurs\lms-project\node_modules\next\dist\esm\client\components\links.js.map'
npm warn tar TAR_ENTRY_ERROR ENOENT: no such file or directory, open 'C:\Users\xussn\Desktop\kurs\lms-project\node_modules\next\dist\esm\lib\load-custom-routes.js.map'
npm warn tar TAR_ENTRY_ERROR ENOENT: no such file or directory, open 'C:\Users\xussn\Desktop\kurs\lms-project\node_modules\next\dist\build\load-entrypoint.js.map'
npm warn tar TAR_ENTRY_ERROR ENOENT: no such file or directory, open 'C:\Users\xussn\Desktop\kurs\lms-project\node_modules\next\dist\build\load-jsconfig.js.map'
npm warn tar TAR_ENTRY_ERROR ENOENT: no such file or directory, open 'C:\Users\xussn\Desktop\kurs\lms-project\node_modules\next\dist\esm\server\route-modules\pages\vendored\contexts\loadable-context.js.map'
npm warn tar TAR_ENTRY_ERROR ENOENT: no such file or directory, open 'C:\Users\xussn\Desktop\kurs\lms-project\node_modules\next\dist\server\route-modules\pages\vendored\contexts\loadable-context.js.map'
npm warn tar TAR_ENTRY_ERROR ENOENT: no such file or directory, open 'C:\Users\xussn\Desktop\kurs\lms-project\node_modules\next\dist\esm\shared\lib\loadable-context.shared-runtime.js.map'
npm warn tar TAR_ENTRY_ERROR ENOENT: no such file or directory, open 'C:\Users\xussn\Desktop\kurs\lms-project\node_modules\next\dist\shared\lib\loadable-context.shared-runtime.js.map'
npm warn tar TAR_ENTRY_ERROR ENOENT: no such file or directory, open 'C:\Users\xussn\Desktop\kurs\lms-project\node_modules\next\dist\esm\server\route-modules\pages\vendored\contexts\loadable.js.map'
npm warn tar TAR_ENTRY_ERROR ENOENT: no such file or directory, open 'C:\Users\xussn\Desktop\kurs\lms-project\node_modules\next\dist\esm\shared\lib\lazy-dynamic\loadable.js.map'
npm warn tar TAR_ENTRY_ERROR ENOENT: no such file or directory, open 'C:\Users\xussn\Desktop\kurs\lms-project\node_modules\next\dist\server\route-modules\pages\vendored\contexts\loadable.js.map'
npm warn tar TAR_ENTRY_ERROR ENOENT: no such file or directory, open 'C:\Users\xussn\Desktop\kurs\lms-project\node_modules\next\dist\shared\lib\lazy-dynamic\loadable.js.map'
npm warn tar TAR_ENTRY_ERROR ENOENT: no such file or directory, open 'C:\Users\xussn\Desktop\kurs\lms-project\node_modules\next\dist\esm\shared\lib\loadable.shared-runtime.js.map'
npm warn tar TAR_ENTRY_ERROR ENOENT: no such file or directory, open 'C:\Users\xussn\Desktop\kurs\lms-project\node_modules\next\dist\shared\lib\loadable.shared-runtime.js.map'
npm warn tar TAR_ENTRY_ERROR ENOENT: no such file or directory, open 'C:\Users\xussn\Desktop\kurs\lms-project\node_modules\next\dist\build\webpack\loaders\lightningcss-loader\src\loader.js.map'
npm warn tar TAR_ENTRY_ERROR ENOENT: no such file or directory, open 'C:\Users\xussn\Desktop\kurs\lms-project\node_modules\next\dist\compiled\@next\react-refresh-utils\dist\loader.js.map'
npm warn tar TAR_ENTRY_ERROR ENOENT: no such file or directory, open 'C:\Users\xussn\Desktop\kurs\lms-project\node_modules\next\dist\esm\build\webpack\loaders\lightningcss-loader\src\loader.js.map'
npm warn tar TAR_ENTRY_ERROR ENOENT: no such file or directory, open 'C:\Users\xussn\Desktop\kurs\lms-project\node_modules\next\dist\build\swc\loaderWorkerPool.js.map'
npm warn tar TAR_ENTRY_ERROR ENOENT: no such file or directory, open 'C:\Users\xussn\Desktop\kurs\lms-project\node_modules\next\dist\esm\build\swc\loaderWorkerPool.js.map'
npm warn tar TAR_ENTRY_ERROR ENOENT: no such file or directory, open 'C:\Users\xussn\Desktop\kurs\lms-project\node_modules\next\dist\esm\server\route-definitions\locale-route-definition.js.map'
npm warn tar TAR_ENTRY_ERROR ENOENT: no such file or directory, open 'C:\Users\xussn\Desktop\kurs\lms-project\node_modules\next\dist\server\route-definitions\locale-route-definition.js.map'
npm warn tar TAR_ENTRY_ERROR ENOENT: no such file or directory, open 'C:\Users\xussn\Desktop\kurs\lms-project\node_modules\next\dist\esm\server\route-matches\locale-route-match.js.map'
npm warn tar TAR_ENTRY_ERROR ENOENT: no such file or directory, open 'C:\Users\xussn\Desktop\kurs\lms-project\node_modules\next\dist\server\route-matches\locale-route-match.js.map'
npm warn tar TAR_ENTRY_ERROR ENOENT: no such file or directory, open 'C:\Users\xussn\Desktop\kurs\lms-project\node_modules\next\dist\esm\server\route-matchers\locale-route-matcher.js.map'
npm warn tar TAR_ENTRY_ERROR ENOENT: no such file or directory, open 'C:\Users\xussn\Desktop\kurs\lms-project\node_modules\next\dist\server\route-matchers\locale-route-matcher.js.map'
npm warn tar TAR_ENTRY_ERROR ENOENT: no such file or directory, open 'C:\Users\xussn\Desktop\kurs\lms-project\node_modules\next\dist\esm\server\normalizers\locale-route-normalizer.js.map'
npm warn tar TAR_ENTRY_ERROR ENOENT: no such file or directory, open 'C:\Users\xussn\Desktop\kurs\lms-project\node_modules\next\dist\server\normalizers\locale-route-normalizer.js.map'
npm warn tar TAR_ENTRY_ERROR ENOENT: no such file or directory, open 'C:\Users\xussn\Desktop\kurs\lms-project\node_modules\next\dist\build\lockfile.js.map'
npm warn tar TAR_ENTRY_ERROR ENOENT: no such file or directory, open 'C:\Users\xussn\Desktop\kurs\lms-project\node_modules\next\dist\esm\server\dev\log-requests.js.map'
npm warn tar TAR_ENTRY_ERROR ENOENT: no such file or directory, open 'C:\Users\xussn\Desktop\kurs\lms-project\node_modules\next\dist\server\dev\log-requests.js.map'
npm warn tar TAR_ENTRY_ERROR ENOENT: no such file or directory, open 'C:\Users\xussn\Desktop\kurs\lms-project\node_modules\next\dist\build\output\log.js.map'
npm warn tar TAR_ENTRY_ERROR ENOENT: no such file or directory, open 'C:\Users\xussn\Desktop\kurs\lms-project\node_modules\next\dist\esm\build\output\log.js.map'
npm warn tar TAR_ENTRY_ERROR ENOENT: no such file or directory, open 'C:\Users\xussn\Desktop\kurs\lms-project\node_modules\next\dist\esm\server\lib\lru-cache.js.map'
npm warn tar TAR_ENTRY_ERROR ENOENT: no such file or directory, open 'C:\Users\xussn\Desktop\kurs\lms-project\node_modules\next\dist\server\lib\lru-cache.js.map'
npm warn tar TAR_ENTRY_ERROR ENOENT: no such file or directory, open 'C:\Users\xussn\Desktop\kurs\lms-project\node_modules\next\dist\client\components\segment-cache\lru.js.map'
npm warn tar TAR_ENTRY_ERROR ENOENT: no such file or directory, open 'C:\Users\xussn\Desktop\kurs\lms-project\node_modules\next\dist\esm\client\components\segment-cache\lru.js.map'
npm warn tar TAR_ENTRY_ERROR ENOENT: no such file or directory, open 'C:\Users\xussn\Desktop\kurs\lms-project\node_modules\next\dist\esm\shared\lib\magic-identifier.js.map'
npm warn tar TAR_ENTRY_ERROR ENOENT: no such file or directory, open 'C:\Users\xussn\Desktop\kurs\lms-project\node_modules\next\dist\shared\lib\magic-identifier.js.map'
npm warn tar TAR_ENTRY_ERROR ENOENT: no such file or directory, open 'C:\Users\xussn\Desktop\kurs\lms-project\node_modules\next\dist\esm\server\app-render\make-get-server-inserted-html.js.map'
npm warn tar TAR_ENTRY_ERROR ENOENT: no such file or directory, open 'C:\Users\xussn\Desktop\kurs\lms-project\node_modules\next\dist\server\app-render\make-get-server-inserted-html.js.map'
npm warn tar TAR_ENTRY_ERROR ENOENT: no such file or directory, open 'C:\Users\xussn\Desktop\kurs\lms-project\node_modules\next\dist\esm\server\route-matcher-providers\helpers\manifest-loaders\manifest-loader.js.map'
npm warn tar TAR_ENTRY_ERROR ENOENT: no such file or directory, open 'C:\Users\xussn\Desktop\kurs\lms-project\node_modules\next\dist\esm\shared\lib\turbopack\manifest-loader.js.map'
npm warn tar TAR_ENTRY_ERROR ENOENT: no such file or directory, open 'C:\Users\xussn\Desktop\kurs\lms-project\node_modules\next\dist\server\route-matcher-providers\helpers\manifest-loaders\manifest-loader.js.map'
npm warn tar TAR_ENTRY_ERROR ENOENT: no such file or directory, open 'C:\Users\xussn\Desktop\kurs\lms-project\node_modules\next\dist\shared\lib\turbopack\manifest-loader.js.map'
npm warn tar TAR_ENTRY_ERROR ENOENT: no such file or directory, open 'C:\Users\xussn\Desktop\kurs\lms-project\node_modules\next\dist\esm\server\route-matcher-providers\manifest-route-matcher-provider.js.map'
npm warn tar TAR_ENTRY_ERROR ENOENT: no such file or directory, open 'C:\Users\xussn\Desktop\kurs\lms-project\node_modules\next\dist\server\route-matcher-providers\manifest-route-matcher-provider.js.map'
npm warn tar TAR_ENTRY_ERROR ENOENT: no such file or directory, open 'C:\Users\xussn\Desktop\kurs\lms-project\node_modules\next\dist\esm\lib\metadata\types\manifest-types.js.map'
npm warn tar TAR_ENTRY_ERROR ENOENT: no such file or directory, open 'C:\Users\xussn\Desktop\kurs\lms-project\node_modules\next\dist\lib\metadata\types\manifest-types.js.map'
npm warn tar TAR_ENTRY_ERROR ENOENT: no such file or directory, open 'C:\Users\xussn\Desktop\kurs\lms-project\node_modules\next\dist\esm\server\app-render\manifests-singleton.js.map'
npm warn tar TAR_ENTRY_ERROR ENOENT: no such file or directory, open 'C:\Users\xussn\Desktop\kurs\lms-project\node_modules\next\dist\server\app-render\manifests-singleton.js.map'
npm warn tar TAR_ENTRY_ERROR ENOENT: no such file or directory, open 'C:\Users\xussn\Desktop\kurs\lms-project\node_modules\next\dist\esm\shared\lib\match-local-pattern.js.map'
npm warn tar TAR_ENTRY_ERROR ENOENT: no such file or directory, open 'C:\Users\xussn\Desktop\kurs\lms-project\node_modules\next\dist\shared\lib\match-local-pattern.js.map'
npm warn tar TAR_ENTRY_ERROR ENOENT: no such file or directory, open 'C:\Users\xussn\Desktop\kurs\lms-project\node_modules\next\dist\esm\server\lib\match-next-data-pathname.js.map'
npm warn tar TAR_ENTRY_ERROR ENOENT: no such file or directory, open 'C:\Users\xussn\Desktop\kurs\lms-project\node_modules\next\dist\server\lib\match-next-data-pathname.js.map'
npm warn tar TAR_ENTRY_ERROR ENOENT: no such file or directory, open 'C:\Users\xussn\Desktop\kurs\lms-project\node_modules\next\dist\esm\shared\lib\match-remote-pattern.js.map'
npm warn tar TAR_ENTRY_ERROR ENOENT: no such file or directory, open 'C:\Users\xussn\Desktop\kurs\lms-project\node_modules\next\dist\shared\lib\match-remote-pattern.js.map'
npm warn tar TAR_ENTRY_ERROR ENOENT: no such file or directory, open 'C:\Users\xussn\Desktop\kurs\lms-project\node_modules\next\dist\esm\client\components\match-segments.js.map'
npm warn tar TAR_ENTRY_ERROR ENOENT: no such file or directory, open 'C:\Users\xussn\Desktop\kurs\lms-project\node_modules\next\dist\esm\shared\lib\mcp-error-types.js.map'
npm warn tar TAR_ENTRY_ERROR ENOENT: no such file or directory, open 'C:\Users\xussn\Desktop\kurs\lms-project\node_modules\next\dist\shared\lib\mcp-error-types.js.map'
npm warn tar TAR_ENTRY_ERROR ENOENT: no such file or directory, open 'C:\Users\xussn\Desktop\kurs\lms-project\node_modules\next\dist\esm\shared\lib\mcp-page-metadata-types.js.map'
npm warn tar TAR_ENTRY_ERROR ENOENT: no such file or directory, open 'C:\Users\xussn\Desktop\kurs\lms-project\node_modules\next\dist\shared\lib\mcp-page-metadata-types.js.map'
npm warn tar TAR_ENTRY_ERROR ENOENT: no such file or directory, open 'C:\Users\xussn\Desktop\kurs\lms-project\node_modules\next\dist\esm\server\mcp\mcp-telemetry-tracker.js.map'
npm warn tar TAR_ENTRY_ERROR ENOENT: no such file or directory, open 'C:\Users\xussn\Desktop\kurs\lms-project\node_modules\next\dist\server\mcp\mcp-telemetry-tracker.js.map'
npm warn tar TAR_ENTRY_ERROR ENOENT: no such file or directory, open 'C:\Users\xussn\Desktop\kurs\lms-project\node_modules\next\dist\telemetry\events\mcp-telemetry.test.js.map'
npm warn tar TAR_ENTRY_ERROR ENOENT: no such file or directory, open 'C:\Users\xussn\Desktop\kurs\lms-project\node_modules\next\dist\esm\server\lib\incremental-cache\memory-cache.external.js.map'
npm warn tar TAR_ENTRY_ERROR ENOENT: no such file or directory, open 'C:\Users\xussn\Desktop\kurs\lms-project\node_modules\next\dist\server\lib\incremental-cache\memory-cache.external.js.map'
npm warn tar TAR_ENTRY_ERROR ENOENT: no such file or directory, open 'C:\Users\xussn\Desktop\kurs\lms-project\node_modules\next\dist\build\webpack\plugins\memory-with-gc-cache-plugin.js.map'
npm warn tar TAR_ENTRY_ERROR ENOENT: no such file or directory, open 'C:\Users\xussn\Desktop\kurs\lms-project\node_modules\next\dist\esm\build\webpack\plugins\memory-with-gc-cache-plugin.js.map'
npm warn tar TAR_ENTRY_ERROR ENOENT: no such file or directory, open 'C:\Users\xussn\Desktop\kurs\lms-project\node_modules\next\dist\build\webpack\config\blocks\css\messages.js.map'
npm warn tar TAR_ENTRY_ERROR ENOENT: no such file or directory, open 'C:\Users\xussn\Desktop\kurs\lms-project\node_modules\next\dist\build\webpack\config\blocks\images\messages.js.map'
npm warn tar TAR_ENTRY_ERROR ENOENT: no such file or directory, open 'C:\Users\xussn\Desktop\kurs\lms-project\node_modules\next\dist\esm\build\webpack\config\blocks\css\messages.js.map'
npm warn tar TAR_ENTRY_ERROR ENOENT: no such file or directory, open 'C:\Users\xussn\Desktop\kurs\lms-project\node_modules\next\dist\esm\build\webpack\config\blocks\images\messages.js.map'
npm warn tar TAR_ENTRY_ERROR ENOENT: no such file or directory, open 'C:\Users\xussn\Desktop\kurs\lms-project\node_modules\next\dist\esm\server\dev\messages.js.map'
npm warn tar TAR_ENTRY_ERROR ENOENT: no such file or directory, open 'C:\Users\xussn\Desktop\kurs\lms-project\node_modules\next\dist\server\dev\messages.js.map'
npm warn tar TAR_ENTRY_ERROR ENOENT: no such file or directory, open 'C:\Users\xussn\Desktop\kurs\lms-project\node_modules\next\dist\esm\lib\metadata\metadata-context.js.map'
npm warn tar TAR_ENTRY_ERROR ENOENT: no such file or directory, open 'C:\Users\xussn\Desktop\kurs\lms-project\node_modules\next\dist\lib\metadata\metadata-context.js.map'
npm warn tar TAR_ENTRY_ERROR ENOENT: no such file or directory, open 'C:\Users\xussn\Desktop\kurs\lms-project\node_modules\next\dist\esm\lib\metadata\types\metadata-interface.js.map'
npm warn tar TAR_ENTRY_ERROR ENOENT: no such file or directory, open 'C:\Users\xussn\Desktop\kurs\lms-project\node_modules\next\dist\lib\metadata\types\metadata-interface.js.map'
npm warn tar TAR_ENTRY_ERROR ENOENT: no such file or directory, open 'C:\Users\xussn\Desktop\kurs\lms-project\node_modules\next\dist\esm\lib\metadata\types\metadata-types.js.map'
npm warn tar TAR_ENTRY_ERROR ENOENT: no such file or directory, open 'C:\Users\xussn\Desktop\kurs\lms-project\node_modules\next\dist\lib\metadata\types\metadata-types.js.map'
npm warn tar TAR_ENTRY_ERROR ENOENT: no such file or directory, open 'C:\Users\xussn\Desktop\kurs\lms-project\node_modules\next\dist\esm\lib\metadata\metadata.js.map'
npm warn tar TAR_ENTRY_ERROR ENOENT: no such file or directory, open 'C:\Users\xussn\Desktop\kurs\lms-project\node_modules\next\dist\esm\server\typescript\rules\metadata.js.map'
npm warn tar TAR_ENTRY_ERROR ENOENT: no such file or directory, open 'C:\Users\xussn\Desktop\kurs\lms-project\node_modules\next\dist\lib\metadata\metadata.js.map'
npm warn tar TAR_ENTRY_ERROR ENOENT: no such file or directory, open 'C:\Users\xussn\Desktop\kurs\lms-project\node_modules\next\dist\server\typescript\rules\metadata.js.map'
npm warn tar TAR_ENTRY_ERROR ENOENT: no such file or directory, open 'C:\Users\xussn\Desktop\kurs\lms-project\node_modules\next\dist\build\segment-config\middleware\middleware-config.js.map'
npm warn tar TAR_ENTRY_ERROR ENOENT: no such file or directory, open 'C:\Users\xussn\Desktop\kurs\lms-project\node_modules\next\dist\esm\build\segment-config\middleware\middleware-config.js.map'
npm warn tar TAR_ENTRY_ERROR ENOENT: no such file or directory, open 'C:\Users\xussn\Desktop\kurs\lms-project\node_modules\next\dist\build\webpack\plugins\middleware-plugin.js.map'
npm warn tar TAR_ENTRY_ERROR ENOENT: no such file or directory, open 'C:\Users\xussn\Desktop\kurs\lms-project\node_modules\next\dist\esm\build\webpack\plugins\middleware-plugin.js.map'
npm warn tar TAR_ENTRY_ERROR ENOENT: no such file or directory, open 'C:\Users\xussn\Desktop\kurs\lms-project\node_modules\next\dist\next-devtools\server\middleware-response.js.map'
npm warn tar TAR_ENTRY_ERROR ENOENT: no such file or directory, open 'C:\Users\xussn\Desktop\kurs\lms-project\node_modules\next\dist\esm\shared\lib\router\utils\middleware-route-matcher.js.map'
npm warn tar TAR_ENTRY_ERROR ENOENT: no such file or directory, open 'C:\Users\xussn\Desktop\kurs\lms-project\node_modules\next\dist\shared\lib\router\utils\middleware-route-matcher.js.map'
npm warn tar TAR_ENTRY_ERROR ENOENT: no such file or directory, open 'C:\Users\xussn\Desktop\kurs\lms-project\node_modules\next\dist\experimental\testing\server\middleware-testing-utils.js.map'
npm warn tar TAR_ENTRY_ERROR ENOENT: no such file or directory, open 'C:\Users\xussn\Desktop\kurs\lms-project\node_modules\next\dist\esm\server\dev\middleware-turbopack.js.map'
npm warn tar TAR_ENTRY_ERROR ENOENT: no such file or directory, open 'C:\Users\xussn\Desktop\kurs\lms-project\node_modules\next\dist\server\dev\middleware-turbopack.js.map'
npm warn tar TAR_ENTRY_ERROR ENOENT: no such file or directory, open 'C:\Users\xussn\Desktop\kurs\lms-project\node_modules\next\dist\esm\server\dev\middleware-webpack.js.map'
npm warn tar TAR_ENTRY_ERROR ENOENT: no such file or directory, open 'C:\Users\xussn\Desktop\kurs\lms-project\node_modules\next\dist\server\dev\middleware-webpack.js.map'
npm warn tar TAR_ENTRY_ERROR ENOENT: no such file or directory, open 'C:\Users\xussn\Desktop\kurs\lms-project\node_modules\next\dist\build\templates\middleware.js.map'
npm warn tar TAR_ENTRY_ERROR ENOENT: no such file or directory, open 'C:\Users\xussn\Desktop\kurs\lms-project\node_modules\next\dist\esm\build\templates\middleware.js.map'
npm warn tar TAR_ENTRY_ERROR ENOENT: no such file or directory, open 'C:\Users\xussn\Desktop\kurs\lms-project\node_modules\next\dist\esm\lib\mime-type.js.map'
npm warn tar TAR_ENTRY_ERROR ENOENT: no such file or directory, open 'C:\Users\xussn\Desktop\kurs\lms-project\node_modules\next\dist\build\webpack\plugins\mini-css-extract-plugin.js.map'
npm warn tar TAR_ENTRY_ERROR ENOENT: no such file or directory, open 'C:\Users\xussn\Desktop\kurs\lms-project\node_modules\next\dist\esm\build\webpack\plugins\mini-css-extract-plugin.js.map'
npm warn tar TAR_ENTRY_ERROR ENOENT: no such file or directory, open 'C:\Users\xussn\Desktop\kurs\lms-project\node_modules\next\dist\build\webpack\loaders\lightningcss-loader\src\minify.js.map'
npm warn tar TAR_ENTRY_ERROR ENOENT: no such file or directory, open 'C:\Users\xussn\Desktop\kurs\lms-project\node_modules\next\dist\esm\build\webpack\loaders\lightningcss-loader\src\minify.js.map'
npm warn tar TAR_ENTRY_ERROR ENOENT: no such file or directory, open 'C:\Users\xussn\Desktop\kurs\lms-project\node_modules\next\dist\esm\shared\lib\errors\missing-default-parallel-route-error.js.map'
npm warn tar TAR_ENTRY_ERROR ENOENT: no such file or directory, open 'C:\Users\xussn\Desktop\kurs\lms-project\node_modules\next\dist\shared\lib\errors\missing-default-parallel-route-error.js.map'
npm warn tar TAR_ENTRY_ERROR ENOENT: no such file or directory, open 'C:\Users\xussn\Desktop\kurs\lms-project\node_modules\next\dist\esm\lib\typescript\missingDependencyError.js.map'
npm warn tar TAR_ENTRY_ERROR ENOENT: no such file or directory, open 'C:\Users\xussn\Desktop\kurs\lms-project\node_modules\next\dist\lib\typescript\missingDependencyError.js.map'
npm warn tar TAR_ENTRY_ERROR ENOENT: no such file or directory, open 'C:\Users\xussn\Desktop\kurs\lms-project\node_modules\next\dist\esm\shared\lib\mitt.js.map'
npm warn tar TAR_ENTRY_ERROR ENOENT: no such file or directory, open 'C:\Users\xussn\Desktop\kurs\lms-project\node_modules\next\dist\shared\lib\mitt.js.map'
npm warn tar TAR_ENTRY_ERROR ENOENT: no such file or directory, open 'C:\Users\xussn\Desktop\kurs\lms-project\node_modules\next\dist\esm\lib\mkcert.js.map'
npm warn tar TAR_ENTRY_ERROR ENOENT: no such file or directory, open 'C:\Users\xussn\Desktop\kurs\lms-project\node_modules\next\dist\esm\server\lib\mock-request.js.map'
npm warn tar TAR_ENTRY_ERROR ENOENT: no such file or directory, open 'C:\Users\xussn\Desktop\kurs\lms-project\node_modules\next\dist\server\lib\mock-request.js.map'
npm warn tar TAR_ENTRY_ERROR ENOENT: no such file or directory, open 'C:\Users\xussn\Desktop\kurs\lms-project\node_modules\next\dist\esm\shared\lib\modern-browserslist-target.js.map'
npm warn tar TAR_ENTRY_ERROR ENOENT: no such file or directory, open 'C:\Users\xussn\Desktop\kurs\lms-project\node_modules\next\dist\shared\lib\modern-browserslist-target.js.map'
npm warn tar TAR_ENTRY_ERROR ENOENT: no such file or directory, open 'C:\Users\xussn\Desktop\kurs\lms-project\node_modules\next\dist\build\webpack\loaders\modularize-import-loader.js.map'
npm warn tar TAR_ENTRY_ERROR ENOENT: no such file or directory, open 'C:\Users\xussn\Desktop\kurs\lms-project\node_modules\next\dist\esm\build\webpack\loaders\modularize-import-loader.js.map'
npm warn tar TAR_ENTRY_ERROR ENOENT: no such file or directory, open 'C:\Users\xussn\Desktop\kurs\lms-project\node_modules\next\dist\esm\server\lib\module-loader\module-loader.js.map'
npm warn tar TAR_ENTRY_ERROR ENOENT: no such file or directory, open 'C:\Users\xussn\Desktop\kurs\lms-project\node_modules\next\dist\server\lib\module-loader\module-loader.js.map'
npm warn tar TAR_ENTRY_ERROR ENOENT: no such file or directory, open 'C:\Users\xussn\Desktop\kurs\lms-project\node_modules\next\dist\build\webpack\loaders\next-flight-loader\module-proxy.js.map'
npm warn tar TAR_ENTRY_ERROR ENOENT: no such file or directory, open 'C:\Users\xussn\Desktop\kurs\lms-project\node_modules\next\dist\esm\build\webpack\loaders\next-flight-loader\module-proxy.js.map'
npm warn tar TAR_ENTRY_ERROR ENOENT: no such file or directory, open 'C:\Users\xussn\Desktop\kurs\lms-project\node_modules\next\dist\esm\server\route-modules\app-page\module.compiled.js.map'
npm warn tar TAR_ENTRY_ERROR ENOENT: no such file or directory, open 'C:\Users\xussn\Desktop\kurs\lms-project\node_modules\next\dist\esm\server\route-modules\app-route\module.compiled.js.map'
npm warn tar TAR_ENTRY_ERROR ENOENT: no such file or directory, open 'C:\Users\xussn\Desktop\kurs\lms-project\node_modules\next\dist\esm\server\route-modules\pages-api\module.compiled.js.map'
npm warn tar TAR_ENTRY_ERROR ENOENT: no such file or directory, open 'C:\Users\xussn\Desktop\kurs\lms-project\node_modules\next\dist\esm\server\route-modules\pages\module.compiled.js.map'
npm warn tar TAR_ENTRY_ERROR ENOENT: no such file or directory, open 'C:\Users\xussn\Desktop\kurs\lms-project\node_modules\next\dist\server\route-modules\app-page\module.compiled.js.map'
npm warn tar TAR_ENTRY_ERROR ENOENT: no such file or directory, open 'C:\Users\xussn\Desktop\kurs\lms-project\node_modules\next\dist\server\route-modules\app-route\module.compiled.js.map'
npm warn tar TAR_ENTRY_ERROR ENOENT: no such file or directory, open 'C:\Users\xussn\Desktop\kurs\lms-project\node_modules\next\dist\server\route-modules\pages-api\module.compiled.js.map'
npm warn tar TAR_ENTRY_ERROR ENOENT: no such file or directory, open 'C:\Users\xussn\Desktop\kurs\lms-project\node_modules\next\dist\server\route-modules\pages\module.compiled.js.map'
npm warn tar TAR_ENTRY_ERROR ENOENT: no such file or directory, open 'C:\Users\xussn\Desktop\kurs\lms-project\node_modules\next\dist\esm\server\route-modules\app-page\module.js.map'
npm warn tar TAR_ENTRY_ERROR ENOENT: no such file or directory, open 'C:\Users\xussn\Desktop\kurs\lms-project\node_modules\next\dist\esm\server\route-modules\app-route\module.js.map'
npm warn tar TAR_ENTRY_ERROR ENOENT: no such file or directory, open 'C:\Users\xussn\Desktop\kurs\lms-project\node_modules\next\dist\esm\server\route-modules\pages-api\module.js.map'
npm warn tar TAR_ENTRY_ERROR ENOENT: no such file or directory, open 'C:\Users\xussn\Desktop\kurs\lms-project\node_modules\next\dist\esm\server\route-modules\pages\module.js.map'
npm warn tar TAR_ENTRY_ERROR ENOENT: no such file or directory, open 'C:\Users\xussn\Desktop\kurs\lms-project\node_modules\next\dist\server\route-modules\app-page\module.js.map'
npm warn tar TAR_ENTRY_ERROR ENOENT: no such file or directory, open 'C:\Users\xussn\Desktop\kurs\lms-project\node_modules\next\dist\server\route-modules\app-route\module.js.map'
npm warn tar TAR_ENTRY_ERROR ENOENT: no such file or directory, open 'C:\Users\xussn\Desktop\kurs\lms-project\node_modules\next\dist\server\route-modules\pages-api\module.js.map'
npm warn tar TAR_ENTRY_ERROR ENOENT: no such file or directory, open 'C:\Users\xussn\Desktop\kurs\lms-project\node_modules\next\dist\server\route-modules\pages\module.js.map'
npm warn tar TAR_ENTRY_ERROR ENOENT: no such file or directory, open 'C:\Users\xussn\Desktop\kurs\lms-project\node_modules\next\dist\esm\server\route-modules\app-page\module.render.js.map'
npm warn tar TAR_ENTRY_ERROR ENOENT: no such file or directory, open 'C:\Users\xussn\Desktop\kurs\lms-project\node_modules\next\dist\esm\server\route-modules\pages\module.render.js.map'
npm warn tar TAR_ENTRY_ERROR ENOENT: no such file or directory, open 'C:\Users\xussn\Desktop\kurs\lms-project\node_modules\next\dist\server\route-modules\app-page\module.render.js.map'
npm warn tar TAR_ENTRY_ERROR ENOENT: no such file or directory, open 'C:\Users\xussn\Desktop\kurs\lms-project\node_modules\next\dist\server\route-modules\pages\module.render.js.map'
npm warn tar TAR_ENTRY_ERROR ENOENT: no such file or directory, open 'C:\Users\xussn\Desktop\kurs\lms-project\node_modules\next\dist\build\webpack\config\blocks\css\loaders\modules.js.map'
npm warn tar TAR_ENTRY_ERROR ENOENT: no such file or directory, open 'C:\Users\xussn\Desktop\kurs\lms-project\node_modules\next\dist\esm\build\webpack\config\blocks\css\loaders\modules.js.map'
npm warn tar TAR_ENTRY_ERROR ENOENT: no such file or directory, open 'C:\Users\xussn\Desktop\kurs\lms-project\node_modules\next\dist\experimental\testmode\playwright\msw.js.map'
npm warn tar TAR_ENTRY_ERROR ENOENT: no such file or directory, open 'C:\Users\xussn\Desktop\kurs\lms-project\node_modules\next\dist\esm\lib\multi-file-writer.js.map'
npm warn tar TAR_ENTRY_ERROR ENOENT: no such file or directory, open 'C:\Users\xussn\Desktop\kurs\lms-project\node_modules\next\dist\esm\client\components\nav-failure-handler.js.map'
npm warn tar TAR_ENTRY_ERROR ENOENT: no such file or directory, open 'C:\Users\xussn\Desktop\kurs\lms-project\node_modules\next\dist\client\components\router-reducer\reducers\navigate-reducer.js.map'
npm warn tar TAR_ENTRY_ERROR ENOENT: no such file or directory, open 'C:\Users\xussn\Desktop\kurs\lms-project\node_modules\next\dist\esm\client\components\router-reducer\reducers\navigate-reducer.js.map'
npm warn tar TAR_ENTRY_ERROR ENOENT: no such file or directory, open 'C:\Users\xussn\Desktop\kurs\lms-project\node_modules\next\dist\esm\client\navigation-build-id.js.map'
npm warn tar TAR_ENTRY_ERROR ENOENT: no such file or directory, open 'C:\Users\xussn\Desktop\kurs\lms-project\node_modules\next\dist\esm\client\components\navigation-devtools.js.map'
npm warn tar TAR_ENTRY_ERROR ENOENT: no such file or directory, open 'C:\Users\xussn\Desktop\kurs\lms-project\node_modules\next\dist\client\components\segment-cache\navigation-testing-lock.js.map'
npm warn tar TAR_ENTRY_ERROR ENOENT: no such file or directory, open 'C:\Users\xussn\Desktop\kurs\lms-project\node_modules\next\dist\esm\client\components\segment-cache\navigation-testing-lock.js.map'
npm warn tar TAR_ENTRY_ERROR ENOENT: no such file or directory, open 'C:\Users\xussn\Desktop\kurs\lms-project\node_modules\next\dist\esm\client\components\navigation-untracked.js.map'
npm warn tar TAR_ENTRY_ERROR ENOENT: no such file or directory, open 'C:\Users\xussn\Desktop\kurs\lms-project\node_modules\next\dist\api\navigation.js.map'
npm warn tar TAR_ENTRY_ERROR ENOENT: no such file or directory, open 'C:\Users\xussn\Desktop\kurs\lms-project\node_modules\next\dist\client\components\segment-cache\navigation.js.map'
npm warn tar TAR_ENTRY_ERROR ENOENT: no such file or directory, open 'C:\Users\xussn\Desktop\kurs\lms-project\node_modules\next\dist\esm\api\navigation.js.map'
npm warn tar TAR_ENTRY_ERROR ENOENT: no such file or directory, open 'C:\Users\xussn\Desktop\kurs\lms-project\node_modules\next\dist\esm\client\components\navigation.js.map'
npm warn tar TAR_ENTRY_ERROR ENOENT: no such file or directory, open 'C:\Users\xussn\Desktop\kurs\lms-project\node_modules\next\dist\esm\client\components\segment-cache\navigation.js.map'
npm warn tar TAR_ENTRY_ERROR ENOENT: no such file or directory, open 'C:\Users\xussn\Desktop\kurs\lms-project\node_modules\next\dist\api\navigation.react-server.js.map'
npm warn tar TAR_ENTRY_ERROR ENOENT: no such file or directory, open 'C:\Users\xussn\Desktop\kurs\lms-project\node_modules\next\dist\esm\api\navigation.react-server.js.map'
npm warn tar TAR_ENTRY_ERROR ENOENT: no such file or directory, open 'C:\Users\xussn\Desktop\kurs\lms-project\node_modules\next\dist\esm\client\components\navigation.react-server.js.map'
npm warn tar TAR_ENTRY_ERROR ENOENT: no such file or directory, open 'C:\Users\xussn\Desktop\kurs\lms-project\node_modules\next\dist\esm\lib\needs-experimental-react.js.map'
npm warn tar TAR_ENTRY_ERROR ENOENT: no such file or directory, open 'C:\Users\xussn\Desktop\kurs\lms-project\node_modules\next\dist\cli\next-analyze.js.map'
npm warn tar TAR_ENTRY_ERROR ENOENT: no such file or directory, open 'C:\Users\xussn\Desktop\kurs\lms-project\node_modules\next\dist\build\webpack\loaders\next-barrel-loader.js.map'
npm warn tar TAR_ENTRY_ERROR ENOENT: no such file or directory, open 'C:\Users\xussn\Desktop\kurs\lms-project\node_modules\next\dist\esm\build\webpack\loaders\next-barrel-loader.js.map'
npm warn tar TAR_ENTRY_ERROR ENOENT: no such file or directory, open 'C:\Users\xussn\Desktop\kurs\lms-project\node_modules\next\dist\cli\next-build.js.map'
npm warn tar TAR_ENTRY_ERROR ENOENT: no such file or directory, open 'C:\Users\xussn\Desktop\kurs\lms-project\node_modules\next\dist\build\webpack\loaders\next-client-pages-loader.js.map'
npm warn tar TAR_ENTRY_ERROR ENOENT: no such file or directory, open 'C:\Users\xussn\Desktop\kurs\lms-project\node_modules\next\dist\esm\build\webpack\loaders\next-client-pages-loader.js.map'
npm warn tar TAR_ENTRY_ERROR ENOENT: no such file or directory, open 'C:\Users\xussn\Desktop\kurs\lms-project\node_modules\next\dist\esm\server\normalizers\request\next-data.js.map'
npm warn tar TAR_ENTRY_ERROR ENOENT: no such file or directory, open 'C:\Users\xussn\Desktop\kurs\lms-project\node_modules\next\dist\server\normalizers\request\next-data.js.map'
npm warn tar TAR_ENTRY_ERROR ENOENT: no such file or directory, open 'C:\Users\xussn\Desktop\kurs\lms-project\node_modules\next\dist\esm\server\dev\next-dev-server.js.map'
npm warn tar TAR_ENTRY_ERROR ENOENT: no such file or directory, open 'C:\Users\xussn\Desktop\kurs\lms-project\node_modules\next\dist\server\dev\next-dev-server.js.map'
npm warn tar TAR_ENTRY_ERROR ENOENT: no such file or directory, open 'C:\Users\xussn\Desktop\kurs\lms-project\node_modules\next\dist\esm\client\next-dev-turbopack.js.map'
npm warn tar TAR_ENTRY_ERROR ENOENT: no such file or directory, open 'C:\Users\xussn\Desktop\kurs\lms-project\node_modules\next\dist\cli\next-dev.js.map'
npm warn tar TAR_ENTRY_ERROR ENOENT: no such file or directory, open 'C:\Users\xussn\Desktop\kurs\lms-project\node_modules\next\dist\esm\client\next-dev.js.map'
npm warn tar TAR_ENTRY_ERROR ENOENT: no such file or directory, open 'C:\Users\xussn\Desktop\kurs\lms-project\node_modules\next\dist\build\next-dir-paths.js.map'
npm warn tar TAR_ENTRY_ERROR ENOENT: no such file or directory, open 'C:\Users\xussn\Desktop\kurs\lms-project\node_modules\next\dist\build\webpack\loaders\next-edge-function-loader.js.map'
npm warn tar TAR_ENTRY_ERROR ENOENT: no such file or directory, open 'C:\Users\xussn\Desktop\kurs\lms-project\node_modules\next\dist\esm\build\webpack\loaders\next-edge-function-loader.js.map'
npm warn tar TAR_ENTRY_ERROR ENOENT: no such file or directory, open 'C:\Users\xussn\Desktop\kurs\lms-project\node_modules\next\dist\build\webpack\loaders\next-error-browser-binary-loader.js.map'
npm warn tar TAR_ENTRY_ERROR ENOENT: no such file or directory, open 'C:\Users\xussn\Desktop\kurs\lms-project\node_modules\next\dist\esm\build\webpack\loaders\next-error-browser-binary-loader.js.map'
npm warn tar TAR_ENTRY_ERROR ENOENT: no such file or directory, open 'C:\Users\xussn\Desktop\kurs\lms-project\node_modules\next\dist\cli\next-export.js.map'
npm warn tar TAR_ENTRY_ERROR ENOENT: no such file or directory, open 'C:\Users\xussn\Desktop\kurs\lms-project\node_modules\next\dist\experimental\testmode\playwright\next-fixture.js.map'
npm warn tar TAR_ENTRY_ERROR ENOENT: no such file or directory, open 'C:\Users\xussn\Desktop\kurs\lms-project\node_modules\next\dist\build\webpack\loaders\next-flight-action-entry-loader.js.map'
npm warn tar TAR_ENTRY_ERROR ENOENT: no such file or directory, open 'C:\Users\xussn\Desktop\kurs\lms-project\node_modules\next\dist\esm\build\webpack\loaders\next-flight-action-entry-loader.js.map'
npm warn tar TAR_ENTRY_ERROR ENOENT: no such file or directory, open 'C:\Users\xussn\Desktop\kurs\lms-project\node_modules\next\dist\build\webpack\loaders\next-flight-client-entry-loader.js.map'
npm warn tar TAR_ENTRY_ERROR ENOENT: no such file or directory, open 'C:\Users\xussn\Desktop\kurs\lms-project\node_modules\next\dist\esm\build\webpack\loaders\next-flight-client-entry-loader.js.map'
npm warn tar TAR_ENTRY_ERROR ENOENT: no such file or directory, open 'C:\Users\xussn\Desktop\kurs\lms-project\node_modules\next\dist\build\webpack\loaders\next-flight-client-module-loader.js.map'
npm warn tar TAR_ENTRY_ERROR ENOENT: no such file or directory, open 'C:\Users\xussn\Desktop\kurs\lms-project\node_modules\next\dist\esm\build\webpack\loaders\next-flight-client-module-loader.js.map'
npm warn tar TAR_ENTRY_ERROR ENOENT: no such file or directory, open 'C:\Users\xussn\Desktop\kurs\lms-project\node_modules\next\dist\build\webpack\loaders\next-flight-css-loader.js.map'
npm warn tar TAR_ENTRY_ERROR ENOENT: no such file or directory, open 'C:\Users\xussn\Desktop\kurs\lms-project\node_modules\next\dist\esm\build\webpack\loaders\next-flight-css-loader.js.map'
npm warn tar TAR_ENTRY_ERROR ENOENT: no such file or directory, open 'C:\Users\xussn\Desktop\kurs\lms-project\node_modules\next\dist\build\webpack\loaders\next-flight-server-reference-proxy-loader.js.map'
npm warn tar TAR_ENTRY_ERROR ENOENT: no such file or directory, open 'C:\Users\xussn\Desktop\kurs\lms-project\node_modules\next\dist\esm\build\webpack\loaders\next-flight-server-reference-proxy-loader.js.map'
npm warn tar TAR_ENTRY_ERROR ENOENT: no such file or directory, open 'C:\Users\xussn\Desktop\kurs\lms-project\node_modules\next\dist\build\webpack\plugins\next-font-manifest-plugin.js.map'
npm warn tar TAR_ENTRY_ERROR ENOENT: no such file or directory, open 'C:\Users\xussn\Desktop\kurs\lms-project\node_modules\next\dist\esm\build\webpack\plugins\next-font-manifest-plugin.js.map'
npm warn tar TAR_ENTRY_ERROR ENOENT: no such file or directory, open 'C:\Users\xussn\Desktop\kurs\lms-project\node_modules\next\dist\build\babel\plugins\next-font-unsupported.js.map'
npm warn tar TAR_ENTRY_ERROR ENOENT: no such file or directory, open 'C:\Users\xussn\Desktop\kurs\lms-project\node_modules\next\dist\esm\build\babel\plugins\next-font-unsupported.js.map'
npm warn tar TAR_ENTRY_ERROR ENOENT: no such file or directory, open 'C:\Users\xussn\Desktop\kurs\lms-project\node_modules\next\dist\build\webpack\config\blocks\css\loaders\next-font.js.map'
npm warn tar TAR_ENTRY_ERROR ENOENT: no such file or directory, open 'C:\Users\xussn\Desktop\kurs\lms-project\node_modules\next\dist\esm\build\webpack\config\blocks\css\loaders\next-font.js.map'
npm warn tar TAR_ENTRY_ERROR ENOENT: no such file or directory, open 'C:\Users\xussn\Desktop\kurs\lms-project\node_modules\next\dist\cli\next-info.js.map'
npm warn tar TAR_ENTRY_ERROR ENOENT: no such file or directory, open 'C:\Users\xussn\Desktop\kurs\lms-project\node_modules\next\dist\esm\server\mcp\tools\next-instance-error-state.js.map'
npm warn tar TAR_ENTRY_ERROR ENOENT: no such file or directory, open 'C:\Users\xussn\Desktop\kurs\lms-project\node_modules\next\dist\server\mcp\tools\next-instance-error-state.js.map'
npm warn tar TAR_ENTRY_ERROR ENOENT: no such file or directory, open 'C:\Users\xussn\Desktop\kurs\lms-project\node_modules\next\dist\build\webpack\loaders\next-invalid-import-error-loader.js.map'
npm warn tar TAR_ENTRY_ERROR ENOENT: no such file or directory, open 'C:\Users\xussn\Desktop\kurs\lms-project\node_modules\next\dist\esm\build\webpack\loaders\next-invalid-import-error-loader.js.map'
npm warn tar TAR_ENTRY_ERROR ENOENT: no such file or directory, open 'C:\Users\xussn\Desktop\kurs\lms-project\node_modules\next\dist\build\webpack\loaders\next-metadata-image-loader.js.map'
npm warn tar TAR_ENTRY_ERROR ENOENT: no such file or directory, open 'C:\Users\xussn\Desktop\kurs\lms-project\node_modules\next\dist\esm\build\webpack\loaders\next-metadata-image-loader.js.map'
npm warn tar TAR_ENTRY_ERROR ENOENT: no such file or directory, open 'C:\Users\xussn\Desktop\kurs\lms-project\node_modules\next\dist\build\webpack\loaders\next-metadata-route-loader.js.map'
npm warn tar TAR_ENTRY_ERROR ENOENT: no such file or directory, open 'C:\Users\xussn\Desktop\kurs\lms-project\node_modules\next\dist\esm\build\webpack\loaders\next-metadata-route-loader.js.map'
npm warn tar TAR_ENTRY_ERROR ENOENT: no such file or directory, open 'C:\Users\xussn\Desktop\kurs\lms-project\node_modules\next\dist\build\webpack\loaders\next-middleware-asset-loader.js.map'
npm warn tar TAR_ENTRY_ERROR ENOENT: no such file or directory, open 'C:\Users\xussn\Desktop\kurs\lms-project\node_modules\next\dist\esm\build\webpack\loaders\next-middleware-asset-loader.js.map'
npm warn tar TAR_ENTRY_ERROR ENOENT: no such file or directory, open 'C:\Users\xussn\Desktop\kurs\lms-project\node_modules\next\dist\build\webpack\loaders\next-middleware-loader.js.map'
npm warn tar TAR_ENTRY_ERROR ENOENT: no such file or directory, open 'C:\Users\xussn\Desktop\kurs\lms-project\node_modules\next\dist\esm\build\webpack\loaders\next-middleware-loader.js.map'
npm warn tar TAR_ENTRY_ERROR ENOENT: no such file or directory, open 'C:\Users\xussn\Desktop\kurs\lms-project\node_modules\next\dist\build\webpack\loaders\next-middleware-wasm-loader.js.map'
npm warn tar TAR_ENTRY_ERROR ENOENT: no such file or directory, open 'C:\Users\xussn\Desktop\kurs\lms-project\node_modules\next\dist\esm\build\webpack\loaders\next-middleware-wasm-loader.js.map'
npm warn tar TAR_ENTRY_ERROR ENOENT: no such file or directory, open 'C:\Users\xussn\Desktop\kurs\lms-project\node_modules\next\dist\experimental\testmode\playwright\next-options.js.map'
npm warn tar TAR_ENTRY_ERROR ENOENT: no such file or directory, open 'C:\Users\xussn\Desktop\kurs\lms-project\node_modules\next\dist\build\babel\plugins\next-page-config.js.map'
npm warn tar TAR_ENTRY_ERROR ENOENT: no such file or directory, open 'C:\Users\xussn\Desktop\kurs\lms-project\node_modules\next\dist\esm\build\babel\plugins\next-page-config.js.map'
npm warn tar TAR_ENTRY_ERROR ENOENT: no such file or directory, open 'C:\Users\xussn\Desktop\kurs\lms-project\node_modules\next\dist\build\babel\plugins\next-page-disallow-re-export-all-exports.js.map'
npm warn tar TAR_ENTRY_ERROR ENOENT: no such file or directory, open 'C:\Users\xussn\Desktop\kurs\lms-project\node_modules\next\dist\esm\build\babel\plugins\next-page-disallow-re-export-all-exports.js.map'
npm warn tar TAR_ENTRY_ERROR ENOENT: no such file or directory, open 'C:\Users\xussn\Desktop\kurs\lms-project\node_modules\next\dist\esm\server\web\spec-extension\adapters\next-request.js.map'
npm warn tar TAR_ENTRY_ERROR ENOENT: no such file or directory, open 'C:\Users\xussn\Desktop\kurs\lms-project\node_modules\next\dist\server\web\spec-extension\adapters\next-request.js.map'
npm warn tar TAR_ENTRY_ERROR ENOENT: no such file or directory, open 'C:\Users\xussn\Desktop\kurs\lms-project\node_modules\next\dist\build\webpack\loaders\next-root-params-loader.js.map'
npm warn tar TAR_ENTRY_ERROR ENOENT: no such file or directory, open 'C:\Users\xussn\Desktop\kurs\lms-project\node_modules\next\dist\esm\build\webpack\loaders\next-root-params-loader.js.map'
npm warn tar TAR_ENTRY_ERROR ENOENT: no such file or directory, open 'C:\Users\xussn\Desktop\kurs\lms-project\node_modules\next\dist\build\babel\plugins\next-ssg-transform.js.map'
npm warn tar TAR_ENTRY_ERROR ENOENT: no such file or directory, open 'C:\Users\xussn\Desktop\kurs\lms-project\node_modules\next\dist\esm\build\babel\plugins\next-ssg-transform.js.map'
npm warn tar TAR_ENTRY_ERROR ENOENT: no such file or directory, open 'C:\Users\xussn\Desktop\kurs\lms-project\node_modules\next\dist\cli\next-start.js.map'
npm warn tar TAR_ENTRY_ERROR ENOENT: no such file or directory, open 'C:\Users\xussn\Desktop\kurs\lms-project\node_modules\next\dist\build\webpack\loaders\next-swc-loader.js.map'
npm warn tar TAR_ENTRY_ERROR ENOENT: no such file or directory, open 'C:\Users\xussn\Desktop\kurs\lms-project\node_modules\next\dist\esm\build\webpack\loaders\next-swc-loader.js.map'
npm warn tar TAR_ENTRY_ERROR ENOENT: no such file or directory, open 'C:\Users\xussn\Desktop\kurs\lms-project\node_modules\next\dist\cli\next-telemetry.js.map'
npm warn tar TAR_ENTRY_ERROR ENOENT: no such file or directory, open 'C:\Users\xussn\Desktop\kurs\lms-project\node_modules\next\dist\cli\next-test.js.map'
npm warn tar TAR_ENTRY_ERROR ENOENT: no such file or directory, open 'C:\Users\xussn\Desktop\kurs\lms-project\node_modules\next\dist\build\webpack\plugins\next-trace-entrypoints-plugin.js.map'
npm warn tar TAR_ENTRY_ERROR ENOENT: no such file or directory, open 'C:\Users\xussn\Desktop\kurs\lms-project\node_modules\next\dist\esm\build\webpack\plugins\next-trace-entrypoints-plugin.js.map'
npm warn tar TAR_ENTRY_ERROR ENOENT: no such file or directory, open 'C:\Users\xussn\Desktop\kurs\lms-project\node_modules\next\dist\esm\client\next-turbopack.js.map'
npm warn tar TAR_ENTRY_ERROR ENOENT: no such file or directory, open 'C:\Users\xussn\Desktop\kurs\lms-project\node_modules\next\dist\cli\next-typegen.js.map'
npm warn tar TAR_ENTRY_ERROR ENOENT: no such file or directory, open 'C:\Users\xussn\Desktop\kurs\lms-project\node_modules\next\dist\cli\next-upgrade.js.map'
npm warn tar TAR_ENTRY_ERROR ENOENT: no such file or directory, open 'C:\Users\xussn\Desktop\kurs\lms-project\node_modules\next\dist\esm\server\web\next-url.js.map'
npm warn tar TAR_ENTRY_ERROR ENOENT: no such file or directory, open 'C:\Users\xussn\Desktop\kurs\lms-project\node_modules\next\dist\server\web\next-url.js.map'
npm warn tar TAR_ENTRY_ERROR ENOENT: no such file or directory, open 'C:\Users\xussn\Desktop\kurs\lms-project\node_modules\next\dist\experimental\testmode\playwright\next-worker-fixture.js.map'
npm warn tar TAR_ENTRY_ERROR ENOENT: no such file or directory, open 'C:\Users\xussn\Desktop\kurs\lms-project\node_modules\next\dist\esm\client\next.js.map'
npm warn tar TAR_ENTRY_ERROR ENOENT: no such file or directory, open 'C:\Users\xussn\Desktop\kurs\lms-project\node_modules\next\dist\bin\next.map'
npm warn tar TAR_ENTRY_ERROR ENOENT: no such file or directory, open 'C:\Users\xussn\Desktop\kurs\lms-project\node_modules\next\dist\build\jest\__mocks__\nextFontMock.js.map'
npm warn tar TAR_ENTRY_ERROR ENOENT: no such file or directory, open 'C:\Users\xussn\Desktop\kurs\lms-project\node_modules\next\dist\build\webpack\plugins\nextjs-require-cache-hot-reloader.js.map'
npm warn tar TAR_ENTRY_ERROR ENOENT: no such file or directory, open 'C:\Users\xussn\Desktop\kurs\lms-project\node_modules\next\dist\esm\build\webpack\plugins\nextjs-require-cache-hot-reloader.js.map'
npm warn tar TAR_ENTRY_ERROR ENOENT: no such file or directory, open 'C:\Users\xussn\Desktop\kurs\lms-project\node_modules\next\dist\esm\shared\lib\no-fallback-error.external.js.map'
npm warn tar TAR_ENTRY_ERROR ENOENT: no such file or directory, open 'C:\Users\xussn\Desktop\kurs\lms-project\node_modules\next\dist\shared\lib\no-fallback-error.external.js.map'
npm warn tar TAR_ENTRY_ERROR ENOENT: no such file or directory, open 'C:\Users\xussn\Desktop\kurs\lms-project\node_modules\next\dist\esm\server\node-environment-extensions\node-crypto.js.map'
npm warn tar TAR_ENTRY_ERROR ENOENT: no such file or directory, open 'C:\Users\xussn\Desktop\kurs\lms-project\node_modules\next\dist\server\node-environment-extensions\node-crypto.js.map'
npm warn tar TAR_ENTRY_ERROR ENOENT: no such file or directory, open 'C:\Users\xussn\Desktop\kurs\lms-project\node_modules\next\dist\esm\server\lib\node-fs-methods.js.map'
npm warn tar TAR_ENTRY_ERROR ENOENT: no such file or directory, open 'C:\Users\xussn\Desktop\kurs\lms-project\node_modules\next\dist\server\lib\node-fs-methods.js.map'
npm warn tar TAR_ENTRY_ERROR ENOENT: no such file or directory, open 'C:\Users\xussn\Desktop\kurs\lms-project\node_modules\next\dist\esm\server\route-matcher-providers\helpers\manifest-loaders\node-manifest-loader.js.map'
npm warn tar TAR_ENTRY_ERROR ENOENT: no such file or directory, open 'C:\Users\xussn\Desktop\kurs\lms-project\node_modules\next\dist\server\route-matcher-providers\helpers\manifest-loaders\node-manifest-loader.js.map'
npm warn tar TAR_ENTRY_ERROR ENOENT: no such file or directory, open 'C:\Users\xussn\Desktop\kurs\lms-project\node_modules\next\dist\esm\server\lib\module-loader\node-module-loader.js.map'
npm warn tar TAR_ENTRY_ERROR ENOENT: no such file or directory, open 'C:\Users\xussn\Desktop\kurs\lms-project\node_modules\next\dist\server\lib\module-loader\node-module-loader.js.map'
npm warn tar TAR_ENTRY_ERROR ENOENT: no such file or directory, open 'C:\Users\xussn\Desktop\kurs\lms-project\node_modules\next\dist\esm\server\dev\node-stack-frames.js.map'
npm warn tar TAR_ENTRY_ERROR ENOENT: no such file or directory, open 'C:\Users\xussn\Desktop\kurs\lms-project\node_modules\next\dist\server\dev\node-stack-frames.js.map'
npm warn tar TAR_ENTRY_ERROR ENOENT: no such file or directory, open 'C:\Users\xussn\Desktop\kurs\lms-project\node_modules\next\dist\esm\server\stream-utils\node-web-streams-helper.js.map'
npm warn tar TAR_ENTRY_ERROR ENOENT: no such file or directory, open 'C:\Users\xussn\Desktop\kurs\lms-project\node_modules\next\dist\server\stream-utils\node-web-streams-helper.js.map'
npm warn tar TAR_ENTRY_ERROR ENOENT: no such file or directory, open 'C:\Users\xussn\Desktop\kurs\lms-project\node_modules\next\dist\esm\server\base-http\node.js.map'
npm warn tar TAR_ENTRY_ERROR ENOENT: no such file or directory, open 'C:\Users\xussn\Desktop\kurs\lms-project\node_modules\next\dist\server\base-http\node.js.map'
npm warn tar TAR_ENTRY_ERROR ENOENT: no such file or directory, open 'C:\Users\xussn\Desktop\kurs\lms-project\node_modules\next\dist\esm\lib\non-nullable.js.map'
npm warn tar TAR_ENTRY_ERROR ENOENT: no such file or directory, open 'C:\Users\xussn\Desktop\kurs\lms-project\node_modules\next\dist\esm\client\components\noop-head.js.map'
npm warn tar TAR_ENTRY_ERROR ENOENT: no such file or directory, open 'C:\Users\xussn\Desktop\kurs\lms-project\node_modules\next\dist\client\dev\noop-turbopack-hmr.js.map'
npm warn tar TAR_ENTRY_ERROR ENOENT: no such file or directory, open 'C:\Users\xussn\Desktop\kurs\lms-project\node_modules\next\dist\esm\client\dev\noop-turbopack-hmr.js.map'
npm warn tar TAR_ENTRY_ERROR ENOENT: no such file or directory, open 'C:\Users\xussn\Desktop\kurs\lms-project\node_modules\next\dist\build\normalize-catchall-routes.js.map'
npm warn tar TAR_ENTRY_ERROR ENOENT: no such file or directory, open 'C:\Users\xussn\Desktop\kurs\lms-project\node_modules\next\dist\esm\shared\lib\page-path\normalize-data-path.js.map'
npm warn tar TAR_ENTRY_ERROR ENOENT: no such file or directory, open 'C:\Users\xussn\Desktop\kurs\lms-project\node_modules\next\dist\shared\lib\page-path\normalize-data-path.js.map'
npm warn tar TAR_ENTRY_ERROR ENOENT: no such file or directory, open 'C:\Users\xussn\Desktop\kurs\lms-project\node_modules\next\dist\esm\client\normalize-locale-path.js.map'
npm warn tar TAR_ENTRY_ERROR ENOENT: no such file or directory, open 'C:\Users\xussn\Desktop\kurs\lms-project\node_modules\next\dist\esm\shared\lib\i18n\normalize-locale-path.js.map'
npm warn tar TAR_ENTRY_ERROR ENOENT: no such file or directory, open 'C:\Users\xussn\Desktop\kurs\lms-project\node_modules\next\dist\shared\lib\i18n\normalize-locale-path.js.map'
npm warn tar TAR_ENTRY_ERROR ENOENT: no such file or directory, open 'C:\Users\xussn\Desktop\kurs\lms-project\node_modules\next\dist\esm\shared\lib\page-path\normalize-page-path.js.map'
npm warn tar TAR_ENTRY_ERROR ENOENT: no such file or directory, open 'C:\Users\xussn\Desktop\kurs\lms-project\node_modules\next\dist\shared\lib\page-path\normalize-page-path.js.map'
npm warn tar TAR_ENTRY_ERROR ENOENT: no such file or directory, open 'C:\Users\xussn\Desktop\kurs\lms-project\node_modules\next\dist\esm\shared\lib\page-path\normalize-path-sep.js.map'
npm warn tar TAR_ENTRY_ERROR ENOENT: no such file or directory, open 'C:\Users\xussn\Desktop\kurs\lms-project\node_modules\next\dist\shared\lib\page-path\normalize-path-sep.js.map'
npm warn tar TAR_ENTRY_ERROR ENOENT: no such file or directory, open 'C:\Users\xussn\Desktop\kurs\lms-project\node_modules\next\dist\esm\lib\normalize-path.js.map'
npm warn tar TAR_ENTRY_ERROR ENOENT: no such file or directory, open 'C:\Users\xussn\Desktop\kurs\lms-project\node_modules\next\dist\esm\server\route-modules\app-page\normalize-request-url.js.map'
npm warn tar TAR_ENTRY_ERROR ENOENT: no such file or directory, open 'C:\Users\xussn\Desktop\kurs\lms-project\node_modules\next\dist\server\route-modules\app-page\normalize-request-url.js.map'
npm warn tar TAR_ENTRY_ERROR ENOENT: no such file or directory, open 'C:\Users\xussn\Desktop\kurs\lms-project\node_modules\next\dist\esm\client\normalize-trailing-slash.js.map'
npm warn tar TAR_ENTRY_ERROR ENOENT: no such file or directory, open 'C:\Users\xussn\Desktop\kurs\lms-project\node_modules\next\dist\esm\shared\lib\normalized-asset-prefix.js.map'
npm warn tar TAR_ENTRY_ERROR ENOENT: no such file or directory, open 'C:\Users\xussn\Desktop\kurs\lms-project\node_modules\next\dist\shared\lib\normalized-asset-prefix.js.map'
npm warn tar TAR_ENTRY_ERROR ENOENT: no such file or directory, open 'C:\Users\xussn\Desktop\kurs\lms-project\node_modules\next\dist\esm\server\normalizers\normalizer.js.map'
npm warn tar TAR_ENTRY_ERROR ENOENT: no such file or directory, open 'C:\Users\xussn\Desktop\kurs\lms-project\node_modules\next\dist\server\normalizers\normalizer.js.map'
npm warn tar TAR_ENTRY_ERROR ENOENT: no such file or directory, open 'C:\Users\xussn\Desktop\kurs\lms-project\node_modules\next\dist\esm\server\normalizers\normalizers.js.map'
npm warn tar TAR_ENTRY_ERROR ENOENT: no such file or directory, open 'C:\Users\xussn\Desktop\kurs\lms-project\node_modules\next\dist\server\normalizers\normalizers.js.map'
npm warn tar TAR_ENTRY_ERROR ENOENT: no such file or directory, open 'C:\Users\xussn\Desktop\kurs\lms-project\node_modules\next\dist\client\components\builtin\not-found.js.map'
npm warn tar TAR_ENTRY_ERROR ENOENT: no such file or directory, open 'C:\Users\xussn\Desktop\kurs\lms-project\node_modules\next\dist\esm\client\components\builtin\not-found.js.map'
npm warn tar TAR_ENTRY_ERROR ENOENT: no such file or directory, open 'C:\Users\xussn\Desktop\kurs\lms-project\node_modules\next\dist\esm\client\components\not-found.js.map'
npm warn tar TAR_ENTRY_ERROR ENOENT: no such file or directory, open 'C:\Users\xussn\Desktop\kurs\lms-project\node_modules\next\dist\build\polyfills\object-assign.js.map'
npm warn tar TAR_ENTRY_ERROR ENOENT: no such file or directory, open 'C:\Users\xussn\Desktop\kurs\lms-project\node_modules\next\dist\esm\build\polyfills\object-assign.js.map'
npm warn tar TAR_ENTRY_ERROR ENOENT: no such file or directory, open 'C:\Users\xussn\Desktop\kurs\lms-project\node_modules\next\dist\build\jest\object-proxy.js.map'
npm warn tar TAR_ENTRY_ERROR ENOENT: no such file or directory, open 'C:\Users\xussn\Desktop\kurs\lms-project\node_modules\next\dist\api\og.js.map'
npm warn tar TAR_ENTRY_ERROR ENOENT: no such file or directory, open 'C:\Users\xussn\Desktop\kurs\lms-project\node_modules\next\dist\esm\api\og.js.map'
npm warn tar TAR_ENTRY_ERROR ENOENT: no such file or directory, open 'C:\Users\xussn\Desktop\kurs\lms-project\node_modules\next\dist\esm\shared\lib\router\utils\omit.js.map'
npm warn tar TAR_ENTRY_ERROR ENOENT: no such file or directory, open 'C:\Users\xussn\Desktop\kurs\lms-project\node_modules\next\dist\shared\lib\router\utils\omit.js.map'
npm warn tar TAR_ENTRY_ERROR ENOENT: no such file or directory, open 'C:\Users\xussn\Desktop\kurs\lms-project\node_modules\next\dist\client\dev\on-demand-entries-client.js.map'
npm warn tar TAR_ENTRY_ERROR ENOENT: no such file or directory, open 'C:\Users\xussn\Desktop\kurs\lms-project\node_modules\next\dist\esm\client\dev\on-demand-entries-client.js.map'
npm warn tar TAR_ENTRY_ERROR ENOENT: no such file or directory, open 'C:\Users\xussn\Desktop\kurs\lms-project\node_modules\next\dist\esm\server\dev\on-demand-entry-handler.js.map'
npm warn tar TAR_ENTRY_ERROR ENOENT: no such file or directory, open 'C:\Users\xussn\Desktop\kurs\lms-project\node_modules\next\dist\server\dev\on-demand-entry-handler.js.map'
npm warn tar TAR_ENTRY_ERROR ENOENT: no such file or directory, open 'C:\Users\xussn\Desktop\kurs\lms-project\node_modules\next\dist\client\react-client-callbacks\on-recoverable-error.js.map'
npm warn tar TAR_ENTRY_ERROR ENOENT: no such file or directory, open 'C:\Users\xussn\Desktop\kurs\lms-project\node_modules\next\dist\esm\client\react-client-callbacks\on-recoverable-error.js.map'
npm warn tar TAR_ENTRY_ERROR ENOENT: no such file or directory, open 'C:\Users\xussn\Desktop\kurs\lms-project\node_modules\next\dist\esm\lib\metadata\types\opengraph-types.js.map'
npm warn tar TAR_ENTRY_ERROR ENOENT: no such file or directory, open 'C:\Users\xussn\Desktop\kurs\lms-project\node_modules\next\dist\lib\metadata\types\opengraph-types.js.map'
npm warn tar TAR_ENTRY_ERROR ENOENT: no such file or directory, open 'C:\Users\xussn\Desktop\kurs\lms-project\node_modules\next\dist\client\components\segment-cache\optimistic-routes.js.map'
npm warn tar TAR_ENTRY_ERROR ENOENT: no such file or directory, open 'C:\Users\xussn\Desktop\kurs\lms-project\node_modules\next\dist\esm\client\components\segment-cache\optimistic-routes.js.map'
npm warn tar TAR_ENTRY_ERROR ENOENT: no such file or directory, open 'C:\Users\xussn\Desktop\kurs\lms-project\node_modules\next\dist\build\babel\plugins\optimize-hook-destructuring.js.map'
npm warn tar TAR_ENTRY_ERROR ENOENT: no such file or directory, open 'C:\Users\xussn\Desktop\kurs\lms-project\node_modules\next\dist\esm\build\babel\plugins\optimize-hook-destructuring.js.map'
npm warn tar TAR_ENTRY_ERROR ENOENT: no such file or directory, open 'C:\Users\xussn\Desktop\kurs\lms-project\node_modules\next\dist\build\webpack\plugins\optional-peer-dependency-resolve-plugin.js.map'
npm warn tar TAR_ENTRY_ERROR ENOENT: no such file or directory, open 'C:\Users\xussn\Desktop\kurs\lms-project\node_modules\next\dist\esm\build\webpack\plugins\optional-peer-dependency-resolve-plugin.js.map'
npm warn tar TAR_ENTRY_ERROR ENOENT: no such file or directory, open 'C:\Users\xussn\Desktop\kurs\lms-project\node_modules\next\dist\build\swc\options.js.map'
npm warn tar TAR_ENTRY_ERROR ENOENT: no such file or directory, open 'C:\Users\xussn\Desktop\kurs\lms-project\node_modules\next\dist\esm\build\swc\options.js.map'
npm warn tar TAR_ENTRY_ERROR ENOENT: no such file or directory, open 'C:\Users\xussn\Desktop\kurs\lms-project\node_modules\next\dist\esm\lib\oxford-comma-list.js.map'
npm warn tar TAR_ENTRY_ERROR ENOENT: no such file or directory, open 'C:\Users\xussn\Desktop\kurs\lms-project\node_modules\next\dist\esm\client\page-bootstrap.js.map'
npm warn tar TAR_ENTRY_ERROR ENOENT: no such file or directory, open 'C:\Users\xussn\Desktop\kurs\lms-project\node_modules\next\dist\build\page-extensions-type.js.map'
npm warn tar TAR_ENTRY_ERROR ENOENT: no such file or directory, open 'C:\Users\xussn\Desktop\kurs\lms-project\node_modules\next\dist\esm\client\page-loader.js.map'
npm warn tar TAR_ENTRY_ERROR ENOENT: no such file or directory, open 'C:\Users\xussn\Desktop\kurs\lms-project\node_modules\next\dist\experimental\testmode\playwright\page-route.js.map'
npm warn tar TAR_ENTRY_ERROR ENOENT: no such file or directory, open 'C:\Users\xussn\Desktop\kurs\lms-project\node_modules\next\dist\esm\lib\page-types.js.map'
npm warn tar TAR_ENTRY_ERROR ENOENT: no such file or directory, open 'C:\Users\xussn\Desktop\kurs\lms-project\node_modules\next\dist\esm\server\route-definitions\pages-api-route-definition.js.map'
npm warn tar TAR_ENTRY_ERROR ENOENT: no such file or directory, open 'C:\Users\xussn\Desktop\kurs\lms-project\node_modules\next\dist\server\route-definitions\pages-api-route-definition.js.map'
npm warn tar TAR_ENTRY_ERROR ENOENT: no such file or directory, open 'C:\Users\xussn\Desktop\kurs\lms-project\node_modules\next\dist\esm\server\route-matches\pages-api-route-match.js.map'
npm warn tar TAR_ENTRY_ERROR ENOENT: no such file or directory, open 'C:\Users\xussn\Desktop\kurs\lms-project\node_modules\next\dist\server\route-matches\pages-api-route-match.js.map'
npm warn tar TAR_ENTRY_ERROR ENOENT: no such file or directory, open 'C:\Users\xussn\Desktop\kurs\lms-project\node_modules\next\dist\esm\server\route-matcher-providers\pages-api-route-matcher-provider.js.map'
npm warn tar TAR_ENTRY_ERROR ENOENT: no such file or directory, open 'C:\Users\xussn\Desktop\kurs\lms-project\node_modules\next\dist\server\route-matcher-providers\pages-api-route-matcher-provider.js.map'
npm warn tar TAR_ENTRY_ERROR ENOENT: no such file or directory, open 'C:\Users\xussn\Desktop\kurs\lms-project\node_modules\next\dist\esm\server\route-matchers\pages-api-route-matcher.js.map'
npm warn tar TAR_ENTRY_ERROR ENOENT: no such file or directory, open 'C:\Users\xussn\Desktop\kurs\lms-project\node_modules\next\dist\server\route-matchers\pages-api-route-matcher.js.map'
npm warn tar TAR_ENTRY_ERROR ENOENT: no such file or directory, open 'C:\Users\xussn\Desktop\kurs\lms-project\node_modules\next\dist\compiled\next-server\pages-api-turbo.runtime.dev.js.map'
npm warn tar TAR_ENTRY_ERROR ENOENT: no such file or directory, open 'C:\Users\xussn\Desktop\kurs\lms-project\node_modules\next\dist\compiled\next-server\pages-api-turbo.runtime.prod.js.map'
npm warn tar TAR_ENTRY_ERROR ENOENT: no such file or directory, open 'C:\Users\xussn\Desktop\kurs\lms-project\node_modules\next\dist\build\templates\pages-api.js.map'
npm warn tar TAR_ENTRY_ERROR ENOENT: no such file or directory, open 'C:\Users\xussn\Desktop\kurs\lms-project\node_modules\next\dist\esm\build\templates\pages-api.js.map'
npm warn tar TAR_ENTRY_ERROR ENOENT: no such file or directory, open 'C:\Users\xussn\Desktop\kurs\lms-project\node_modules\next\dist\compiled\next-server\pages-api.runtime.dev.js.map'
npm warn tar TAR_ENTRY_ERROR ENOENT: no such file or directory, open 'C:\Users\xussn\Desktop\kurs\lms-project\node_modules\next\dist\compiled\next-server\pages-api.runtime.prod.js.map'
npm warn tar TAR_ENTRY_ERROR ENOENT: no such file or directory, open 'C:\Users\xussn\Desktop\kurs\lms-project\node_modules\next\dist\esm\server\normalizers\built\pages\pages-bundle-path-normalizer.js.map'
npm warn tar TAR_ENTRY_ERROR ENOENT: no such file or directory, open 'C:\Users\xussn\Desktop\kurs\lms-project\node_modules\next\dist\server\normalizers\built\pages\pages-bundle-path-normalizer.js.map'
npm warn tar TAR_ENTRY_ERROR ENOENT: no such file or directory, open 'C:\Users\xussn\Desktop\kurs\lms-project\node_modules\next\dist\esm\next-devtools\userspace\pages\pages-dev-overlay-error-boundary.js.map'
npm warn tar TAR_ENTRY_ERROR ENOENT: no such file or directory, open 'C:\Users\xussn\Desktop\kurs\lms-project\node_modules\next\dist\next-devtools\userspace\pages\pages-dev-overlay-error-boundary.js.map'
npm warn tar TAR_ENTRY_ERROR ENOENT: no such file or directory, open 'C:\Users\xussn\Desktop\kurs\lms-project\node_modules\next\dist\esm\next-devtools\userspace\pages\pages-dev-overlay-setup.js.map'
npm warn tar TAR_ENTRY_ERROR ENOENT: no such file or directory, open 'C:\Users\xussn\Desktop\kurs\lms-project\node_modules\next\dist\next-devtools\userspace\pages\pages-dev-overlay-setup.js.map'
npm warn tar TAR_ENTRY_ERROR ENOENT: no such file or directory, open 'C:\Users\xussn\Desktop\kurs\lms-project\node_modules\next\dist\build\templates\pages-edge-api.js.map'
npm warn tar TAR_ENTRY_ERROR ENOENT: no such file or directory, open 'C:\Users\xussn\Desktop\kurs\lms-project\node_modules\next\dist\esm\build\templates\pages-edge-api.js.map'
npm warn tar TAR_ENTRY_ERROR ENOENT: no such file or directory, open 'C:\Users\xussn\Desktop\kurs\lms-project\node_modules\next\dist\esm\server\normalizers\built\pages\pages-filename-normalizer.js.map'
npm warn tar TAR_ENTRY_ERROR ENOENT: no such file or directory, open 'C:\Users\xussn\Desktop\kurs\lms-project\node_modules\next\dist\server\normalizers\built\pages\pages-filename-normalizer.js.map'
npm warn tar TAR_ENTRY_ERROR ENOENT: no such file or directory, open 'C:\Users\xussn\Desktop\kurs\lms-project\node_modules\next\dist\esm\server\route-modules\pages\pages-handler.js.map'
npm warn tar TAR_ENTRY_ERROR ENOENT: no such file or directory, open 'C:\Users\xussn\Desktop\kurs\lms-project\node_modules\next\dist\server\route-modules\pages\pages-handler.js.map'
npm warn tar TAR_ENTRY_ERROR ENOENT: no such file or directory, open 'C:\Users\xussn\Desktop\kurs\lms-project\node_modules\next\dist\build\webpack\plugins\pages-manifest-plugin.js.map'
npm warn tar TAR_ENTRY_ERROR ENOENT: no such file or directory, open 'C:\Users\xussn\Desktop\kurs\lms-project\node_modules\next\dist\esm\build\webpack\plugins\pages-manifest-plugin.js.map'
npm warn tar TAR_ENTRY_ERROR ENOENT: no such file or directory, open 'C:\Users\xussn\Desktop\kurs\lms-project\node_modules\next\dist\esm\server\normalizers\built\pages\pages-page-normalizer.js.map'
npm warn tar TAR_ENTRY_ERROR ENOENT: no such file or directory, open 'C:\Users\xussn\Desktop\kurs\lms-project\node_modules\next\dist\server\normalizers\built\pages\pages-page-normalizer.js.map'
npm warn tar TAR_ENTRY_ERROR ENOENT: no such file or directory, open 'C:\Users\xussn\Desktop\kurs\lms-project\node_modules\next\dist\esm\server\normalizers\built\pages\pages-pathname-normalizer.js.map'
npm warn tar TAR_ENTRY_ERROR ENOENT: no such file or directory, open 'C:\Users\xussn\Desktop\kurs\lms-project\node_modules\next\dist\server\normalizers\built\pages\pages-pathname-normalizer.js.map'
npm warn tar TAR_ENTRY_ERROR ENOENT: no such file or directory, open 'C:\Users\xussn\Desktop\kurs\lms-project\node_modules\next\dist\esm\server\route-definitions\pages-route-definition.js.map'
npm warn tar TAR_ENTRY_ERROR ENOENT: no such file or directory, open 'C:\Users\xussn\Desktop\kurs\lms-project\node_modules\next\dist\server\route-definitions\pages-route-definition.js.map'
npm warn tar TAR_ENTRY_ERROR ENOENT: no such file or directory, open 'C:\Users\xussn\Desktop\kurs\lms-project\node_modules\next\dist\esm\server\route-matches\pages-route-match.js.map'
npm warn tar TAR_ENTRY_ERROR ENOENT: no such file or directory, open 'C:\Users\xussn\Desktop\kurs\lms-project\node_modules\next\dist\server\route-matches\pages-route-match.js.map'
npm warn tar TAR_ENTRY_ERROR ENOENT: no such file or directory, open 'C:\Users\xussn\Desktop\kurs\lms-project\node_modules\next\dist\esm\server\route-matcher-providers\pages-route-matcher-provider.js.map'
npm warn tar TAR_ENTRY_ERROR ENOENT: no such file or directory, open 'C:\Users\xussn\Desktop\kurs\lms-project\node_modules\next\dist\server\route-matcher-providers\pages-route-matcher-provider.js.map'
npm warn tar TAR_ENTRY_ERROR ENOENT: no such file or directory, open 'C:\Users\xussn\Desktop\kurs\lms-project\node_modules\next\dist\esm\server\route-matchers\pages-route-matcher.js.map'
npm warn tar TAR_ENTRY_ERROR ENOENT: no such file or directory, open 'C:\Users\xussn\Desktop\kurs\lms-project\node_modules\next\dist\server\route-matchers\pages-route-matcher.js.map'
npm warn tar TAR_ENTRY_ERROR ENOENT: no such file or directory, open 'C:\Users\xussn\Desktop\kurs\lms-project\node_modules\next\dist\build\segment-config\pages\pages-segment-config.js.map'
npm warn tar TAR_ENTRY_ERROR ENOENT: no such file or directory, open 'C:\Users\xussn\Desktop\kurs\lms-project\node_modules\next\dist\esm\build\segment-config\pages\pages-segment-config.js.map'
npm warn tar TAR_ENTRY_ERROR ENOENT: no such file or directory, open 'C:\Users\xussn\Desktop\kurs\lms-project\node_modules\next\dist\compiled\next-server\pages-turbo.runtime.dev.js.map'
npm warn tar TAR_ENTRY_ERROR ENOENT: no such file or directory, open 'C:\Users\xussn\Desktop\kurs\lms-project\node_modules\next\dist\compiled\next-server\pages-turbo.runtime.prod.js.map'
npm warn tar TAR_ENTRY_ERROR ENOENT: no such file or directory, open 'C:\Users\xussn\Desktop\kurs\lms-project\node_modules\next\dist\build\static-paths\pages.js.map'
npm warn tar TAR_ENTRY_ERROR ENOENT: no such file or directory, open 'C:\Users\xussn\Desktop\kurs\lms-project\node_modules\next\dist\build\templates\pages.js.map'
npm warn tar TAR_ENTRY_ERROR ENOENT: no such file or directory, open 'C:\Users\xussn\Desktop\kurs\lms-project\node_modules\next\dist\esm\build\templates\pages.js.map'
npm warn tar TAR_ENTRY_ERROR ENOENT: no such file or directory, open 'C:\Users\xussn\Desktop\kurs\lms-project\node_modules\next\dist\esm\export\routes\pages.js.map'
npm warn tar TAR_ENTRY_ERROR ENOENT: no such file or directory, open 'C:\Users\xussn\Desktop\kurs\lms-project\node_modules\next\dist\export\routes\pages.js.map'
npm warn tar TAR_ENTRY_ERROR ENOENT: no such file or directory, open 'C:\Users\xussn\Desktop\kurs\lms-project\node_modules\next\dist\compiled\next-server\pages.runtime.dev.js.map'
npm warn tar TAR_ENTRY_ERROR ENOENT: no such file or directory, open 'C:\Users\xussn\Desktop\kurs\lms-project\node_modules\next\dist\compiled\next-server\pages.runtime.prod.js.map'
npm warn tar TAR_ENTRY_ERROR ENOENT: no such file or directory, open 'C:\Users\xussn\Desktop\kurs\lms-project\node_modules\next\dist\client\request\params.browser.dev.js.map'
npm warn tar TAR_ENTRY_ERROR ENOENT: no such file or directory, open 'C:\Users\xussn\Desktop\kurs\lms-project\node_modules\next\dist\esm\client\request\params.browser.dev.js.map'
npm warn tar TAR_ENTRY_ERROR ENOENT: no such file or directory, open 'C:\Users\xussn\Desktop\kurs\lms-project\node_modules\next\dist\client\request\params.browser.js.map'
npm warn tar TAR_ENTRY_ERROR ENOENT: no such file or directory, open 'C:\Users\xussn\Desktop\kurs\lms-project\node_modules\next\dist\esm\client\request\params.browser.js.map'
npm warn tar TAR_ENTRY_ERROR ENOENT: no such file or directory, open 'C:\Users\xussn\Desktop\kurs\lms-project\node_modules\next\dist\client\request\params.browser.prod.js.map'
npm warn tar TAR_ENTRY_ERROR ENOENT: no such file or directory, open 'C:\Users\xussn\Desktop\kurs\lms-project\node_modules\next\dist\esm\client\request\params.browser.prod.js.map'
npm warn tar TAR_ENTRY_ERROR ENOENT: no such file or directory, open 'C:\Users\xussn\Desktop\kurs\lms-project\node_modules\next\dist\esm\server\request\params.js.map'
npm warn tar TAR_ENTRY_ERROR ENOENT: no such file or directory, open 'C:\Users\xussn\Desktop\kurs\lms-project\node_modules\next\dist\server\request\params.js.map'
npm warn tar TAR_ENTRY_ERROR ENOENT: no such file or directory, open 'C:\Users\xussn\Desktop\kurs\lms-project\node_modules\next\dist\esm\server\app-render\parse-and-validate-flight-router-state.js.map'
npm warn tar TAR_ENTRY_ERROR ENOENT: no such file or directory, open 'C:\Users\xussn\Desktop\kurs\lms-project\node_modules\next\dist\server\app-render\parse-and-validate-flight-router-state.js.map'
npm warn tar TAR_ENTRY_ERROR ENOENT: no such file or directory, open 'C:\Users\xussn\Desktop\kurs\lms-project\node_modules\next\dist\esm\server\api-utils\node\parse-body.js.map'
npm warn tar TAR_ENTRY_ERROR ENOENT: no such file or directory, open 'C:\Users\xussn\Desktop\kurs\lms-project\node_modules\next\dist\server\api-utils\node\parse-body.js.map'
npm warn tar TAR_ENTRY_ERROR ENOENT: no such file or directory, open 'C:\Users\xussn\Desktop\kurs\lms-project\node_modules\next\dist\build\webpack\plugins\wellknown-errors-plugin\parse-dynamic-code-evaluation-error.js.map'
npm warn tar TAR_ENTRY_ERROR ENOENT: no such file or directory, open 'C:\Users\xussn\Desktop\kurs\lms-project\node_modules\next\dist\esm\build\webpack\plugins\wellknown-errors-plugin\parse-dynamic-code-evaluation-error.js.map'
npm warn tar TAR_ENTRY_ERROR ENOENT: no such file or directory, open 'C:\Users\xussn\Desktop\kurs\lms-project\node_modules\next\dist\esm\shared\lib\router\utils\parse-loader-tree.js.map'
npm warn tar TAR_ENTRY_ERROR ENOENT: no such file or directory, open 'C:\Users\xussn\Desktop\kurs\lms-project\node_modules\next\dist\shared\lib\router\utils\parse-loader-tree.js.map'
npm warn tar TAR_ENTRY_ERROR ENOENT: no such file or directory, open 'C:\Users\xussn\Desktop\kurs\lms-project\node_modules\next\dist\build\analysis\parse-module.js.map'
npm warn tar TAR_ENTRY_ERROR ENOENT: no such file or directory, open 'C:\Users\xussn\Desktop\kurs\lms-project\node_modules\next\dist\esm\build\analysis\parse-module.js.map'
npm warn tar TAR_ENTRY_ERROR ENOENT: no such file or directory, open 'C:\Users\xussn\Desktop\kurs\lms-project\node_modules\next\dist\esm\shared\lib\router\utils\parse-path.js.map'
npm warn tar TAR_ENTRY_ERROR ENOENT: no such file or directory, open 'C:\Users\xussn\Desktop\kurs\lms-project\node_modules\next\dist\shared\lib\router\utils\parse-path.js.map'
npm warn tar TAR_ENTRY_ERROR ENOENT: no such file or directory, open 'C:\Users\xussn\Desktop\kurs\lms-project\node_modules\next\dist\esm\shared\lib\router\utils\parse-relative-url.js.map'
npm warn tar TAR_ENTRY_ERROR ENOENT: no such file or directory, open 'C:\Users\xussn\Desktop\kurs\lms-project\node_modules\next\dist\shared\lib\router\utils\parse-relative-url.js.map'
npm warn tar TAR_ENTRY_ERROR ENOENT: no such file or directory, open 'C:\Users\xussn\Desktop\kurs\lms-project\node_modules\next\dist\esm\server\lib\parse-stack.js.map'
npm warn tar TAR_ENTRY_ERROR ENOENT: no such file or directory, open 'C:\Users\xussn\Desktop\kurs\lms-project\node_modules\next\dist\server\lib\parse-stack.js.map'
npm warn tar TAR_ENTRY_ERROR ENOENT: no such file or directory, open 'C:\Users\xussn\Desktop\kurs\lms-project\node_modules\next\dist\esm\shared\lib\router\utils\parse-url.js.map'
npm warn tar TAR_ENTRY_ERROR ENOENT: no such file or directory, open 'C:\Users\xussn\Desktop\kurs\lms-project\node_modules\next\dist\shared\lib\router\utils\parse-url.js.map'
npm warn tar TAR_ENTRY_ERROR ENOENT: no such file or directory, open 'C:\Users\xussn\Desktop\kurs\lms-project\node_modules\next\dist\esm\server\dev\parse-version-info.js.map'
npm warn tar TAR_ENTRY_ERROR ENOENT: no such file or directory, open 'C:\Users\xussn\Desktop\kurs\lms-project\node_modules\next\dist\server\dev\parse-version-info.js.map'
npm warn tar TAR_ENTRY_ERROR ENOENT: no such file or directory, open 'C:\Users\xussn\Desktop\kurs\lms-project\node_modules\next\dist\build\webpack\plugins\wellknown-errors-plugin\parseBabel.js.map'
npm warn tar TAR_ENTRY_ERROR ENOENT: no such file or directory, open 'C:\Users\xussn\Desktop\kurs\lms-project\node_modules\next\dist\esm\build\webpack\plugins\wellknown-errors-plugin\parseBabel.js.map'
npm warn tar TAR_ENTRY_ERROR ENOENT: no such file or directory, open 'C:\Users\xussn\Desktop\kurs\lms-project\node_modules\next\dist\build\webpack\plugins\wellknown-errors-plugin\parseCss.js.map'
npm warn tar TAR_ENTRY_ERROR ENOENT: no such file or directory, open 'C:\Users\xussn\Desktop\kurs\lms-project\node_modules\next\dist\esm\build\webpack\plugins\wellknown-errors-plugin\parseCss.js.map'
npm warn tar TAR_ENTRY_ERROR ENOENT: no such file or directory, open 'C:\Users\xussn\Desktop\kurs\lms-project\node_modules\next\dist\esm\server\route-modules\app-route\helpers\parsed-url-query-to-params.js.map'
npm warn tar TAR_ENTRY_ERROR ENOENT: no such file or directory, open 'C:\Users\xussn\Desktop\kurs\lms-project\node_modules\next\dist\server\route-modules\app-route\helpers\parsed-url-query-to-params.js.map'
npm warn tar TAR_ENTRY_ERROR ENOENT: no such file or directory, open 'C:\Users\xussn\Desktop\kurs\lms-project\node_modules\next\dist\build\webpack\plugins\wellknown-errors-plugin\parseNextAppLoaderError.js.map'
npm warn tar TAR_ENTRY_ERROR ENOENT: no such file or directory, open 'C:\Users\xussn\Desktop\kurs\lms-project\node_modules\next\dist\esm\build\webpack\plugins\wellknown-errors-plugin\parseNextAppLoaderError.js.map'
npm warn tar TAR_ENTRY_ERROR ENOENT: no such file or directory, open 'C:\Users\xussn\Desktop\kurs\lms-project\node_modules\next\dist\build\webpack\plugins\wellknown-errors-plugin\parseNextFontError.js.map'
npm warn tar TAR_ENTRY_ERROR ENOENT: no such file or directory, open 'C:\Users\xussn\Desktop\kurs\lms-project\node_modules\next\dist\esm\build\webpack\plugins\wellknown-errors-plugin\parseNextFontError.js.map'
npm warn tar TAR_ENTRY_ERROR ENOENT: no such file or directory, open 'C:\Users\xussn\Desktop\kurs\lms-project\node_modules\next\dist\build\webpack\plugins\wellknown-errors-plugin\parseNextInvalidImportError.js.map'
npm warn tar TAR_ENTRY_ERROR ENOENT: no such file or directory, open 'C:\Users\xussn\Desktop\kurs\lms-project\node_modules\next\dist\esm\build\webpack\plugins\wellknown-errors-plugin\parseNextInvalidImportError.js.map'
npm warn tar TAR_ENTRY_ERROR ENOENT: no such file or directory, open 'C:\Users\xussn\Desktop\kurs\lms-project\node_modules\next\dist\build\webpack\plugins\wellknown-errors-plugin\parseNotFoundError.js.map'
npm warn tar TAR_ENTRY_ERROR ENOENT: no such file or directory, open 'C:\Users\xussn\Desktop\kurs\lms-project\node_modules\next\dist\esm\build\webpack\plugins\wellknown-errors-plugin\parseNotFoundError.js.map'
npm warn tar TAR_ENTRY_ERROR ENOENT: no such file or directory, open 'C:\Users\xussn\Desktop\kurs\lms-project\node_modules\next\dist\build\webpack\plugins\wellknown-errors-plugin\parseScss.js.map'
npm warn tar TAR_ENTRY_ERROR ENOENT: no such file or directory, open 'C:\Users\xussn\Desktop\kurs\lms-project\node_modules\next\dist\esm\build\webpack\plugins\wellknown-errors-plugin\parseScss.js.map'
npm warn tar TAR_ENTRY_ERROR ENOENT: no such file or directory, open 'C:\Users\xussn\Desktop\kurs\lms-project\node_modules\next\dist\esm\server\lib\patch-fetch.js.map'
npm warn tar TAR_ENTRY_ERROR ENOENT: no such file or directory, open 'C:\Users\xussn\Desktop\kurs\lms-project\node_modules\next\dist\server\lib\patch-fetch.js.map'
npm warn tar TAR_ENTRY_ERROR ENOENT: no such file or directory, open 'C:\Users\xussn\Desktop\kurs\lms-project\node_modules\next\dist\esm\lib\patch-incorrect-lockfile.js.map'
npm warn tar TAR_ENTRY_ERROR ENOENT: no such file or directory, open 'C:\Users\xussn\Desktop\kurs\lms-project\node_modules\next\dist\esm\server\lib\patch-set-header.js.map'
npm warn tar TAR_ENTRY_ERROR ENOENT: no such file or directory, open 'C:\Users\xussn\Desktop\kurs\lms-project\node_modules\next\dist\server\lib\patch-set-header.js.map'
npm warn tar TAR_ENTRY_ERROR ENOENT: no such file or directory, open 'C:\Users\xussn\Desktop\kurs\lms-project\node_modules\next\dist\esm\shared\lib\router\utils\path-has-prefix.js.map'
npm warn tar TAR_ENTRY_ERROR ENOENT: no such file or directory, open 'C:\Users\xussn\Desktop\kurs\lms-project\node_modules\next\dist\shared\lib\router\utils\path-has-prefix.js.map'
npm warn tar TAR_ENTRY_ERROR ENOENT: no such file or directory, open 'C:\Users\xussn\Desktop\kurs\lms-project\node_modules\next\dist\esm\shared\lib\router\utils\path-match.js.map'
npm warn tar TAR_ENTRY_ERROR ENOENT: no such file or directory, open 'C:\Users\xussn\Desktop\kurs\lms-project\node_modules\next\dist\shared\lib\router\utils\path-match.js.map'
npm warn tar TAR_ENTRY_ERROR ENOENT: no such file or directory, open 'C:\Users\xussn\Desktop\kurs\lms-project\node_modules\next\dist\esm\shared\lib\isomorphic\path.js.map'
npm warn tar TAR_ENTRY_ERROR ENOENT: no such file or directory, open 'C:\Users\xussn\Desktop\kurs\lms-project\node_modules\next\dist\shared\lib\isomorphic\path.js.map'
npm warn tar TAR_ENTRY_ERROR ENOENT: no such file or directory, open 'C:\Users\xussn\Desktop\kurs\lms-project\node_modules\next\dist\esm\server\normalizers\request\pathname-normalizer.js.map'
npm warn tar TAR_ENTRY_ERROR ENOENT: no such file or directory, open 'C:\Users\xussn\Desktop\kurs\lms-project\node_modules\next\dist\server\normalizers\request\pathname-normalizer.js.map'
npm warn tar TAR_ENTRY_ERROR ENOENT: no such file or directory, open 'C:\Users\xussn\Desktop\kurs\lms-project\node_modules\next\dist\esm\server\request\pathname.js.map'
npm warn tar TAR_ENTRY_ERROR ENOENT: no such file or directory, open 'C:\Users\xussn\Desktop\kurs\lms-project\node_modules\next\dist\server\request\pathname.js.map'
npm warn tar TAR_ENTRY_ERROR ENOENT: no such file or directory, open 'C:\Users\xussn\Desktop\kurs\lms-project\node_modules\next\dist\esm\lib\pick.js.map'
npm warn tar TAR_ENTRY_ERROR ENOENT: no such file or directory, open 'C:\Users\xussn\Desktop\kurs\lms-project\node_modules\next\dist\esm\lib\picocolors.js.map'
npm warn tar TAR_ENTRY_ERROR ENOENT: no such file or directory, open 'C:\Users\xussn\Desktop\kurs\lms-project\node_modules\next\dist\build\webpack\config\blocks\css\plugins.js.map'
npm warn tar TAR_ENTRY_ERROR ENOENT: no such file or directory, open 'C:\Users\xussn\Desktop\kurs\lms-project\node_modules\next\dist\esm\build\webpack\config\blocks\css\plugins.js.map'
npm warn tar TAR_ENTRY_ERROR ENOENT: no such file or directory, open 'C:\Users\xussn\Desktop\kurs\lms-project\node_modules\next\dist\telemetry\events\plugins.js.map'
npm warn tar TAR_ENTRY_ERROR ENOENT: no such file or directory, open 'C:\Users\xussn\Desktop\kurs\lms-project\node_modules\next\dist\build\polyfills\object.assign\polyfill.js.map'
npm warn tar TAR_ENTRY_ERROR ENOENT: no such file or directory, open 'C:\Users\xussn\Desktop\kurs\lms-project\node_modules\next\dist\esm\build\polyfills\object.assign\polyfill.js.map'
npm warn tar TAR_ENTRY_ERROR ENOENT: no such file or directory, open 'C:\Users\xussn\Desktop\kurs\lms-project\node_modules\next\dist\telemetry\post-telemetry-payload.js.map'
npm warn tar TAR_ENTRY_ERROR ENOENT: no such file or directory, open 'C:\Users\xussn\Desktop\kurs\lms-project\node_modules\next\dist\telemetry\post-telemetry-payload.test.js.map'
npm warn tar TAR_ENTRY_ERROR ENOENT: no such file or directory, open 'C:\Users\xussn\Desktop\kurs\lms-project\node_modules\next\dist\build\webpack\loaders\css-loader\src\plugins\postcss-icss-parser.js.map'
npm warn tar TAR_ENTRY_ERROR ENOENT: no such file or directory, open 'C:\Users\xussn\Desktop\kurs\lms-project\node_modules\next\dist\esm\build\webpack\loaders\css-loader\src\plugins\postcss-icss-parser.js.map'
npm warn tar TAR_ENTRY_ERROR ENOENT: no such file or directory, open 'C:\Users\xussn\Desktop\kurs\lms-project\node_modules\next\dist\build\webpack\loaders\css-loader\src\plugins\postcss-import-parser.js.map'
npm warn tar TAR_ENTRY_ERROR ENOENT: no such file or directory, open 'C:\Users\xussn\Desktop\kurs\lms-project\node_modules\next\dist\esm\build\webpack\loaders\css-loader\src\plugins\postcss-import-parser.js.map'
npm warn tar TAR_ENTRY_ERROR ENOENT: no such file or directory, open 'C:\Users\xussn\Desktop\kurs\lms-project\node_modules\next\dist\build\webpack\loaders\next-font-loader\postcss-next-font.js.map'
npm warn tar TAR_ENTRY_ERROR ENOENT: no such file or directory, open 'C:\Users\xussn\Desktop\kurs\lms-project\node_modules\next\dist\esm\build\webpack\loaders\next-font-loader\postcss-next-font.js.map'
npm warn tar TAR_ENTRY_ERROR ENOENT: no such file or directory, open 'C:\Users\xussn\Desktop\kurs\lms-project\node_modules\next\dist\build\webpack\loaders\css-loader\src\plugins\postcss-url-parser.js.map'
npm warn tar TAR_ENTRY_ERROR ENOENT: no such file or directory, open 'C:\Users\xussn\Desktop\kurs\lms-project\node_modules\next\dist\esm\build\webpack\loaders\css-loader\src\plugins\postcss-url-parser.js.map'
npm warn tar TAR_ENTRY_ERROR ENOENT: no such file or directory, open 'C:\Users\xussn\Desktop\kurs\lms-project\node_modules\next\dist\build\webpack\loaders\resolve-url-loader\lib\postcss.js.map'
npm warn tar TAR_ENTRY_ERROR ENOENT: no such file or directory, open 'C:\Users\xussn\Desktop\kurs\lms-project\node_modules\next\dist\esm\build\webpack\loaders\resolve-url-loader\lib\postcss.js.map'
npm warn tar TAR_ENTRY_ERROR ENOENT: no such file or directory, open 'C:\Users\xussn\Desktop\kurs\lms-project\node_modules\next\dist\esm\server\app-render\rsc\postpone.js.map'
npm warn tar TAR_ENTRY_ERROR ENOENT: no such file or directory, open 'C:\Users\xussn\Desktop\kurs\lms-project\node_modules\next\dist\server\app-render\rsc\postpone.js.map'
npm warn tar TAR_ENTRY_ERROR ENOENT: no such file or directory, open 'C:\Users\xussn\Desktop\kurs\lms-project\node_modules\next\dist\esm\server\lib\postponed-request-body.js.map'
npm warn tar TAR_ENTRY_ERROR ENOENT: no such file or directory, open 'C:\Users\xussn\Desktop\kurs\lms-project\node_modules\next\dist\server\lib\postponed-request-body.js.map'
npm warn tar TAR_ENTRY_ERROR ENOENT: no such file or directory, open 'C:\Users\xussn\Desktop\kurs\lms-project\node_modules\next\dist\esm\server\app-render\postponed-state.js.map'
npm warn tar TAR_ENTRY_ERROR ENOENT: no such file or directory, open 'C:\Users\xussn\Desktop\kurs\lms-project\node_modules\next\dist\server\app-render\postponed-state.js.map'
npm warn tar TAR_ENTRY_ERROR ENOENT: no such file or directory, open 'C:\Users\xussn\Desktop\kurs\lms-project\node_modules\next\dist\client\components\router-reducer\ppr-navigations.js.map'
npm warn tar TAR_ENTRY_ERROR ENOENT: no such file or directory, open 'C:\Users\xussn\Desktop\kurs\lms-project\node_modules\next\dist\esm\client\components\router-reducer\ppr-navigations.js.map'
npm warn tar TAR_ENTRY_ERROR ENOENT: no such file or directory, open 'C:\Users\xussn\Desktop\kurs\lms-project\node_modules\next\dist\esm\server\lib\experimental\ppr.js.map'
npm warn tar TAR_ENTRY_ERROR ENOENT: no such file or directory, open 'C:\Users\xussn\Desktop\kurs\lms-project\node_modules\next\dist\server\lib\experimental\ppr.js.map'
npm warn tar TAR_ENTRY_ERROR ENOENT: no such file or directory, open 'C:\Users\xussn\Desktop\kurs\lms-project\node_modules\next\dist\client\components\segment-cache\prefetch.js.map'
npm warn tar TAR_ENTRY_ERROR ENOENT: no such file or directory, open 'C:\Users\xussn\Desktop\kurs\lms-project\node_modules\next\dist\esm\client\components\segment-cache\prefetch.js.map'
npm warn tar TAR_ENTRY_ERROR ENOENT: no such file or directory, open 'C:\Users\xussn\Desktop\kurs\lms-project\node_modules\next\dist\esm\server\normalizers\request\prefix.js.map'
npm warn tar TAR_ENTRY_ERROR ENOENT: no such file or directory, open 'C:\Users\xussn\Desktop\kurs\lms-project\node_modules\next\dist\server\normalizers\request\prefix.js.map'
npm warn tar TAR_ENTRY_ERROR ENOENT: no such file or directory, open 'C:\Users\xussn\Desktop\kurs\lms-project\node_modules\next\dist\esm\server\normalizers\prefixing-normalizer.js.map'
npm warn tar TAR_ENTRY_ERROR ENOENT: no such file or directory, open 'C:\Users\xussn\Desktop\kurs\lms-project\node_modules\next\dist\server\normalizers\prefixing-normalizer.js.map'
npm warn tar TAR_ENTRY_ERROR ENOENT: no such file or directory, open 'C:\Users\xussn\Desktop\kurs\lms-project\node_modules\next\dist\esm\shared\lib\lazy-dynamic\preload-chunks.js.map'
npm warn tar TAR_ENTRY_ERROR ENOENT: no such file or directory, open 'C:\Users\xussn\Desktop\kurs\lms-project\node_modules\next\dist\shared\lib\lazy-dynamic\preload-chunks.js.map'
npm warn tar TAR_ENTRY_ERROR ENOENT: no such file or directory, open 'C:\Users\xussn\Desktop\kurs\lms-project\node_modules\next\dist\esm\server\app-render\rsc\preloads.js.map'
npm warn tar TAR_ENTRY_ERROR ENOENT: no such file or directory, open 'C:\Users\xussn\Desktop\kurs\lms-project\node_modules\next\dist\server\app-render\rsc\preloads.js.map'
npm warn tar TAR_ENTRY_ERROR ENOENT: no such file or directory, open 'C:\Users\xussn\Desktop\kurs\lms-project\node_modules\next\dist\esm\shared\lib\router\utils\prepare-destination.js.map'
npm warn tar TAR_ENTRY_ERROR ENOENT: no such file or directory, open 'C:\Users\xussn\Desktop\kurs\lms-project\node_modules\next\dist\shared\lib\router\utils\prepare-destination.js.map'
npm warn tar TAR_ENTRY_ERROR ENOENT: no such file or directory, open 'C:\Users\xussn\Desktop\kurs\lms-project\node_modules\next\dist\esm\server\route-modules\app-page\helpers\prerender-manifest-matcher.js.map'
npm warn tar TAR_ENTRY_ERROR ENOENT: no such file or directory, open 'C:\Users\xussn\Desktop\kurs\lms-project\node_modules\next\dist\server\route-modules\app-page\helpers\prerender-manifest-matcher.js.map'
npm warn tar TAR_ENTRY_ERROR ENOENT: no such file or directory, open 'C:\Users\xussn\Desktop\kurs\lms-project\node_modules\next\dist\build\babel\preset.js.map'
npm warn tar TAR_ENTRY_ERROR ENOENT: no such file or directory, open 'C:\Users\xussn\Desktop\kurs\lms-project\node_modules\next\dist\esm\build\babel\preset.js.map'
npm warn tar TAR_ENTRY_ERROR ENOENT: no such file or directory, open 'C:\Users\xussn\Desktop\kurs\lms-project\node_modules\next\dist\esm\lib\pretty-bytes.js.map'
npm warn tar TAR_ENTRY_ERROR ENOENT: no such file or directory, open 'C:\Users\xussn\Desktop\kurs\lms-project\node_modules\next\dist\build\preview-key-utils.js.map'
npm warn tar TAR_ENTRY_ERROR ENOENT: no such file or directory, open 'C:\Users\xussn\Desktop\kurs\lms-project\node_modules\next\dist\build\print-build-errors.js.map'
npm warn tar TAR_ENTRY_ERROR ENOENT: no such file or directory, open 'C:\Users\xussn\Desktop\kurs\lms-project\node_modules\next\dist\esm\server\node-environment-extensions\process-error-handlers.js.map'
npm warn tar TAR_ENTRY_ERROR ENOENT: no such file or directory, open 'C:\Users\xussn\Desktop\kurs\lms-project\node_modules\next\dist\server\node-environment-extensions\process-error-handlers.js.map'
npm warn tar TAR_ENTRY_ERROR ENOENT: no such file or directory, open 'C:\Users\xussn\Desktop\kurs\lms-project\node_modules\next\dist\build\polyfills\process.js.map'
npm warn tar TAR_ENTRY_ERROR ENOENT: no such file or directory, open 'C:\Users\xussn\Desktop\kurs\lms-project\node_modules\next\dist\esm\build\polyfills\process.js.map'
npm warn tar TAR_ENTRY_ERROR ENOENT: no such file or directory, open 'C:\Users\xussn\Desktop\kurs\lms-project\node_modules\next\dist\build\webpack\plugins\profiling-plugin.js.map'
npm warn tar TAR_ENTRY_ERROR ENOENT: no such file or directory, open 'C:\Users\xussn\Desktop\kurs\lms-project\node_modules\next\dist\esm\build\webpack\plugins\profiling-plugin.js.map'
npm warn tar TAR_ENTRY_ERROR ENOENT: no such file or directory, open 'C:\Users\xussn\Desktop\kurs\lms-project\node_modules\next\dist\build\progress.js.map'
npm warn tar TAR_ENTRY_ERROR ENOENT: no such file or directory, open 'C:\Users\xussn\Desktop\kurs\lms-project\node_modules\next\dist\telemetry\project-id.js.map'
npm warn tar TAR_ENTRY_ERROR ENOENT: no such file or directory, open 'C:\Users\xussn\Desktop\kurs\lms-project\node_modules\next\dist\esm\client\components\promise-queue.js.map'
npm warn tar TAR_ENTRY_ERROR ENOENT: no such file or directory, open 'C:\Users\xussn\Desktop\kurs\lms-project\node_modules\next\dist\esm\shared\lib\promise-with-resolvers.js.map'
npm warn tar TAR_ENTRY_ERROR ENOENT: no such file or directory, open 'C:\Users\xussn\Desktop\kurs\lms-project\node_modules\next\dist\shared\lib\promise-with-resolvers.js.map'
npm warn tar TAR_ENTRY_ERROR ENOENT: no such file or directory, open 'C:\Users\xussn\Desktop\kurs\lms-project\node_modules\next\dist\client\lib\promise.js.map'
npm warn tar TAR_ENTRY_ERROR ENOENT: no such file or directory, open 'C:\Users\xussn\Desktop\kurs\lms-project\node_modules\next\dist\esm\client\lib\promise.js.map'
npm warn tar TAR_ENTRY_ERROR ENOENT: no such file or directory, open 'C:\Users\xussn\Desktop\kurs\lms-project\node_modules\next\dist\esm\server\app-render\prospective-render-utils.js.map'
npm warn tar TAR_ENTRY_ERROR ENOENT: no such file or directory, open 'C:\Users\xussn\Desktop\kurs\lms-project\node_modules\next\dist\server\app-render\prospective-render-utils.js.map'
npm warn tar TAR_ENTRY_ERROR ENOENT: no such file or directory, open 'C:\Users\xussn\Desktop\kurs\lms-project\node_modules\next\dist\esm\server\lib\router-utils\proxy-request.js.map'
npm warn tar TAR_ENTRY_ERROR ENOENT: no such file or directory, open 'C:\Users\xussn\Desktop\kurs\lms-project\node_modules\next\dist\server\lib\router-utils\proxy-request.js.map'
npm warn tar TAR_ENTRY_ERROR ENOENT: no such file or directory, open 'C:\Users\xussn\Desktop\kurs\lms-project\node_modules\next\dist\esm\shared\lib\router\utils\querystring.js.map'
npm warn tar TAR_ENTRY_ERROR ENOENT: no such file or directory, open 'C:\Users\xussn\Desktop\kurs\lms-project\node_modules\next\dist\shared\lib\router\utils\querystring.js.map'
npm warn tar TAR_ENTRY_ERROR ENOENT: no such file or directory, open 'C:\Users\xussn\Desktop\kurs\lms-project\node_modules\next\dist\esm\server\node-environment-extensions\random.js.map'
npm warn tar TAR_ENTRY_ERROR ENOENT: no such file or directory, open 'C:\Users\xussn\Desktop\kurs\lms-project\node_modules\next\dist\server\node-environment-extensions\random.js.map'
npm warn tar TAR_ENTRY_ERROR ENOENT: no such file or directory, open 'C:\Users\xussn\Desktop\kurs\lms-project\node_modules\next\dist\esm\next-devtools\shared\react-18-hydration-error.js.map'
npm warn tar TAR_ENTRY_ERROR ENOENT: no such file or directory, open 'C:\Users\xussn\Desktop\kurs\lms-project\node_modules\next\dist\next-devtools\shared\react-18-hydration-error.js.map'
npm warn tar TAR_ENTRY_ERROR ENOENT: no such file or directory, open 'C:\Users\xussn\Desktop\kurs\lms-project\node_modules\next\dist\esm\next-devtools\shared\react-19-hydration-error.js.map'
npm warn tar TAR_ENTRY_ERROR ENOENT: no such file or directory, open 'C:\Users\xussn\Desktop\kurs\lms-project\node_modules\next\dist\next-devtools\shared\react-19-hydration-error.js.map'
npm warn tar TAR_ENTRY_ERROR ENOENT: no such file or directory, open 'C:\Users\xussn\Desktop\kurs\lms-project\node_modules\next\dist\esm\server\route-modules\app-page\vendored\rsc\react-compiler-runtime.js.map'
npm warn tar TAR_ENTRY_ERROR ENOENT: no such file or directory, open 'C:\Users\xussn\Desktop\kurs\lms-project\node_modules\next\dist\esm\server\route-modules\app-page\vendored\ssr\react-compiler-runtime.js.map'
npm warn tar TAR_ENTRY_ERROR ENOENT: no such file or directory, open 'C:\Users\xussn\Desktop\kurs\lms-project\node_modules\next\dist\server\route-modules\app-page\vendored\rsc\react-compiler-runtime.js.map'
npm warn tar TAR_ENTRY_ERROR ENOENT: no such file or directory, open 'C:\Users\xussn\Desktop\kurs\lms-project\node_modules\next\dist\server\route-modules\app-page\vendored\ssr\react-compiler-runtime.js.map'
npm warn tar TAR_ENTRY_ERROR ENOENT: no such file or directory, open 'C:\Users\xussn\Desktop\kurs\lms-project\node_modules\next\dist\build\webpack\alias\react-dom-server-experimental.js.map'
npm warn tar TAR_ENTRY_ERROR ENOENT: no such file or directory, open 'C:\Users\xussn\Desktop\kurs\lms-project\node_modules\next\dist\esm\build\webpack\alias\react-dom-server-experimental.js.map'
npm warn tar TAR_ENTRY_ERROR ENOENT: no such file or directory, open 'C:\Users\xussn\Desktop\kurs\lms-project\node_modules\next\dist\build\webpack\alias\react-dom-server.js.map'
npm warn tar TAR_ENTRY_ERROR ENOENT: no such file or directory, open 'C:\Users\xussn\Desktop\kurs\lms-project\node_modules\next\dist\esm\build\webpack\alias\react-dom-server.js.map'
npm warn tar TAR_ENTRY_ERROR ENOENT: no such file or directory, open 'C:\Users\xussn\Desktop\kurs\lms-project\node_modules\next\dist\esm\server\route-modules\app-page\vendored\ssr\react-dom-server.js.map'
npm warn tar TAR_ENTRY_ERROR ENOENT: no such file or directory, open 'C:\Users\xussn\Desktop\kurs\lms-project\node_modules\next\dist\server\route-modules\app-page\vendored\ssr\react-dom-server.js.map'
npm warn tar TAR_ENTRY_ERROR ENOENT: no such file or directory, open 'C:\Users\xussn\Desktop\kurs\lms-project\node_modules\next\dist\esm\server\route-modules\app-page\vendored\rsc\react-dom.js.map'
npm warn tar TAR_ENTRY_ERROR ENOENT: no such file or directory, open 'C:\Users\xussn\Desktop\kurs\lms-project\node_modules\next\dist\esm\server\route-modules\app-page\vendored\ssr\react-dom.js.map'
npm warn tar TAR_ENTRY_ERROR ENOENT: no such file or directory, open 'C:\Users\xussn\Desktop\kurs\lms-project\node_modules\next\dist\server\route-modules\app-page\vendored\rsc\react-dom.js.map'
npm warn tar TAR_ENTRY_ERROR ENOENT: no such file or directory, open 'C:\Users\xussn\Desktop\kurs\lms-project\node_modules\next\dist\server\route-modules\app-page\vendored\ssr\react-dom.js.map'
npm warn tar TAR_ENTRY_ERROR ENOENT: no such file or directory, open 'C:\Users\xussn\Desktop\kurs\lms-project\node_modules\next\dist\esm\server\route-modules\app-page\vendored\rsc\react-jsx-dev-runtime.js.map'
npm warn tar TAR_ENTRY_ERROR ENOENT: no such file or directory, open 'C:\Users\xussn\Desktop\kurs\lms-project\node_modules\next\dist\esm\server\route-modules\app-page\vendored\ssr\react-jsx-dev-runtime.js.map'
npm warn tar TAR_ENTRY_ERROR ENOENT: no such file or directory, open 'C:\Users\xussn\Desktop\kurs\lms-project\node_modules\next\dist\server\route-modules\app-page\vendored\rsc\react-jsx-dev-runtime.js.map'
npm warn tar TAR_ENTRY_ERROR ENOENT: no such file or directory, open 'C:\Users\xussn\Desktop\kurs\lms-project\node_modules\next\dist\server\route-modules\app-page\vendored\ssr\react-jsx-dev-runtime.js.map'
npm warn tar TAR_ENTRY_ERROR ENOENT: no such file or directory, open 'C:\Users\xussn\Desktop\kurs\lms-project\node_modules\next\dist\esm\server\route-modules\app-page\vendored\rsc\react-jsx-runtime.js.map'
npm warn tar TAR_ENTRY_ERROR ENOENT: no such file or directory, open 'C:\Users\xussn\Desktop\kurs\lms-project\node_modules\next\dist\esm\server\route-modules\app-page\vendored\ssr\react-jsx-runtime.js.map'
npm warn tar TAR_ENTRY_ERROR ENOENT: no such file or directory, open 'C:\Users\xussn\Desktop\kurs\lms-project\node_modules\next\dist\server\route-modules\app-page\vendored\rsc\react-jsx-runtime.js.map'
npm warn tar TAR_ENTRY_ERROR ENOENT: no such file or directory, open 'C:\Users\xussn\Desktop\kurs\lms-project\node_modules\next\dist\server\route-modules\app-page\vendored\ssr\react-jsx-runtime.js.map'
npm warn tar TAR_ENTRY_ERROR ENOENT: no such file or directory, open 'C:\Users\xussn\Desktop\kurs\lms-project\node_modules\next\dist\esm\server\app-render\react-large-shell-error.js.map'
npm warn tar TAR_ENTRY_ERROR ENOENT: no such file or directory, open 'C:\Users\xussn\Desktop\kurs\lms-project\node_modules\next\dist\server\app-render\react-large-shell-error.js.map'
npm warn tar TAR_ENTRY_ERROR ENOENT: no such file or directory, open 'C:\Users\xussn\Desktop\kurs\lms-project\node_modules\next\dist\build\babel\plugins\react-loadable-plugin.js.map'
npm warn tar TAR_ENTRY_ERROR ENOENT: no such file or directory, open 'C:\Users\xussn\Desktop\kurs\lms-project\node_modules\next\dist\build\webpack\plugins\react-loadable-plugin.js.map'
npm warn tar TAR_ENTRY_ERROR ENOENT: no such file or directory, open 'C:\Users\xussn\Desktop\kurs\lms-project\node_modules\next\dist\esm\build\babel\plugins\react-loadable-plugin.js.map'
npm warn tar TAR_ENTRY_ERROR ENOENT: no such file or directory, open 'C:\Users\xussn\Desktop\kurs\lms-project\node_modules\next\dist\esm\build\webpack\plugins\react-loadable-plugin.js.map'
npm warn tar TAR_ENTRY_ERROR ENOENT: no such file or directory, open 'C:\Users\xussn\Desktop\kurs\lms-project\node_modules\next\dist\esm\server\route-modules\app-page\vendored\ssr\react-server-dom-turbopack-client.js.map'
npm warn tar TAR_ENTRY_ERROR ENOENT: no such file or directory, open 'C:\Users\xussn\Desktop\kurs\lms-project\node_modules\next\dist\server\route-modules\app-page\vendored\ssr\react-server-dom-turbopack-client.js.map'
npm warn tar TAR_ENTRY_ERROR ENOENT: no such file or directory, open 'C:\Users\xussn\Desktop\kurs\lms-project\node_modules\next\dist\esm\server\route-modules\app-page\vendored\rsc\react-server-dom-turbopack-server.js.map'
npm warn tar TAR_ENTRY_ERROR ENOENT: no such file or directory, open 'C:\Users\xussn\Desktop\kurs\lms-project\node_modules\next\dist\server\route-modules\app-page\vendored\rsc\react-server-dom-turbopack-server.js.map'
npm warn tar TAR_ENTRY_ERROR ENOENT: no such file or directory, open 'C:\Users\xussn\Desktop\kurs\lms-project\node_modules\next\dist\esm\server\route-modules\app-page\vendored\rsc\react-server-dom-turbopack-static.js.map'
npm warn tar TAR_ENTRY_ERROR ENOENT: no such file or directory, open 'C:\Users\xussn\Desktop\kurs\lms-project\node_modules\next\dist\server\route-modules\app-page\vendored\rsc\react-server-dom-turbopack-static.js.map'
npm warn tar TAR_ENTRY_ERROR ENOENT: no such file or directory, open 'C:\Users\xussn\Desktop\kurs\lms-project\node_modules\next\dist\esm\server\route-modules\app-page\vendored\ssr\react-server-dom-webpack-client.js.map'
npm warn tar TAR_ENTRY_ERROR ENOENT: no such file or directory, open 'C:\Users\xussn\Desktop\kurs\lms-project\node_modules\next\dist\server\route-modules\app-page\vendored\ssr\react-server-dom-webpack-client.js.map'
npm warn tar TAR_ENTRY_ERROR ENOENT: no such file or directory, open 'C:\Users\xussn\Desktop\kurs\lms-project\node_modules\next\dist\esm\server\route-modules\app-page\vendored\rsc\react-server-dom-webpack-server.js.map'
npm warn tar TAR_ENTRY_ERROR ENOENT: no such file or directory, open 'C:\Users\xussn\Desktop\kurs\lms-project\node_modules\next\dist\server\route-modules\app-page\vendored\rsc\react-server-dom-webpack-server.js.map'
npm warn tar TAR_ENTRY_ERROR ENOENT: no such file or directory, open 'C:\Users\xussn\Desktop\kurs\lms-project\node_modules\next\dist\esm\server\route-modules\app-page\vendored\rsc\react-server-dom-webpack-static.js.map'
npm warn tar TAR_ENTRY_ERROR ENOENT: no such file or directory, open 'C:\Users\xussn\Desktop\kurs\lms-project\node_modules\next\dist\server\route-modules\app-page\vendored\rsc\react-server-dom-webpack-static.js.map'
npm warn tar TAR_ENTRY_ERROR ENOENT: no such file or directory, open 'C:\Users\xussn\Desktop\kurs\lms-project\node_modules\next\dist\esm\server\app-render\react-server.node.js.map'
npm warn tar TAR_ENTRY_ERROR ENOENT: no such file or directory, open 'C:\Users\xussn\Desktop\kurs\lms-project\node_modules\next\dist\server\app-render\react-server.node.js.map'
npm warn tar TAR_ENTRY_ERROR ENOENT: no such file or directory, open 'C:\Users\xussn\Desktop\kurs\lms-project\node_modules\next\dist\esm\server\route-modules\app-page\vendored\rsc\react.js.map'
npm warn tar TAR_ENTRY_ERROR ENOENT: no such file or directory, open 'C:\Users\xussn\Desktop\kurs\lms-project\node_modules\next\dist\esm\server\route-modules\app-page\vendored\ssr\react.js.map'
npm warn tar TAR_ENTRY_ERROR ENOENT: no such file or directory, open 'C:\Users\xussn\Desktop\kurs\lms-project\node_modules\next\dist\server\route-modules\app-page\vendored\rsc\react.js.map'
npm warn tar TAR_ENTRY_ERROR ENOENT: no such file or directory, open 'C:\Users\xussn\Desktop\kurs\lms-project\node_modules\next\dist\server\route-modules\app-page\vendored\ssr\react.js.map'
npm warn tar TAR_ENTRY_ERROR ENOENT: no such file or directory, open 'C:\Users\xussn\Desktop\kurs\lms-project\node_modules\next\dist\compiled\@next\react-refresh-utils\dist\internal\ReactRefreshModule.runtime.js.map'
npm warn tar TAR_ENTRY_ERROR ENOENT: no such file or directory, open 'C:\Users\xussn\Desktop\kurs\lms-project\node_modules\next\dist\compiled\@next\react-refresh-utils\dist\ReactRefreshRspackPlugin.js.map'
npm warn tar TAR_ENTRY_ERROR ENOENT: no such file or directory, open 'C:\Users\xussn\Desktop\kurs\lms-project\node_modules\next\dist\compiled\@next\react-refresh-utils\dist\ReactRefreshWebpackPlugin.js.map'
npm warn tar TAR_ENTRY_ERROR ENOENT: no such file or directory, open 'C:\Users\xussn\Desktop\kurs\lms-project\node_modules\next\dist\esm\client\components\readonly-url-search-params.js.map'
npm warn tar TAR_ENTRY_ERROR ENOENT: no such file or directory, open 'C:\Users\xussn\Desktop\kurs\lms-project\node_modules\next\dist\esm\lib\realpath.js.map'
npm warn tar TAR_ENTRY_ERROR ENOENT: no such file or directory, open 'C:\Users\xussn\Desktop\kurs\lms-project\node_modules\next\dist\esm\server\dev\browser-logs\receive-logs.js.map'
npm warn tar TAR_ENTRY_ERROR ENOENT: no such file or directory, open 'C:\Users\xussn\Desktop\kurs\lms-project\node_modules\next\dist\server\dev\browser-logs\receive-logs.js.map'
npm warn tar TAR_ENTRY_ERROR ENOENT: no such file or directory, open 'C:\Users\xussn\Desktop\kurs\lms-project\node_modules\next\dist\esm\lib\recursive-copy.js.map'
npm warn tar TAR_ENTRY_ERROR ENOENT: no such file or directory, open 'C:\Users\xussn\Desktop\kurs\lms-project\node_modules\next\dist\esm\lib\recursive-delete.js.map'
npm warn tar TAR_ENTRY_ERROR ENOENT: no such file or directory, open 'C:\Users\xussn\Desktop\kurs\lms-project\node_modules\next\dist\esm\lib\recursive-readdir.js.map'
npm warn tar TAR_ENTRY_ERROR ENOENT: no such file or directory, open 'C:\Users\xussn\Desktop\kurs\lms-project\node_modules\next\dist\esm\client\components\redirect-boundary.js.map'
npm warn tar TAR_ENTRY_ERROR ENOENT: no such file or directory, open 'C:\Users\xussn\Desktop\kurs\lms-project\node_modules\next\dist\esm\client\components\redirect-error.js.map'
npm warn tar TAR_ENTRY_ERROR ENOENT: no such file or directory, open 'C:\Users\xussn\Desktop\kurs\lms-project\node_modules\next\dist\esm\client\components\redirect-status-code.js.map'
npm warn tar TAR_ENTRY_ERROR ENOENT: no such file or directory, open 'C:\Users\xussn\Desktop\kurs\lms-project\node_modules\next\dist\esm\lib\redirect-status.js.map'
npm warn tar TAR_ENTRY_ERROR ENOENT: no such file or directory, open 'C:\Users\xussn\Desktop\kurs\lms-project\node_modules\next\dist\esm\client\components\redirect.js.map'
npm warn tar TAR_ENTRY_ERROR ENOENT: no such file or directory, open 'C:\Users\xussn\Desktop\kurs\lms-project\node_modules\next\dist\esm\shared\lib\utils\reflect-utils.js.map'
npm warn tar TAR_ENTRY_ERROR ENOENT: no such file or directory, open 'C:\Users\xussn\Desktop\kurs\lms-project\node_modules\next\dist\shared\lib\utils\reflect-utils.js.map'
npm warn tar TAR_ENTRY_ERROR ENOENT: no such file or directory, open 'C:\Users\xussn\Desktop\kurs\lms-project\node_modules\next\dist\esm\server\web\spec-extension\adapters\reflect.js.map'
npm warn tar TAR_ENTRY_ERROR ENOENT: no such file or directory, open 'C:\Users\xussn\Desktop\kurs\lms-project\node_modules\next\dist\server\web\spec-extension\adapters\reflect.js.map'
npm warn tar TAR_ENTRY_ERROR ENOENT: no such file or directory, open 'C:\Users\xussn\Desktop\kurs\lms-project\node_modules\next\dist\client\components\router-reducer\reducers\refresh-reducer.js.map'
npm warn tar TAR_ENTRY_ERROR ENOENT: no such file or directory, open 'C:\Users\xussn\Desktop\kurs\lms-project\node_modules\next\dist\esm\client\components\router-reducer\reducers\refresh-reducer.js.map'
npm warn tar TAR_ENTRY_ERROR ENOENT: no such file or directory, open 'C:\Users\xussn\Desktop\kurs\lms-project\node_modules\next\dist\esm\client\register-deployment-id-global.js.map'
npm warn tar TAR_ENTRY_ERROR ENOENT: no such file or directory, open 'C:\Users\xussn\Desktop\kurs\lms-project\node_modules\next\dist\esm\shared\lib\router\utils\relativize-url.js.map'
npm warn tar TAR_ENTRY_ERROR ENOENT: no such file or directory, open 'C:\Users\xussn\Desktop\kurs\lms-project\node_modules\next\dist\shared\lib\router\utils\relativize-url.js.map'
npm warn tar TAR_ENTRY_ERROR ENOENT: no such file or directory, open 'C:\Users\xussn\Desktop\kurs\lms-project\node_modules\next\dist\esm\client\remove-base-path.js.map'
npm warn tar TAR_ENTRY_ERROR ENOENT: no such file or directory, open 'C:\Users\xussn\Desktop\kurs\lms-project\node_modules\next\dist\esm\client\remove-locale.js.map'
npm warn tar TAR_ENTRY_ERROR ENOENT: no such file or directory, open 'C:\Users\xussn\Desktop\kurs\lms-project\node_modules\next\dist\esm\shared\lib\page-path\remove-page-path-tail.js.map'
npm warn tar TAR_ENTRY_ERROR ENOENT: no such file or directory, open 'C:\Users\xussn\Desktop\kurs\lms-project\node_modules\next\dist\shared\lib\page-path\remove-page-path-tail.js.map'
npm warn tar TAR_ENTRY_ERROR ENOENT: no such file or directory, open 'C:\Users\xussn\Desktop\kurs\lms-project\node_modules\next\dist\esm\shared\lib\router\utils\remove-path-prefix.js.map'
npm warn tar TAR_ENTRY_ERROR ENOENT: no such file or directory, open 'C:\Users\xussn\Desktop\kurs\lms-project\node_modules\next\dist\shared\lib\router\utils\remove-path-prefix.js.map'
npm warn tar TAR_ENTRY_ERROR ENOENT: no such file or directory, open 'C:\Users\xussn\Desktop\kurs\lms-project\node_modules\next\dist\esm\shared\lib\router\utils\remove-trailing-slash.js.map'
npm warn tar TAR_ENTRY_ERROR ENOENT: no such file or directory, open 'C:\Users\xussn\Desktop\kurs\lms-project\node_modules\next\dist\shared\lib\router\utils\remove-trailing-slash.js.map'
npm warn tar TAR_ENTRY_ERROR ENOENT: no such file or directory, open 'C:\Users\xussn\Desktop\kurs\lms-project\node_modules\next\dist\esm\lib\fs\rename.js.map'
npm warn tar TAR_ENTRY_ERROR ENOENT: no such file or directory, open 'C:\Users\xussn\Desktop\kurs\lms-project\node_modules\next\dist\lib\fs\rename.js.map'
npm warn tar TAR_ENTRY_ERROR ENOENT: no such file or directory, open 'C:\Users\xussn\Desktop\kurs\lms-project\node_modules\next\dist\esm\server\app-render\render-css-resource.js.map'
npm warn tar TAR_ENTRY_ERROR ENOENT: no such file or directory, open 'C:\Users\xussn\Desktop\kurs\lms-project\node_modules\next\dist\server\app-render\render-css-resource.js.map'
npm warn tar TAR_ENTRY_ERROR ENOENT: no such file or directory, open 'C:\Users\xussn\Desktop\kurs\lms-project\node_modules\next\dist\esm\client\components\render-from-template-context.js.map'
npm warn tar TAR_ENTRY_ERROR ENOENT: no such file or directory, open 'C:\Users\xussn\Desktop\kurs\lms-project\node_modules\next\dist\esm\server\lib\render-server.js.map'
npm warn tar TAR_ENTRY_ERROR ENOENT: no such file or directory, open 'C:\Users\xussn\Desktop\kurs\lms-project\node_modules\next\dist\server\lib\render-server.js.map'
npm warn tar TAR_ENTRY_ERROR ENOENT: no such file or directory, open 'C:\Users\xussn\Desktop\kurs\lms-project\node_modules\next\dist\build\rendering-mode.js.map'
npm warn tar TAR_ENTRY_ERROR ENOENT: no such file or directory, open 'C:\Users\xussn\Desktop\kurs\lms-project\node_modules\next\dist\esm\next-devtools\userspace\app\errors\replay-ssr-only-errors.js.map'
npm warn tar TAR_ENTRY_ERROR ENOENT: no such file or directory, open 'C:\Users\xussn\Desktop\kurs\lms-project\node_modules\next\dist\next-devtools\userspace\app\errors\replay-ssr-only-errors.js.map'
npm warn tar TAR_ENTRY_ERROR ENOENT: no such file or directory, open 'C:\Users\xussn\Desktop\kurs\lms-project\node_modules\next\dist\client\react-client-callbacks\report-global-error.js.map'
npm warn tar TAR_ENTRY_ERROR ENOENT: no such file or directory, open 'C:\Users\xussn\Desktop\kurs\lms-project\node_modules\next\dist\esm\client\react-client-callbacks\report-global-error.js.map'
npm warn tar TAR_ENTRY_ERROR ENOENT: no such file or directory, open 'C:\Users\xussn\Desktop\kurs\lms-project\node_modules\next\dist\client\dev\report-hmr-latency.js.map'
npm warn tar TAR_ENTRY_ERROR ENOENT: no such file or directory, open 'C:\Users\xussn\Desktop\kurs\lms-project\node_modules\next\dist\esm\client\dev\report-hmr-latency.js.map'
npm warn tar TAR_ENTRY_ERROR ENOENT: no such file or directory, open 'C:\Users\xussn\Desktop\kurs\lms-project\node_modules\next\dist\client\tracing\report-to-socket.js.map'
npm warn tar TAR_ENTRY_ERROR ENOENT: no such file or directory, open 'C:\Users\xussn\Desktop\kurs\lms-project\node_modules\next\dist\esm\client\tracing\report-to-socket.js.map'
npm warn tar TAR_ENTRY_ERROR ENOENT: no such file or directory, open 'C:\Users\xussn\Desktop\kurs\lms-project\node_modules\next\dist\experimental\testmode\playwright\report.js.map'
npm warn tar TAR_ENTRY_ERROR ENOENT: no such file or directory, open 'C:\Users\xussn\Desktop\kurs\lms-project\node_modules\next\dist\esm\server\web\spec-extension\adapters\request-cookies.js.map'
npm warn tar TAR_ENTRY_ERROR ENOENT: no such file or directory, open 'C:\Users\xussn\Desktop\kurs\lms-project\node_modules\next\dist\server\web\spec-extension\adapters\request-cookies.js.map'
npm warn tar TAR_ENTRY_ERROR ENOENT: no such file or directory, open 'C:\Users\xussn\Desktop\kurs\lms-project\node_modules\next\dist\esm\client\request-idle-callback.js.map'
npm warn tar TAR_ENTRY_ERROR ENOENT: no such file or directory, open 'C:\Users\xussn\Desktop\kurs\lms-project\node_modules\next\dist\esm\server\async-storage\request-store.js.map'
npm warn tar TAR_ENTRY_ERROR ENOENT: no such file or directory, open 'C:\Users\xussn\Desktop\kurs\lms-project\node_modules\next\dist\server\async-storage\request-store.js.map'
npm warn tar TAR_ENTRY_ERROR ENOENT: no such file or directory, open 'C:\Users\xussn\Desktop\kurs\lms-project\node_modules\next\dist\esm\server\web\spec-extension\request.js.map'
npm warn tar TAR_ENTRY_ERROR ENOENT: no such file or directory, open 'C:\Users\xussn\Desktop\kurs\lms-project\node_modules\next\dist\server\web\spec-extension\request.js.map'
npm warn tar TAR_ENTRY_ERROR ENOENT: no such file or directory, open 'C:\Users\xussn\Desktop\kurs\lms-project\node_modules\next\dist\esm\server\dev\require-cache.js.map'
npm warn tar TAR_ENTRY_ERROR ENOENT: no such file or directory, open 'C:\Users\xussn\Desktop\kurs\lms-project\node_modules\next\dist\server\dev\require-cache.js.map'
npm warn tar TAR_ENTRY_ERROR ENOENT: no such file or directory, open 'C:\Users\xussn\Desktop\kurs\lms-project\node_modules\next\dist\build\next-config-ts\require-hook.js.map'
npm warn tar TAR_ENTRY_ERROR ENOENT: no such file or directory, open 'C:\Users\xussn\Desktop\kurs\lms-project\node_modules\next\dist\esm\build\next-config-ts\require-hook.js.map'
npm warn tar TAR_ENTRY_ERROR ENOENT: no such file or directory, open 'C:\Users\xussn\Desktop\kurs\lms-project\node_modules\next\dist\esm\lib\require-instrumentation-client.js.map'
npm warn tar TAR_ENTRY_ERROR ENOENT: no such file or directory, open 'C:\Users\xussn\Desktop\kurs\lms-project\node_modules\next\dist\esm\server\app-render\required-scripts.js.map'
npm warn tar TAR_ENTRY_ERROR ENOENT: no such file or directory, open 'C:\Users\xussn\Desktop\kurs\lms-project\node_modules\next\dist\server\app-render\required-scripts.js.map'
npm warn tar TAR_ENTRY_ERROR ENOENT: no such file or directory, open 'C:\Users\xussn\Desktop\kurs\lms-project\node_modules\next\dist\esm\lib\metadata\resolvers\resolve-basics.js.map'
npm warn tar TAR_ENTRY_ERROR ENOENT: no such file or directory, open 'C:\Users\xussn\Desktop\kurs\lms-project\node_modules\next\dist\lib\metadata\resolvers\resolve-basics.js.map'
npm warn tar TAR_ENTRY_ERROR ENOENT: no such file or directory, open 'C:\Users\xussn\Desktop\kurs\lms-project\node_modules\next\dist\esm\lib\resolve-build-paths.js.map'
npm warn tar TAR_ENTRY_ERROR ENOENT: no such file or directory, open 'C:\Users\xussn\Desktop\kurs\lms-project\node_modules\next\dist\esm\lib\resolve-from.js.map'
npm warn tar TAR_ENTRY_ERROR ENOENT: no such file or directory, open 'C:\Users\xussn\Desktop\kurs\lms-project\node_modules\next\dist\esm\client\resolve-href.js.map'
npm warn tar TAR_ENTRY_ERROR ENOENT: no such file or directory, open 'C:\Users\xussn\Desktop\kurs\lms-project\node_modules\next\dist\esm\lib\metadata\resolvers\resolve-icons.js.map'
npm warn tar TAR_ENTRY_ERROR ENOENT: no such file or directory, open 'C:\Users\xussn\Desktop\kurs\lms-project\node_modules\next\dist\lib\metadata\resolvers\resolve-icons.js.map'
npm warn tar TAR_ENTRY_ERROR ENOENT: no such file or directory, open 'C:\Users\xussn\Desktop\kurs\lms-project\node_modules\next\dist\esm\lib\metadata\resolve-metadata.js.map'
npm warn tar TAR_ENTRY_ERROR ENOENT: no such file or directory, open 'C:\Users\xussn\Desktop\kurs\lms-project\node_modules\next\dist\lib\metadata\resolve-metadata.js.map'
npm warn tar TAR_ENTRY_ERROR ENOENT: no such file or directory, open 'C:\Users\xussn\Desktop\kurs\lms-project\node_modules\next\dist\esm\lib\metadata\resolvers\resolve-opengraph.js.map'
npm warn tar TAR_ENTRY_ERROR ENOENT: no such file or directory, open 'C:\Users\xussn\Desktop\kurs\lms-project\node_modules\next\dist\lib\metadata\resolvers\resolve-opengraph.js.map'
npm warn tar TAR_ENTRY_ERROR ENOENT: no such file or directory, open 'C:\Users\xussn\Desktop\kurs\lms-project\node_modules\next\dist\esm\shared\lib\router\utils\resolve-param-value.js.map'
npm warn tar TAR_ENTRY_ERROR ENOENT: no such file or directory, open 'C:\Users\xussn\Desktop\kurs\lms-project\node_modules\next\dist\shared\lib\router\utils\resolve-param-value.js.map'
npm warn tar TAR_ENTRY_ERROR ENOENT: no such file or directory, open 'C:\Users\xussn\Desktop\kurs\lms-project\node_modules\next\dist\esm\shared\lib\router\utils\resolve-rewrites.js.map'
npm warn tar TAR_ENTRY_ERROR ENOENT: no such file or directory, open 'C:\Users\xussn\Desktop\kurs\lms-project\node_modules\next\dist\shared\lib\router\utils\resolve-rewrites.js.map'
npm warn tar TAR_ENTRY_ERROR ENOENT: no such file or directory, open 'C:\Users\xussn\Desktop\kurs\lms-project\node_modules\next\dist\build\webpack\loaders\metadata\resolve-route-data.js.map'
npm warn tar TAR_ENTRY_ERROR ENOENT: no such file or directory, open 'C:\Users\xussn\Desktop\kurs\lms-project\node_modules\next\dist\esm\build\webpack\loaders\metadata\resolve-route-data.js.map'
npm warn tar TAR_ENTRY_ERROR ENOENT: no such file or directory, open 'C:\Users\xussn\Desktop\kurs\lms-project\node_modules\next\dist\esm\server\lib\router-utils\resolve-routes.js.map'
npm warn tar TAR_ENTRY_ERROR ENOENT: no such file or directory, open 'C:\Users\xussn\Desktop\kurs\lms-project\node_modules\next\dist\server\lib\router-utils\resolve-routes.js.map'
npm warn tar TAR_ENTRY_ERROR ENOENT: no such file or directory, open 'C:\Users\xussn\Desktop\kurs\lms-project\node_modules\next\dist\esm\lib\metadata\resolvers\resolve-title.js.map'
npm warn tar TAR_ENTRY_ERROR ENOENT: no such file or directory, open 'C:\Users\xussn\Desktop\kurs\lms-project\node_modules\next\dist\lib\metadata\resolvers\resolve-title.js.map'
npm warn tar TAR_ENTRY_ERROR ENOENT: no such file or directory, open 'C:\Users\xussn\Desktop\kurs\lms-project\node_modules\next\dist\esm\lib\metadata\resolvers\resolve-url.js.map'
npm warn tar TAR_ENTRY_ERROR ENOENT: no such file or directory, open 'C:\Users\xussn\Desktop\kurs\lms-project\node_modules\next\dist\lib\metadata\resolvers\resolve-url.js.map'
npm warn tar TAR_ENTRY_ERROR ENOENT: no such file or directory, open 'C:\Users\xussn\Desktop\kurs\lms-project\node_modules\next\dist\build\webpack-config-rules\resolve.js.map'
npm warn tar TAR_ENTRY_ERROR ENOENT: no such file or directory, open 'C:\Users\xussn\Desktop\kurs\lms-project\node_modules\next\dist\esm\build\webpack-config-rules\resolve.js.map'
npm warn tar TAR_ENTRY_ERROR ENOENT: no such file or directory, open 'C:\Users\xussn\Desktop\kurs\lms-project\node_modules\next\dist\esm\lib\metadata\types\resolvers.js.map'
npm warn tar TAR_ENTRY_ERROR ENOENT: no such file or directory, open 'C:\Users\xussn\Desktop\kurs\lms-project\node_modules\next\dist\lib\metadata\types\resolvers.js.map'
npm warn tar TAR_ENTRY_ERROR ENOENT: no such file or directory, open 'C:\Users\xussn\Desktop\kurs\lms-project\node_modules\next\dist\esm\server\web\sandbox\resource-managers.js.map'
npm warn tar TAR_ENTRY_ERROR ENOENT: no such file or directory, open 'C:\Users\xussn\Desktop\kurs\lms-project\node_modules\next\dist\server\web\sandbox\resource-managers.js.map'
npm warn tar TAR_ENTRY_ERROR ENOENT: no such file or directory, open 'C:\Users\xussn\Desktop\kurs\lms-project\node_modules\next\dist\esm\server\web\spec-extension\response.js.map'
npm warn tar TAR_ENTRY_ERROR ENOENT: no such file or directory, open 'C:\Users\xussn\Desktop\kurs\lms-project\node_modules\next\dist\server\web\spec-extension\response.js.map'
npm warn tar TAR_ENTRY_ERROR ENOENT: no such file or directory, open 'C:\Users\xussn\Desktop\kurs\lms-project\node_modules\next\dist\next-devtools\server\restart-dev-server-middleware.js.map'
npm warn tar TAR_ENTRY_ERROR ENOENT: no such file or directory, open 'C:\Users\xussn\Desktop\kurs\lms-project\node_modules\next\dist\client\components\router-reducer\reducers\restore-reducer.js.map'
npm warn tar TAR_ENTRY_ERROR ENOENT: no such file or directory, open 'C:\Users\xussn\Desktop\kurs\lms-project\node_modules\next\dist\esm\client\components\router-reducer\reducers\restore-reducer.js.map'
npm warn tar TAR_ENTRY_ERROR ENOENT: no such file or directory, open 'C:\Users\xussn\Desktop\kurs\lms-project\node_modules\next\dist\build\turborepo-access-trace\result.js.map'
npm warn tar TAR_ENTRY_ERROR ENOENT: no such file or directory, open 'C:\Users\xussn\Desktop\kurs\lms-project\node_modules\next\dist\esm\build\turborepo-access-trace\result.js.map'
npm warn tar TAR_ENTRY_ERROR ENOENT: no such file or directory, open 'C:\Users\xussn\Desktop\kurs\lms-project\node_modules\next\dist\esm\server\resume-data-cache\resume-data-cache.js.map'
npm warn tar TAR_ENTRY_ERROR ENOENT: no such file or directory, open 'C:\Users\xussn\Desktop\kurs\lms-project\node_modules\next\dist\server\resume-data-cache\resume-data-cache.js.map'
npm warn tar TAR_ENTRY_ERROR ENOENT: no such file or directory, open 'C:\Users\xussn\Desktop\kurs\lms-project\node_modules\next\dist\esm\server\web\spec-extension\revalidate.js.map'
npm warn tar TAR_ENTRY_ERROR ENOENT: no such file or directory, open 'C:\Users\xussn\Desktop\kurs\lms-project\node_modules\next\dist\server\web\spec-extension\revalidate.js.map'
npm warn tar TAR_ENTRY_ERROR ENOENT: no such file or directory, open 'C:\Users\xussn\Desktop\kurs\lms-project\node_modules\next\dist\client\components\errors\root-error-boundary.js.map'
npm warn tar TAR_ENTRY_ERROR ENOENT: no such file or directory, open 'C:\Users\xussn\Desktop\kurs\lms-project\node_modules\next\dist\esm\client\components\errors\root-error-boundary.js.map'
npm warn tar TAR_ENTRY_ERROR ENOENT: no such file or directory, open 'C:\Users\xussn\Desktop\kurs\lms-project\node_modules\next\dist\esm\server\request\root-params.js.map'
npm warn tar TAR_ENTRY_ERROR ENOENT: no such file or directory, open 'C:\Users\xussn\Desktop\kurs\lms-project\node_modules\next\dist\server\request\root-params.js.map'
npm warn tar TAR_ENTRY_ERROR ENOENT: no such file or directory, open 'C:\Users\xussn\Desktop\kurs\lms-project\node_modules\next\dist\esm\client\route-announcer.js.map'
npm warn tar TAR_ENTRY_ERROR ENOENT: no such file or directory, open 'C:\Users\xussn\Desktop\kurs\lms-project\node_modules\next\dist\build\route-bundle-stats.js.map'
npm warn tar TAR_ENTRY_ERROR ENOENT: no such file or directory, open 'C:\Users\xussn\Desktop\kurs\lms-project\node_modules\next\dist\esm\server\route-definitions\route-definition.js.map'
npm warn tar TAR_ENTRY_ERROR ENOENT: no such file or directory, open 'C:\Users\xussn\Desktop\kurs\lms-project\node_modules\next\dist\server\route-definitions\route-definition.js.map'
npm warn tar TAR_ENTRY_ERROR ENOENT: no such file or directory, open 'C:\Users\xussn\Desktop\kurs\lms-project\node_modules\next\dist\build\route-discovery.js.map'
npm warn tar TAR_ENTRY_ERROR ENOENT: no such file or directory, open 'C:\Users\xussn\Desktop\kurs\lms-project\node_modules\next\dist\esm\client\route-loader.js.map'
npm warn tar TAR_ENTRY_ERROR ENOENT: no such file or directory, open 'C:\Users\xussn\Desktop\kurs\lms-project\node_modules\next\dist\esm\shared\lib\router\utils\route-match-utils.js.map'
npm warn tar TAR_ENTRY_ERROR ENOENT: no such file or directory, open 'C:\Users\xussn\Desktop\kurs\lms-project\node_modules\next\dist\shared\lib\router\utils\route-match-utils.js.map'
npm warn tar TAR_ENTRY_ERROR ENOENT: no such file or directory, open 'C:\Users\xussn\Desktop\kurs\lms-project\node_modules\next\dist\esm\server\route-matches\route-match.js.map'
npm warn tar TAR_ENTRY_ERROR ENOENT: no such file or directory, open 'C:\Users\xussn\Desktop\kurs\lms-project\node_modules\next\dist\server\route-matches\route-match.js.map'
npm warn tar TAR_ENTRY_ERROR ENOENT: no such file or directory, open 'C:\Users\xussn\Desktop\kurs\lms-project\node_modules\next\dist\esm\server\route-matcher-managers\route-matcher-manager.js.map'
npm warn tar TAR_ENTRY_ERROR ENOENT: no such file or directory, open 'C:\Users\xussn\Desktop\kurs\lms-project\node_modules\next\dist\server\route-matcher-managers\route-matcher-manager.js.map'
npm warn tar TAR_ENTRY_ERROR ENOENT: no such file or directory, open 'C:\Users\xussn\Desktop\kurs\lms-project\node_modules\next\dist\esm\server\route-matcher-providers\route-matcher-provider.js.map'
npm warn tar TAR_ENTRY_ERROR ENOENT: no such file or directory, open 'C:\Users\xussn\Desktop\kurs\lms-project\node_modules\next\dist\server\route-matcher-providers\route-matcher-provider.js.map'
npm warn tar TAR_ENTRY_ERROR ENOENT: no such file or directory, open 'C:\Users\xussn\Desktop\kurs\lms-project\node_modules\next\dist\esm\server\route-matchers\route-matcher.js.map'
npm warn tar TAR_ENTRY_ERROR ENOENT: no such file or directory, open 'C:\Users\xussn\Desktop\kurs\lms-project\node_modules\next\dist\esm\shared\lib\router\utils\route-matcher.js.map'
npm warn tar TAR_ENTRY_ERROR ENOENT: no such file or directory, open 'C:\Users\xussn\Desktop\kurs\lms-project\node_modules\next\dist\server\route-matchers\route-matcher.js.map'
npm warn tar TAR_ENTRY_ERROR ENOENT: no such file or directory, open 'C:\Users\xussn\Desktop\kurs\lms-project\node_modules\next\dist\shared\lib\router\utils\route-matcher.js.map'
npm warn tar TAR_ENTRY_ERROR ENOENT: no such file or directory, open 'C:\Users\xussn\Desktop\kurs\lms-project\node_modules\next\dist\esm\server\lib\module-loader\route-module-loader.js.map'
npm warn tar TAR_ENTRY_ERROR ENOENT: no such file or directory, open 'C:\Users\xussn\Desktop\kurs\lms-project\node_modules\next\dist\server\lib\module-loader\route-module-loader.js.map'
npm warn tar TAR_ENTRY_ERROR ENOENT: no such file or directory, open 'C:\Users\xussn\Desktop\kurs\lms-project\node_modules\next\dist\esm\server\route-modules\route-module.js.map'
npm warn tar TAR_ENTRY_ERROR ENOENT: no such file or directory, open 'C:\Users\xussn\Desktop\kurs\lms-project\node_modules\next\dist\server\route-modules\route-module.js.map'
npm warn tar TAR_ENTRY_ERROR ENOENT: no such file or directory, open 'C:\Users\xussn\Desktop\kurs\lms-project\node_modules\next\dist\esm\client\route-params.js.map'
npm warn tar TAR_ENTRY_ERROR ENOENT: no such file or directory, open 'C:\Users\xussn\Desktop\kurs\lms-project\node_modules\next\dist\esm\lib\route-pattern-normalizer.js.map'
npm warn tar TAR_ENTRY_ERROR ENOENT: no such file or directory, open 'C:\Users\xussn\Desktop\kurs\lms-project\node_modules\next\dist\esm\shared\lib\router\utils\route-regex.js.map'
npm warn tar TAR_ENTRY_ERROR ENOENT: no such file or directory, open 'C:\Users\xussn\Desktop\kurs\lms-project\node_modules\next\dist\shared\lib\router\utils\route-regex.js.map'
npm warn tar TAR_ENTRY_ERROR ENOENT: no such file or directory, open 'C:\Users\xussn\Desktop\kurs\lms-project\node_modules\next\dist\esm\server\lib\router-utils\route-types-utils.js.map'
npm warn tar TAR_ENTRY_ERROR ENOENT: no such file or directory, open 'C:\Users\xussn\Desktop\kurs\lms-project\node_modules\next\dist\server\lib\router-utils\route-types-utils.js.map'
npm warn tar TAR_ENTRY_ERROR ENOENT: no such file or directory, open 'C:\Users\xussn\Desktop\kurs\lms-project\node_modules\next\dist\esm\server\route-modules\app-page\vendored\contexts\router-context.js.map'
npm warn tar TAR_ENTRY_ERROR ENOENT: no such file or directory, open 'C:\Users\xussn\Desktop\kurs\lms-project\node_modules\next\dist\esm\server\route-modules\pages\vendored\contexts\router-context.js.map'
npm warn tar TAR_ENTRY_ERROR ENOENT: no such file or directory, open 'C:\Users\xussn\Desktop\kurs\lms-project\node_modules\next\dist\server\route-modules\app-page\vendored\contexts\router-context.js.map'
npm warn tar TAR_ENTRY_ERROR ENOENT: no such file or directory, open 'C:\Users\xussn\Desktop\kurs\lms-project\node_modules\next\dist\server\route-modules\pages\vendored\contexts\router-context.js.map'
npm warn tar TAR_ENTRY_ERROR ENOENT: no such file or directory, open 'C:\Users\xussn\Desktop\kurs\lms-project\node_modules\next\dist\esm\shared\lib\router-context.shared-runtime.js.map'
npm warn tar TAR_ENTRY_ERROR ENOENT: no such file or directory, open 'C:\Users\xussn\Desktop\kurs\lms-project\node_modules\next\dist\shared\lib\router-context.shared-runtime.js.map'
npm warn tar TAR_ENTRY_ERROR ENOENT: no such file or directory, open 'C:\Users\xussn\Desktop\kurs\lms-project\node_modules\next\dist\client\components\router-reducer\router-reducer-types.js.map'
npm warn tar TAR_ENTRY_ERROR ENOENT: no such file or directory, open 'C:\Users\xussn\Desktop\kurs\lms-project\node_modules\next\dist\esm\client\components\router-reducer\router-reducer-types.js.map'
npm warn tar TAR_ENTRY_ERROR ENOENT: no such file or directory, open 'C:\Users\xussn\Desktop\kurs\lms-project\node_modules\next\dist\client\components\router-reducer\router-reducer.js.map'
npm warn tar TAR_ENTRY_ERROR ENOENT: no such file or directory, open 'C:\Users\xussn\Desktop\kurs\lms-project\node_modules\next\dist\esm\client\components\router-reducer\router-reducer.js.map'
npm warn tar TAR_ENTRY_ERROR ENOENT: no such file or directory, open 'C:\Users\xussn\Desktop\kurs\lms-project\node_modules\next\dist\esm\server\lib\router-utils\router-server-context.js.map'
npm warn tar TAR_ENTRY_ERROR ENOENT: no such file or directory, open 'C:\Users\xussn\Desktop\kurs\lms-project\node_modules\next\dist\server\lib\router-utils\router-server-context.js.map'
npm warn tar TAR_ENTRY_ERROR ENOENT: no such file or directory, open 'C:\Users\xussn\Desktop\kurs\lms-project\node_modules\next\dist\esm\server\lib\router-server.js.map'
npm warn tar TAR_ENTRY_ERROR ENOENT: no such file or directory, open 'C:\Users\xussn\Desktop\kurs\lms-project\node_modules\next\dist\server\lib\router-server.js.map'
npm warn tar TAR_ENTRY_ERROR ENOENT: no such file or directory, open 'C:\Users\xussn\Desktop\kurs\lms-project\node_modules\next\dist\api\router.js.map'
npm warn tar TAR_ENTRY_ERROR ENOENT: no such file or directory, open 'C:\Users\xussn\Desktop\kurs\lms-project\node_modules\next\dist\client\compat\router.js.map'
npm warn tar TAR_ENTRY_ERROR ENOENT: no such file or directory, open 'C:\Users\xussn\Desktop\kurs\lms-project\node_modules\next\dist\esm\api\router.js.map'
npm warn tar TAR_ENTRY_ERROR ENOENT: no such file or directory, open 'C:\Users\xussn\Desktop\kurs\lms-project\node_modules\next\dist\esm\client\compat\router.js.map'
npm warn tar TAR_ENTRY_ERROR ENOENT: no such file or directory, open 'C:\Users\xussn\Desktop\kurs\lms-project\node_modules\next\dist\esm\client\router.js.map'
npm warn tar TAR_ENTRY_ERROR ENOENT: no such file or directory, open 'C:\Users\xussn\Desktop\kurs\lms-project\node_modules\next\dist\esm\shared\lib\router\router.js.map'
npm warn tar TAR_ENTRY_ERROR ENOENT: no such file or directory, open 'C:\Users\xussn\Desktop\kurs\lms-project\node_modules\next\dist\shared\lib\router\router.js.map'
npm warn tar TAR_ENTRY_ERROR ENOENT: no such file or directory, open 'C:\Users\xussn\Desktop\kurs\lms-project\node_modules\next\dist\esm\server\normalizers\request\rsc.js.map'
npm warn tar TAR_ENTRY_ERROR ENOENT: no such file or directory, open 'C:\Users\xussn\Desktop\kurs\lms-project\node_modules\next\dist\server\normalizers\request\rsc.js.map'
npm warn tar TAR_ENTRY_ERROR ENOENT: no such file or directory, open 'C:\Users\xussn\Desktop\kurs\lms-project\node_modules\next\dist\build\webpack\plugins\rspack-flight-client-entry-plugin.js.map'
npm warn tar TAR_ENTRY_ERROR ENOENT: no such file or directory, open 'C:\Users\xussn\Desktop\kurs\lms-project\node_modules\next\dist\esm\build\webpack\plugins\rspack-flight-client-entry-plugin.js.map'
npm warn tar TAR_ENTRY_ERROR ENOENT: no such file or directory, open 'C:\Users\xussn\Desktop\kurs\lms-project\node_modules\next\dist\build\webpack\plugins\rspack-profiling-plugin.js.map'
npm warn tar TAR_ENTRY_ERROR ENOENT: no such file or directory, open 'C:\Users\xussn\Desktop\kurs\lms-project\node_modules\next\dist\esm\build\webpack\plugins\rspack-profiling-plugin.js.map'
npm warn tar TAR_ENTRY_ERROR ENOENT: no such file or directory, open 'C:\Users\xussn\Desktop\kurs\lms-project\node_modules\next\dist\compiled\@next\react-refresh-utils\dist\rspack-runtime.js.map'
npm warn tar TAR_ENTRY_ERROR ENOENT: no such file or directory, open 'C:\Users\xussn\Desktop\kurs\lms-project\node_modules\next\dist\compiled\@next\react-refresh-utils\dist\internal\RspackReactRefresh.js.map'
npm warn tar TAR_ENTRY_ERROR ENOENT: no such file or directory, open 'C:\Users\xussn\Desktop\kurs\lms-project\node_modules\next\dist\esm\server\after\run-with-after.js.map'
npm warn tar TAR_ENTRY_ERROR ENOENT: no such file or directory, open 'C:\Users\xussn\Desktop\kurs\lms-project\node_modules\next\dist\server\after\run-with-after.js.map'
npm warn tar TAR_ENTRY_ERROR ENOENT: no such file or directory, open 'C:\Users\xussn\Desktop\kurs\lms-project\node_modules\next\dist\client\dev\runtime-error-handler.js.map'
npm warn tar TAR_ENTRY_ERROR ENOENT: no such file or directory, open 'C:\Users\xussn\Desktop\kurs\lms-project\node_modules\next\dist\esm\client\dev\runtime-error-handler.js.map'
npm warn tar TAR_ENTRY_ERROR ENOENT: no such file or directory, open 'C:\Users\xussn\Desktop\kurs\lms-project\node_modules\next\dist\compiled\@next\react-refresh-utils\dist\runtime.js.map'
npm warn tar TAR_ENTRY_ERROR ENOENT: no such file or directory, open 'C:\Users\xussn\Desktop\kurs\lms-project\node_modules\next\dist\esm\lib\typescript\runTypeCheck.js.map'
npm warn tar TAR_ENTRY_ERROR ENOENT: no such file or directory, open 'C:\Users\xussn\Desktop\kurs\lms-project\node_modules\next\dist\lib\typescript\runTypeCheck.js.map'
npm warn tar TAR_ENTRY_ERROR ENOENT: no such file or directory, open 'C:\Users\xussn\Desktop\kurs\lms-project\node_modules\next\dist\esm\server\web\sandbox\sandbox.js.map'
npm warn tar TAR_ENTRY_ERROR ENOENT: no such file or directory, open 'C:\Users\xussn\Desktop\kurs\lms-project\node_modules\next\dist\server\web\sandbox\sandbox.js.map'
npm warn tar TAR_ENTRY_ERROR ENOENT: no such file or directory, open 'C:\Users\xussn\Desktop\kurs\lms-project\node_modules\next\dist\client\components\segment-cache\scheduler.js.map'
npm warn tar TAR_ENTRY_ERROR ENOENT: no such file or directory, open 'C:\Users\xussn\Desktop\kurs\lms-project\node_modules\next\dist\esm\client\components\segment-cache\scheduler.js.map'
npm warn tar TAR_ENTRY_ERROR ENOENT: no such file or directory, open 'C:\Users\xussn\Desktop\kurs\lms-project\node_modules\next\dist\esm\lib\scheduler.js.map'
npm warn tar TAR_ENTRY_ERROR ENOENT: no such file or directory, open 'C:\Users\xussn\Desktop\kurs\lms-project\node_modules\next\dist\api\script.js.map'
npm warn tar TAR_ENTRY_ERROR ENOENT: no such file or directory, open 'C:\Users\xussn\Desktop\kurs\lms-project\node_modules\next\dist\esm\api\script.js.map'
npm warn tar TAR_ENTRY_ERROR ENOENT: no such file or directory, open 'C:\Users\xussn\Desktop\kurs\lms-project\node_modules\next\dist\esm\client\script.js.map'
npm warn tar TAR_ENTRY_ERROR ENOENT: no such file or directory, open 'C:\Users\xussn\Desktop\kurs\lms-project\node_modules\next\dist\client\request\search-params.browser.dev.js.map'
npm warn tar TAR_ENTRY_ERROR ENOENT: no such file or directory, open 'C:\Users\xussn\Desktop\kurs\lms-project\node_modules\next\dist\esm\client\request\search-params.browser.dev.js.map'
npm warn tar TAR_ENTRY_ERROR ENOENT: no such file or directory, open 'C:\Users\xussn\Desktop\kurs\lms-project\node_modules\next\dist\client\request\search-params.browser.js.map'
npm warn tar TAR_ENTRY_ERROR ENOENT: no such file or directory, open 'C:\Users\xussn\Desktop\kurs\lms-project\node_modules\next\dist\esm\client\request\search-params.browser.js.map'
npm warn tar TAR_ENTRY_ERROR ENOENT: no such file or directory, open 'C:\Users\xussn\Desktop\kurs\lms-project\node_modules\next\dist\client\request\search-params.browser.prod.js.map'
npm warn tar TAR_ENTRY_ERROR ENOENT: no such file or directory, open 'C:\Users\xussn\Desktop\kurs\lms-project\node_modules\next\dist\esm\client\request\search-params.browser.prod.js.map'
npm warn tar TAR_ENTRY_ERROR ENOENT: no such file or directory, open 'C:\Users\xussn\Desktop\kurs\lms-project\node_modules\next\dist\esm\server\request\search-params.js.map'
npm warn tar TAR_ENTRY_ERROR ENOENT: no such file or directory, open 'C:\Users\xussn\Desktop\kurs\lms-project\node_modules\next\dist\server\request\search-params.js.map'
npm warn tar TAR_ENTRY_ERROR ENOENT: no such file or directory, open 'C:\Users\xussn\Desktop\kurs\lms-project\node_modules\next\dist\esm\next-devtools\userspace\app\segment-explorer-node.js.map'
npm warn tar TAR_ENTRY_ERROR ENOENT: no such file or directory, open 'C:\Users\xussn\Desktop\kurs\lms-project\node_modules\next\dist\next-devtools\userspace\app\segment-explorer-node.js.map'
npm warn tar TAR_ENTRY_ERROR ENOENT: no such file or directory, open 'C:\Users\xussn\Desktop\kurs\lms-project\node_modules\next\dist\esm\server\app-render\segment-explorer-path.js.map'
npm warn tar TAR_ENTRY_ERROR ENOENT: no such file or directory, open 'C:\Users\xussn\Desktop\kurs\lms-project\node_modules\next\dist\server\app-render\segment-explorer-path.js.map'
npm warn tar TAR_ENTRY_ERROR ENOENT: no such file or directory, open 'C:\Users\xussn\Desktop\kurs\lms-project\node_modules\next\dist\esm\server\normalizers\request\segment-prefix-rsc.js.map'
npm warn tar TAR_ENTRY_ERROR ENOENT: no such file or directory, open 'C:\Users\xussn\Desktop\kurs\lms-project\node_modules\next\dist\server\normalizers\request\segment-prefix-rsc.js.map'
npm warn tar TAR_ENTRY_ERROR ENOENT: no such file or directory, open 'C:\Users\xussn\Desktop\kurs\lms-project\node_modules\next\dist\esm\shared\lib\segment-cache\segment-value-encoding.js.map'
npm warn tar TAR_ENTRY_ERROR ENOENT: no such file or directory, open 'C:\Users\xussn\Desktop\kurs\lms-project\node_modules\next\dist\shared\lib\segment-cache\segment-value-encoding.js.map'
npm warn tar TAR_ENTRY_ERROR ENOENT: no such file or directory, open 'C:\Users\xussn\Desktop\kurs\lms-project\node_modules\next\dist\esm\shared\lib\segment.js.map'
npm warn tar TAR_ENTRY_ERROR ENOENT: no such file or directory, open 'C:\Users\xussn\Desktop\kurs\lms-project\node_modules\next\dist\shared\lib\segment.js.map'
npm warn tar TAR_ENTRY_ERROR ENOENT: no such file or directory, open 'C:\Users\xussn\Desktop\kurs\lms-project\node_modules\next\dist\esm\lib\semver-noop.js.map'
npm warn tar TAR_ENTRY_ERROR ENOENT: no such file or directory, open 'C:\Users\xussn\Desktop\kurs\lms-project\node_modules\next\dist\esm\server\dev\serialized-errors.js.map'
npm warn tar TAR_ENTRY_ERROR ENOENT: no such file or directory, open 'C:\Users\xussn\Desktop\kurs\lms-project\node_modules\next\dist\server\dev\serialized-errors.js.map'
npm warn tar TAR_ENTRY_ERROR ENOENT: no such file or directory, open 'C:\Users\xussn\Desktop\kurs\lms-project\node_modules\next\dist\esm\server\dev\server-action-logger.js.map'
npm warn tar TAR_ENTRY_ERROR ENOENT: no such file or directory, open 'C:\Users\xussn\Desktop\kurs\lms-project\node_modules\next\dist\server\dev\server-action-logger.js.map'
npm warn tar TAR_ENTRY_ERROR ENOENT: no such file or directory, open 'C:\Users\xussn\Desktop\kurs\lms-project\node_modules\next\dist\client\components\router-reducer\reducers\server-action-reducer.js.map'
npm warn tar TAR_ENTRY_ERROR ENOENT: no such file or directory, open 'C:\Users\xussn\Desktop\kurs\lms-project\node_modules\next\dist\esm\client\components\router-reducer\reducers\server-action-reducer.js.map'
npm warn tar TAR_ENTRY_ERROR ENOENT: no such file or directory, open 'C:\Users\xussn\Desktop\kurs\lms-project\node_modules\next\dist\esm\server\lib\server-action-request-meta.js.map'
npm warn tar TAR_ENTRY_ERROR ENOENT: no such file or directory, open 'C:\Users\xussn\Desktop\kurs\lms-project\node_modules\next\dist\server\lib\server-action-request-meta.js.map'
npm warn tar TAR_ENTRY_ERROR ENOENT: no such file or directory, open 'C:\Users\xussn\Desktop\kurs\lms-project\node_modules\next\dist\esm\server\typescript\rules\server-boundary.js.map'
npm warn tar TAR_ENTRY_ERROR ENOENT: no such file or directory, open 'C:\Users\xussn\Desktop\kurs\lms-project\node_modules\next\dist\server\typescript\rules\server-boundary.js.map'
npm warn tar TAR_ENTRY_ERROR ENOENT: no such file or directory, open 'C:\Users\xussn\Desktop\kurs\lms-project\node_modules\next\dist\experimental\testmode\server-edge.js.map'
npm warn tar TAR_ENTRY_ERROR ENOENT: no such file or directory, open 'C:\Users\xussn\Desktop\kurs\lms-project\node_modules\next\dist\esm\server\app-render\server-inserted-html.js.map'
npm warn tar TAR_ENTRY_ERROR ENOENT: no such file or directory, open 'C:\Users\xussn\Desktop\kurs\lms-project\node_modules\next\dist\esm\server\route-modules\app-page\vendored\contexts\server-inserted-html.js.map'
npm warn tar TAR_ENTRY_ERROR ENOENT: no such file or directory, open 'C:\Users\xussn\Desktop\kurs\lms-project\node_modules\next\dist\esm\server\route-modules\pages\vendored\contexts\server-inserted-html.js.map'
npm warn tar TAR_ENTRY_ERROR ENOENT: no such file or directory, open 'C:\Users\xussn\Desktop\kurs\lms-project\node_modules\next\dist\server\app-render\server-inserted-html.js.map'
npm warn tar TAR_ENTRY_ERROR ENOENT: no such file or directory, open 'C:\Users\xussn\Desktop\kurs\lms-project\node_modules\next\dist\server\route-modules\app-page\vendored\contexts\server-inserted-html.js.map'
npm warn tar TAR_ENTRY_ERROR ENOENT: no such file or directory, open 'C:\Users\xussn\Desktop\kurs\lms-project\node_modules\next\dist\server\route-modules\pages\vendored\contexts\server-inserted-html.js.map'
npm warn tar TAR_ENTRY_ERROR ENOENT: no such file or directory, open 'C:\Users\xussn\Desktop\kurs\lms-project\node_modules\next\dist\esm\shared\lib\server-inserted-html.shared-runtime.js.map'
npm warn tar TAR_ENTRY_ERROR ENOENT: no such file or directory, open 'C:\Users\xussn\Desktop\kurs\lms-project\node_modules\next\dist\shared\lib\server-inserted-html.shared-runtime.js.map'
npm warn tar TAR_ENTRY_ERROR ENOENT: no such file or directory, open 'C:\Users\xussn\Desktop\kurs\lms-project\node_modules\next\dist\esm\server\route-matcher-providers\helpers\manifest-loaders\server-manifest-loader.js.map'
npm warn tar TAR_ENTRY_ERROR ENOENT: no such file or directory, open 'C:\Users\xussn\Desktop\kurs\lms-project\node_modules\next\dist\server\route-matcher-providers\helpers\manifest-loaders\server-manifest-loader.js.map'
npm warn tar TAR_ENTRY_ERROR ENOENT: no such file or directory, open 'C:\Users\xussn\Desktop\kurs\lms-project\node_modules\next\dist\client\components\router-reducer\reducers\server-patch-reducer.js.map'
npm warn tar TAR_ENTRY_ERROR ENOENT: no such file or directory, open 'C:\Users\xussn\Desktop\kurs\lms-project\node_modules\next\dist\esm\client\components\router-reducer\reducers\server-patch-reducer.js.map'
npm warn tar TAR_ENTRY_ERROR ENOENT: no such file or directory, open 'C:\Users\xussn\Desktop\kurs\lms-project\node_modules\next\dist\esm\shared\lib\server-reference-info.js.map'
npm warn tar TAR_ENTRY_ERROR ENOENT: no such file or directory, open 'C:\Users\xussn\Desktop\kurs\lms-project\node_modules\next\dist\shared\lib\server-reference-info.js.map'
npm warn tar TAR_ENTRY_ERROR ENOENT: no such file or directory, open 'C:\Users\xussn\Desktop\kurs\lms-project\node_modules\next\dist\build\webpack\loaders\next-flight-loader\server-reference.js.map'
npm warn tar TAR_ENTRY_ERROR ENOENT: no such file or directory, open 'C:\Users\xussn\Desktop\kurs\lms-project\node_modules\next\dist\esm\build\webpack\loaders\next-flight-loader\server-reference.js.map'
npm warn tar TAR_ENTRY_ERROR ENOENT: no such file or directory, open 'C:\Users\xussn\Desktop\kurs\lms-project\node_modules\next\dist\api\server.js.map'
npm warn tar TAR_ENTRY_ERROR ENOENT: no such file or directory, open 'C:\Users\xussn\Desktop\kurs\lms-project\node_modules\next\dist\esm\api\server.js.map'
npm warn tar TAR_ENTRY_ERROR ENOENT: no such file or directory, open 'C:\Users\xussn\Desktop\kurs\lms-project\node_modules\next\dist\esm\server\typescript\rules\server.js.map'
npm warn tar TAR_ENTRY_ERROR ENOENT: no such file or directory, open 'C:\Users\xussn\Desktop\kurs\lms-project\node_modules\next\dist\experimental\testmode\proxy\server.js.map'
npm warn tar TAR_ENTRY_ERROR ENOENT: no such file or directory, open 'C:\Users\xussn\Desktop\kurs\lms-project\node_modules\next\dist\experimental\testmode\server.js.map'
npm warn tar TAR_ENTRY_ERROR ENOENT: no such file or directory, open 'C:\Users\xussn\Desktop\kurs\lms-project\node_modules\next\dist\server\typescript\rules\server.js.map'
npm warn tar TAR_ENTRY_ERROR ENOENT: no such file or directory, open 'C:\Users\xussn\Desktop\kurs\lms-project\node_modules\next\dist\compiled\next-server\server.runtime.prod.js.map'
npm warn tar TAR_ENTRY_ERROR ENOENT: no such file or directory, open 'C:\Users\xussn\Desktop\kurs\lms-project\node_modules\next\dist\telemetry\events\session-stopped.js.map'
npm warn tar TAR_ENTRY_ERROR ENOENT: no such file or directory, open 'C:\Users\xussn\Desktop\kurs\lms-project\node_modules\next\dist\esm\client\set-attributes-from-props.js.map'
npm warn tar TAR_ENTRY_ERROR ENOENT: no such file or directory, open 'C:\Users\xussn\Desktop\kurs\lms-project\node_modules\next\dist\client\components\router-reducer\set-cache-busting-search-param.js.map'
npm warn tar TAR_ENTRY_ERROR ENOENT: no such file or directory, open 'C:\Users\xussn\Desktop\kurs\lms-project\node_modules\next\dist\esm\client\components\router-reducer\set-cache-busting-search-param.js.map'
npm warn tar TAR_ENTRY_ERROR ENOENT: no such file or directory, open 'C:\Users\xussn\Desktop\kurs\lms-project\node_modules\next\dist\esm\server\lib\router-utils\setup-dev-bundler.js.map'
npm warn tar TAR_ENTRY_ERROR ENOENT: no such file or directory, open 'C:\Users\xussn\Desktop\kurs\lms-project\node_modules\next\dist\server\lib\router-utils\setup-dev-bundler.js.map'
npm warn tar TAR_ENTRY_ERROR ENOENT: no such file or directory, open 'C:\Users\xussn\Desktop\kurs\lms-project\node_modules\next\dist\esm\lib\setup-exception-listeners.js.map'
npm warn tar TAR_ENTRY_ERROR ENOENT: no such file or directory, open 'C:\Users\xussn\Desktop\kurs\lms-project\node_modules\next\dist\build\adapter\setup-node-env.external.js.map'
npm warn tar TAR_ENTRY_ERROR ENOENT: no such file or directory, open 'C:\Users\xussn\Desktop\kurs\lms-project\node_modules\next\dist\esm\build\adapter\setup-node-env.external.js.map'
npm warn tar TAR_ENTRY_ERROR ENOENT: no such file or directory, open 'C:\Users\xussn\Desktop\kurs\lms-project\node_modules\next\dist\esm\server\lib\incremental-cache\shared-cache-controls.external.js.map'
npm warn tar TAR_ENTRY_ERROR ENOENT: no such file or directory, open 'C:\Users\xussn\Desktop\kurs\lms-project\node_modules\next\dist\server\lib\incremental-cache\shared-cache-controls.external.js.map'
npm warn tar TAR_ENTRY_ERROR ENOENT: no such file or directory, open 'C:\Users\xussn\Desktop\kurs\lms-project\node_modules\next\dist\esm\server\route-modules\app-route\shared-modules.js.map'
npm warn tar TAR_ENTRY_ERROR ENOENT: no such file or directory, open 'C:\Users\xussn\Desktop\kurs\lms-project\node_modules\next\dist\server\route-modules\app-route\shared-modules.js.map'
npm warn tar TAR_ENTRY_ERROR ENOENT: no such file or directory, open 'C:\Users\xussn\Desktop\kurs\lms-project\node_modules\next\dist\build\webpack\plugins\next-types-plugin\shared.js.map'
npm warn tar TAR_ENTRY_ERROR ENOENT: no such file or directory, open 'C:\Users\xussn\Desktop\kurs\lms-project\node_modules\next\dist\client\dev\hot-reloader\shared.js.map'
npm warn tar TAR_ENTRY_ERROR ENOENT: no such file or directory, open 'C:\Users\xussn\Desktop\kurs\lms-project\node_modules\next\dist\esm\build\webpack\plugins\next-types-plugin\shared.js.map'
npm warn tar TAR_ENTRY_ERROR ENOENT: no such file or directory, open 'C:\Users\xussn\Desktop\kurs\lms-project\node_modules\next\dist\esm\client\dev\hot-reloader\shared.js.map'
npm warn tar TAR_ENTRY_ERROR ENOENT: no such file or directory, open 'C:\Users\xussn\Desktop\kurs\lms-project\node_modules\next\dist\next-devtools\server\shared.js.map'
npm warn tar TAR_ENTRY_ERROR ENOENT: no such file or directory, open 'C:\Users\xussn\Desktop\kurs\lms-project\node_modules\next\dist\trace\shared.js.map'
npm warn tar TAR_ENTRY_ERROR ENOENT: no such file or directory, open 'C:\Users\xussn\Desktop\kurs\lms-project\node_modules\next\dist\build\polyfills\object.assign\shim.js.map'
npm warn tar TAR_ENTRY_ERROR ENOENT: no such file or directory, open 'C:\Users\xussn\Desktop\kurs\lms-project\node_modules\next\dist\esm\build\polyfills\object.assign\shim.js.map'
npm warn tar TAR_ENTRY_ERROR ENOENT: no such file or directory, open 'C:\Users\xussn\Desktop\kurs\lms-project\node_modules\next\dist\client\components\router-reducer\should-hard-navigate.js.map'
npm warn tar TAR_ENTRY_ERROR ENOENT: no such file or directory, open 'C:\Users\xussn\Desktop\kurs\lms-project\node_modules\next\dist\esm\client\components\router-reducer\should-hard-navigate.js.map'
npm warn tar TAR_ENTRY_ERROR ENOENT: no such file or directory, open 'C:\Users\xussn\Desktop\kurs\lms-project\node_modules\next\dist\esm\lib\memory\shutdown.js.map'
npm warn tar TAR_ENTRY_ERROR ENOENT: no such file or directory, open 'C:\Users\xussn\Desktop\kurs\lms-project\node_modules\next\dist\lib\memory\shutdown.js.map'
npm warn tar TAR_ENTRY_ERROR ENOENT: no such file or directory, open 'C:\Users\xussn\Desktop\kurs\lms-project\node_modules\next\dist\esm\shared\lib\side-effect.js.map'
npm warn tar TAR_ENTRY_ERROR ENOENT: no such file or directory, open 'C:\Users\xussn\Desktop\kurs\lms-project\node_modules\next\dist\shared\lib\side-effect.js.map'
npm warn tar TAR_ENTRY_ERROR ENOENT: no such file or directory, open 'C:\Users\xussn\Desktop\kurs\lms-project\node_modules\next\dist\build\webpack\plugins\wellknown-errors-plugin\simpleWebpackError.js.map'
npm warn tar TAR_ENTRY_ERROR ENOENT: no such file or directory, open 'C:\Users\xussn\Desktop\kurs\lms-project\node_modules\next\dist\esm\build\webpack\plugins\wellknown-errors-plugin\simpleWebpackError.js.map'
npm warn tar TAR_ENTRY_ERROR ENOENT: no such file or directory, open 'C:\Users\xussn\Desktop\kurs\lms-project\node_modules\next\dist\esm\shared\lib\size-limit.js.map'
npm warn tar TAR_ENTRY_ERROR ENOENT: no such file or directory, open 'C:\Users\xussn\Desktop\kurs\lms-project\node_modules\next\dist\shared\lib\size-limit.js.map'
npm warn tar TAR_ENTRY_ERROR ENOENT: no such file or directory, open 'C:\Users\xussn\Desktop\kurs\lms-project\node_modules\next\dist\build\webpack\plugins\slow-module-detection-plugin.js.map'
npm warn tar TAR_ENTRY_ERROR ENOENT: no such file or directory, open 'C:\Users\xussn\Desktop\kurs\lms-project\node_modules\next\dist\esm\build\webpack\plugins\slow-module-detection-plugin.js.map'
npm warn tar TAR_ENTRY_ERROR ENOENT: no such file or directory, open 'C:\Users\xussn\Desktop\kurs\lms-project\node_modules\next\dist\build\sort-by-page-exts.js.map'
npm warn tar TAR_ENTRY_ERROR ENOENT: no such file or directory, open 'C:\Users\xussn\Desktop\kurs\lms-project\node_modules\next\dist\esm\shared\lib\router\utils\sortable-routes.js.map'
npm warn tar TAR_ENTRY_ERROR ENOENT: no such file or directory, open 'C:\Users\xussn\Desktop\kurs\lms-project\node_modules\next\dist\shared\lib\router\utils\sortable-routes.js.map'
npm warn tar TAR_ENTRY_ERROR ENOENT: no such file or directory, open 'C:\Users\xussn\Desktop\kurs\lms-project\node_modules\next\dist\esm\shared\lib\router\utils\sorted-routes.js.map'
npm warn tar TAR_ENTRY_ERROR ENOENT: no such file or directory, open 'C:\Users\xussn\Desktop\kurs\lms-project\node_modules\next\dist\shared\lib\router\utils\sorted-routes.js.map'
npm warn tar TAR_ENTRY_ERROR ENOENT: no such file or directory, open 'C:\Users\xussn\Desktop\kurs\lms-project\node_modules\next\dist\esm\server\dev\browser-logs\source-map.js.map'
npm warn tar TAR_ENTRY_ERROR ENOENT: no such file or directory, open 'C:\Users\xussn\Desktop\kurs\lms-project\node_modules\next\dist\server\dev\browser-logs\source-map.js.map'
npm warn tar TAR_ENTRY_ERROR ENOENT: no such file or directory, open 'C:\Users\xussn\Desktop\kurs\lms-project\node_modules\next\dist\esm\server\lib\source-maps.js.map'
npm warn tar TAR_ENTRY_ERROR ENOENT: no such file or directory, open 'C:\Users\xussn\Desktop\kurs\lms-project\node_modules\next\dist\server\lib\source-maps.js.map'
npm warn tar TAR_ENTRY_ERROR ENOENT: no such file or directory, open 'C:\Users\xussn\Desktop\kurs\lms-project\node_modules\next\dist\build\spinner.js.map'
npm warn tar TAR_ENTRY_ERROR ENOENT: no such file or directory, open 'C:\Users\xussn\Desktop\kurs\lms-project\node_modules\next\dist\esm\next-devtools\shared\stack-frame.js.map'
npm warn tar TAR_ENTRY_ERROR ENOENT: no such file or directory, open 'C:\Users\xussn\Desktop\kurs\lms-project\node_modules\next\dist\next-devtools\shared\stack-frame.js.map'
npm warn tar TAR_ENTRY_ERROR ENOENT: no such file or directory, open 'C:\Users\xussn\Desktop\kurs\lms-project\node_modules\next\dist\esm\server\app-render\staged-rendering.js.map'
npm warn tar TAR_ENTRY_ERROR ENOENT: no such file or directory, open 'C:\Users\xussn\Desktop\kurs\lms-project\node_modules\next\dist\server\app-render\staged-rendering.js.map'
npm warn tar TAR_ENTRY_ERROR ENOENT: no such file or directory, open 'C:\Users\xussn\Desktop\kurs\lms-project\node_modules\next\dist\esm\server\app-render\stale-time.js.map'
npm warn tar TAR_ENTRY_ERROR ENOENT: no such file or directory, open 'C:\Users\xussn\Desktop\kurs\lms-project\node_modules\next\dist\server\app-render\stale-time.js.map'
npm warn tar TAR_ENTRY_ERROR ENOENT: no such file or directory, open 'C:\Users\xussn\Desktop\kurs\lms-project\node_modules\next\dist\esm\server\lib\start-server.js.map'
npm warn tar TAR_ENTRY_ERROR ENOENT: no such file or directory, open 'C:\Users\xussn\Desktop\kurs\lms-project\node_modules\next\dist\server\lib\start-server.js.map'
npm warn tar TAR_ENTRY_ERROR ENOENT: no such file or directory, open 'C:\Users\xussn\Desktop\kurs\lms-project\node_modules\next\dist\esm\lib\memory\startup.js.map'
npm warn tar TAR_ENTRY_ERROR ENOENT: no such file or directory, open 'C:\Users\xussn\Desktop\kurs\lms-project\node_modules\next\dist\lib\memory\startup.js.map'
npm warn tar TAR_ENTRY_ERROR ENOENT: no such file or directory, open 'C:\Users\xussn\Desktop\kurs\lms-project\node_modules\next\dist\esm\lib\static-env.js.map'
npm warn tar TAR_ENTRY_ERROR ENOENT: no such file or directory, open 'C:\Users\xussn\Desktop\kurs\lms-project\node_modules\next\dist\esm\client\components\static-generation-bailout.js.map'
npm warn tar TAR_ENTRY_ERROR ENOENT: no such file or directory, open 'C:\Users\xussn\Desktop\kurs\lms-project\node_modules\next\dist\esm\server\dev\static-paths-worker.js.map'
npm warn tar TAR_ENTRY_ERROR ENOENT: no such file or directory, open 'C:\Users\xussn\Desktop\kurs\lms-project\node_modules\next\dist\server\dev\static-paths-worker.js.map'
npm warn tar TAR_ENTRY_ERROR ENOENT: no such file or directory, open 'C:\Users\xussn\Desktop\kurs\lms-project\node_modules\next\dist\experimental\testmode\playwright\step.js.map'
npm warn tar TAR_ENTRY_ERROR ENOENT: no such file or directory, open 'C:\Users\xussn\Desktop\kurs\lms-project\node_modules\next\dist\esm\next-devtools\userspace\app\errors\stitched-error.js.map'
npm warn tar TAR_ENTRY_ERROR ENOENT: no such file or directory, open 'C:\Users\xussn\Desktop\kurs\lms-project\node_modules\next\dist\next-devtools\userspace\app\errors\stitched-error.js.map'
npm warn tar TAR_ENTRY_ERROR ENOENT: no such file or directory, open 'C:\Users\xussn\Desktop\kurs\lms-project\node_modules\next\dist\telemetry\storage.js.map'
npm warn tar TAR_ENTRY_ERROR ENOENT: no such file or directory, open 'C:\Users\xussn\Desktop\kurs\lms-project\node_modules\next\dist\build\output\store.js.map'
npm warn tar TAR_ENTRY_ERROR ENOENT: no such file or directory, open 'C:\Users\xussn\Desktop\kurs\lms-project\node_modules\next\dist\esm\build\output\store.js.map'
npm warn tar TAR_ENTRY_ERROR ENOENT: no such file or directory, open 'C:\Users\xussn\Desktop\kurs\lms-project\node_modules\next\dist\esm\server\app-render\stream-ops.js.map'
npm warn tar TAR_ENTRY_ERROR ENOENT: no such file or directory, open 'C:\Users\xussn\Desktop\kurs\lms-project\node_modules\next\dist\server\app-render\stream-ops.js.map'
npm warn tar TAR_ENTRY_ERROR ENOENT: no such file or directory, open 'C:\Users\xussn\Desktop\kurs\lms-project\node_modules\next\dist\esm\server\app-render\stream-ops.web.js.map'
npm warn tar TAR_ENTRY_ERROR ENOENT: no such file or directory, open 'C:\Users\xussn\Desktop\kurs\lms-project\node_modules\next\dist\server\app-render\stream-ops.web.js.map'
npm warn tar TAR_ENTRY_ERROR ENOENT: no such file or directory, open 'C:\Users\xussn\Desktop\kurs\lms-project\node_modules\next\dist\esm\server\app-render\instant-validation\stream-utils.js.map'
npm warn tar TAR_ENTRY_ERROR ENOENT: no such file or directory, open 'C:\Users\xussn\Desktop\kurs\lms-project\node_modules\next\dist\server\app-render\instant-validation\stream-utils.js.map'
npm warn tar TAR_ENTRY_ERROR ENOENT: no such file or directory, open 'C:\Users\xussn\Desktop\kurs\lms-project\node_modules\next\dist\esm\server\lib\streaming-metadata.js.map'
npm warn tar TAR_ENTRY_ERROR ENOENT: no such file or directory, open 'C:\Users\xussn\Desktop\kurs\lms-project\node_modules\next\dist\server\lib\streaming-metadata.js.map'
npm warn tar TAR_ENTRY_ERROR ENOENT: no such file or directory, open 'C:\Users\xussn\Desktop\kurs\lms-project\node_modules\next\dist\build\webpack\stringify-request.js.map'
npm warn tar TAR_ENTRY_ERROR ENOENT: no such file or directory, open 'C:\Users\xussn\Desktop\kurs\lms-project\node_modules\next\dist\esm\build\webpack\stringify-request.js.map'
npm warn tar TAR_ENTRY_ERROR ENOENT: no such file or directory, open 'C:\Users\xussn\Desktop\kurs\lms-project\node_modules\next\dist\esm\server\app-render\strip-flight-headers.js.map'
npm warn tar TAR_ENTRY_ERROR ENOENT: no such file or directory, open 'C:\Users\xussn\Desktop\kurs\lms-project\node_modules\next\dist\server\app-render\strip-flight-headers.js.map'
npm warn tar TAR_ENTRY_ERROR ENOENT: no such file or directory, open 'C:\Users\xussn\Desktop\kurs\lms-project\node_modules\next\dist\esm\shared\lib\styled-jsx.js.map'
npm warn tar TAR_ENTRY_ERROR ENOENT: no such file or directory, open 'C:\Users\xussn\Desktop\kurs\lms-project\node_modules\next\dist\shared\lib\styled-jsx.js.map'
npm warn tar TAR_ENTRY_ERROR ENOENT: no such file or directory, open 'C:\Users\xussn\Desktop\kurs\lms-project\node_modules\next\dist\build\jest\__mocks__\styleMock.js.map'
npm warn tar TAR_ENTRY_ERROR ENOENT: no such file or directory, open 'C:\Users\xussn\Desktop\kurs\lms-project\node_modules\next\dist\build\webpack\plugins\subresource-integrity-plugin.js.map'
npm warn tar TAR_ENTRY_ERROR ENOENT: no such file or directory, open 'C:\Users\xussn\Desktop\kurs\lms-project\node_modules\next\dist\esm\build\webpack\plugins\subresource-integrity-plugin.js.map'
npm warn tar TAR_ENTRY_ERROR ENOENT: no such file or directory, open 'C:\Users\xussn\Desktop\kurs\lms-project\node_modules\next\dist\esm\server\normalizers\request\suffix.js.map'
npm warn tar TAR_ENTRY_ERROR ENOENT: no such file or directory, open 'C:\Users\xussn\Desktop\kurs\lms-project\node_modules\next\dist\server\normalizers\request\suffix.js.map'
npm warn tar TAR_ENTRY_ERROR ENOENT: no such file or directory, open 'C:\Users\xussn\Desktop\kurs\lms-project\node_modules\next\dist\telemetry\events\swc-load-failure.js.map'
npm warn tar TAR_ENTRY_ERROR ENOENT: no such file or directory, open 'C:\Users\xussn\Desktop\kurs\lms-project\node_modules\next\dist\telemetry\events\swc-plugins.js.map'
npm warn tar TAR_ENTRY_ERROR ENOENT: no such file or directory, open 'C:\Users\xussn\Desktop\kurs\lms-project\node_modules\next\dist\esm\server\lib\incremental-cache\tags-manifest.external.js.map'
npm warn tar TAR_ENTRY_ERROR ENOENT: no such file or directory, open 'C:\Users\xussn\Desktop\kurs\lms-project\node_modules\next\dist\server\lib\incremental-cache\tags-manifest.external.js.map'
npm warn tar TAR_ENTRY_ERROR ENOENT: no such file or directory, open 'C:\Users\xussn\Desktop\kurs\lms-project\node_modules\next\dist\esm\server\app-render\rsc\taint.js.map'
npm warn tar TAR_ENTRY_ERROR ENOENT: no such file or directory, open 'C:\Users\xussn\Desktop\kurs\lms-project\node_modules\next\dist\server\app-render\rsc\taint.js.map'
npm warn tar TAR_ENTRY_ERROR ENOENT: no such file or directory, open 'C:\Users\xussn\Desktop\kurs\lms-project\node_modules\next\dist\build\turborepo-access-trace\tcp.js.map'
npm warn tar TAR_ENTRY_ERROR ENOENT: no such file or directory, open 'C:\Users\xussn\Desktop\kurs\lms-project\node_modules\next\dist\esm\build\turborepo-access-trace\tcp.js.map'
npm warn tar TAR_ENTRY_ERROR ENOENT: no such file or directory, open 'C:\Users\xussn\Desktop\kurs\lms-project\node_modules\next\dist\build\webpack\plugins\telemetry-plugin\telemetry-plugin.js.map'
npm warn tar TAR_ENTRY_ERROR ENOENT: no such file or directory, open 'C:\Users\xussn\Desktop\kurs\lms-project\node_modules\next\dist\esm\build\webpack\plugins\telemetry-plugin\telemetry-plugin.js.map'
npm warn tar TAR_ENTRY_ERROR ENOENT: no such file or directory, open 'C:\Users\xussn\Desktop\kurs\lms-project\node_modules\next\dist\esm\next-devtools\userspace\app\terminal-logging-config.js.map'
npm warn tar TAR_ENTRY_ERROR ENOENT: no such file or directory, open 'C:\Users\xussn\Desktop\kurs\lms-project\node_modules\next\dist\next-devtools\userspace\app\terminal-logging-config.js.map'
npm warn tar TAR_ENTRY_ERROR ENOENT: no such file or directory, open 'C:\Users\xussn\Desktop\kurs\lms-project\node_modules\next\dist\trace\report\to-json-build.js.map'
npm warn tar TAR_ENTRY_ERROR ENOENT: no such file or directory, open 'C:\Users\xussn\Desktop\kurs\lms-project\node_modules\next\dist\trace\report\to-json.js.map'
npm warn tar TAR_ENTRY_ERROR ENOENT: no such file or directory, open 'C:\Users\xussn\Desktop\kurs\lms-project\node_modules\next\dist\esm\server\lib\to-route.js.map'
npm warn tar TAR_ENTRY_ERROR ENOENT: no such file or directory, open 'C:\Users\xussn\Desktop\kurs\lms-project\node_modules\next\dist\server\lib\to-route.js.map'
npm warn tar TAR_ENTRY_ERROR ENOENT: no such file or directory, open 'C:\Users\xussn\Desktop\kurs\lms-project\node_modules\next\dist\trace\report\to-telemetry.js.map'
npm warn tar TAR_ENTRY_ERROR ENOENT: no such file or directory, open 'C:\Users\xussn\Desktop\kurs\lms-project\node_modules\next\dist\trace\trace-uploader.js.map'
npm warn tar TAR_ENTRY_ERROR ENOENT: no such file or directory, open 'C:\Users\xussn\Desktop\kurs\lms-project\node_modules\next\dist\esm\lib\memory\trace.js.map'
npm warn tar TAR_ENTRY_ERROR ENOENT: no such file or directory, open 'C:\Users\xussn\Desktop\kurs\lms-project\node_modules\next\dist\lib\memory\trace.js.map'
npm warn tar TAR_ENTRY_ERROR ENOENT: no such file or directory, open 'C:\Users\xussn\Desktop\kurs\lms-project\node_modules\next\dist\trace\trace.js.map'
npm warn tar TAR_ENTRY_ERROR ENOENT: no such file or directory, open 'C:\Users\xussn\Desktop\kurs\lms-project\node_modules\next\dist\trace\trace.test.js.map'
npm warn tar TAR_ENTRY_ERROR ENOENT: no such file or directory, open 'C:\Users\xussn\Desktop\kurs\lms-project\node_modules\next\dist\client\tracing\tracer.js.map'
npm warn tar TAR_ENTRY_ERROR ENOENT: no such file or directory, open 'C:\Users\xussn\Desktop\kurs\lms-project\node_modules\next\dist\esm\client\tracing\tracer.js.map'
npm warn tar TAR_ENTRY_ERROR ENOENT: no such file or directory, open 'C:\Users\xussn\Desktop\kurs\lms-project\node_modules\next\dist\esm\server\lib\trace\tracer.js.map'
npm warn tar TAR_ENTRY_ERROR ENOENT: no such file or directory, open 'C:\Users\xussn\Desktop\kurs\lms-project\node_modules\next\dist\server\lib\trace\tracer.js.map'
npm warn tar TAR_ENTRY_ERROR ENOENT: no such file or directory, open 'C:\Users\xussn\Desktop\kurs\lms-project\node_modules\next\dist\build\webpack\loaders\next-flight-loader\track-dynamic-import.js.map'
npm warn tar TAR_ENTRY_ERROR ENOENT: no such file or directory, open 'C:\Users\xussn\Desktop\kurs\lms-project\node_modules\next\dist\esm\build\webpack\loaders\next-flight-loader\track-dynamic-import.js.map'
npm warn tar TAR_ENTRY_ERROR ENOENT: no such file or directory, open 'C:\Users\xussn\Desktop\kurs\lms-project\node_modules\next\dist\esm\server\app-render\module-loading\track-dynamic-import.js.map'
npm warn tar TAR_ENTRY_ERROR ENOENT: no such file or directory, open 'C:\Users\xussn\Desktop\kurs\lms-project\node_modules\next\dist\server\app-render\module-loading\track-dynamic-import.js.map'
npm warn tar TAR_ENTRY_ERROR ENOENT: no such file or directory, open 'C:\Users\xussn\Desktop\kurs\lms-project\node_modules\next\dist\esm\server\app-render\module-loading\track-module-loading.external.js.map'
npm warn tar TAR_ENTRY_ERROR ENOENT: no such file or directory, open 'C:\Users\xussn\Desktop\kurs\lms-project\node_modules\next\dist\server\app-render\module-loading\track-module-loading.external.js.map'
npm warn tar TAR_ENTRY_ERROR ENOENT: no such file or directory, open 'C:\Users\xussn\Desktop\kurs\lms-project\node_modules\next\dist\esm\server\app-render\module-loading\track-module-loading.instance.js.map'
npm warn tar TAR_ENTRY_ERROR ENOENT: no such file or directory, open 'C:\Users\xussn\Desktop\kurs\lms-project\node_modules\next\dist\server\app-render\module-loading\track-module-loading.instance.js.map'
npm warn tar TAR_ENTRY_ERROR ENOENT: no such file or directory, open 'C:\Users\xussn\Desktop\kurs\lms-project\node_modules\next\dist\build\babel\loader\transform.js.map'
npm warn tar TAR_ENTRY_ERROR ENOENT: no such file or directory, open 'C:\Users\xussn\Desktop\kurs\lms-project\node_modules\next\dist\esm\build\babel\loader\transform.js.map'
npm warn tar TAR_ENTRY_ERROR ENOENT: no such file or directory, open 'C:\Users\xussn\Desktop\kurs\lms-project\node_modules\next\dist\build\next-config-ts\transpile-config.js.map'
npm warn tar TAR_ENTRY_ERROR ENOENT: no such file or directory, open 'C:\Users\xussn\Desktop\kurs\lms-project\node_modules\next\dist\esm\build\next-config-ts\transpile-config.js.map'
npm warn tar TAR_ENTRY_ERROR ENOENT: no such file or directory, open 'C:\Users\xussn\Desktop\kurs\lms-project\node_modules\next\dist\esm\client\trusted-types.js.map'
npm warn tar TAR_ENTRY_ERROR ENOENT: no such file or directory, open 'C:\Users\xussn\Desktop\kurs\lms-project\node_modules\next\dist\esm\server\api-utils\node\try-get-preview-data.js.map'
npm warn tar TAR_ENTRY_ERROR ENOENT: no such file or directory, open 'C:\Users\xussn\Desktop\kurs\lms-project\node_modules\next\dist\server\api-utils\node\try-get-preview-data.js.map'
npm warn tar TAR_ENTRY_ERROR ENOENT: no such file or directory, open 'C:\Users\xussn\Desktop\kurs\lms-project\node_modules\next\dist\esm\lib\try-to-parse-path.js.map'
npm warn tar TAR_ENTRY_ERROR ENOENT: no such file or directory, open 'C:\Users\xussn\Desktop\kurs\lms-project\node_modules\next\dist\cli\internal\turbo-trace-server.js.map'
npm warn tar TAR_ENTRY_ERROR ENOENT: no such file or directory, open 'C:\Users\xussn\Desktop\kurs\lms-project\node_modules\next\dist\client\dev\hot-reloader\turbopack-hot-reloader-common.js.map'
npm warn tar TAR_ENTRY_ERROR ENOENT: no such file or directory, open 'C:\Users\xussn\Desktop\kurs\lms-project\node_modules\next\dist\esm\client\dev\hot-reloader\turbopack-hot-reloader-common.js.map'
npm warn tar TAR_ENTRY_ERROR ENOENT: no such file or directory, open 'C:\Users\xussn\Desktop\kurs\lms-project\node_modules\next\dist\esm\server\dev\turbopack-utils.js.map'
npm warn tar TAR_ENTRY_ERROR ENOENT: no such file or directory, open 'C:\Users\xussn\Desktop\kurs\lms-project\node_modules\next\dist\server\dev\turbopack-utils.js.map'
npm warn tar TAR_ENTRY_ERROR ENOENT: no such file or directory, open 'C:\Users\xussn\Desktop\kurs\lms-project\node_modules\next\dist\esm\lib\turbopack-warning.js.map'
npm warn tar TAR_ENTRY_ERROR ENOENT: no such file or directory, open 'C:\Users\xussn\Desktop\kurs\lms-project\node_modules\next\dist\esm\lib\metadata\types\twitter-types.js.map'
npm warn tar TAR_ENTRY_ERROR ENOENT: no such file or directory, open 'C:\Users\xussn\Desktop\kurs\lms-project\node_modules\next\dist\lib\metadata\types\twitter-types.js.map'
npm warn tar TAR_ENTRY_ERROR ENOENT: no such file or directory, open 'C:\Users\xussn\Desktop\kurs\lms-project\node_modules\next\dist\build\type-check.js.map'
npm warn tar TAR_ENTRY_ERROR ENOENT: no such file or directory, open 'C:\Users\xussn\Desktop\kurs\lms-project\node_modules\next\dist\esm\lib\typescript\type-paths.js.map'
npm warn tar TAR_ENTRY_ERROR ENOENT: no such file or directory, open 'C:\Users\xussn\Desktop\kurs\lms-project\node_modules\next\dist\lib\typescript\type-paths.js.map'
npm warn tar TAR_ENTRY_ERROR ENOENT: no such file or directory, open 'C:\Users\xussn\Desktop\kurs\lms-project\node_modules\next\dist\esm\server\lib\router-utils\typegen.js.map'
npm warn tar TAR_ENTRY_ERROR ENOENT: no such file or directory, open 'C:\Users\xussn\Desktop\kurs\lms-project\node_modules\next\dist\server\lib\router-utils\typegen.js.map'
npm warn tar TAR_ENTRY_ERROR ENOENT: no such file or directory, open 'C:\Users\xussn\Desktop\kurs\lms-project\node_modules\next\dist\build\static-paths\types.js.map'
npm warn tar TAR_ENTRY_ERROR ENOENT: no such file or directory, open 'C:\Users\xussn\Desktop\kurs\lms-project\node_modules\next\dist\build\swc\types.js.map'
npm warn tar TAR_ENTRY_ERROR ENOENT: no such file or directory, open 'C:\Users\xussn\Desktop\kurs\lms-project\node_modules\next\dist\build\turborepo-access-trace\types.js.map'
npm warn tar TAR_ENTRY_ERROR ENOENT: no such file or directory, open 'C:\Users\xussn\Desktop\kurs\lms-project\node_modules\next\dist\build\webpack\loaders\metadata\types.js.map'
npm warn tar TAR_ENTRY_ERROR ENOENT: no such file or directory, open 'C:\Users\xussn\Desktop\kurs\lms-project\node_modules\next\dist\client\components\segment-cache\types.js.map'
npm warn tar TAR_ENTRY_ERROR ENOENT: no such file or directory, open 'C:\Users\xussn\Desktop\kurs\lms-project\node_modules\next\dist\esm\build\swc\types.js.map'
npm warn tar TAR_ENTRY_ERROR ENOENT: no such file or directory, open 'C:\Users\xussn\Desktop\kurs\lms-project\node_modules\next\dist\esm\build\turborepo-access-trace\types.js.map'
npm warn tar TAR_ENTRY_ERROR ENOENT: no such file or directory, open 'C:\Users\xussn\Desktop\kurs\lms-project\node_modules\next\dist\esm\build\webpack\loaders\metadata\types.js.map'
npm warn tar TAR_ENTRY_ERROR ENOENT: no such file or directory, open 'C:\Users\xussn\Desktop\kurs\lms-project\node_modules\next\dist\esm\client\components\segment-cache\types.js.map'
npm warn tar TAR_ENTRY_ERROR ENOENT: no such file or directory, open 'C:\Users\xussn\Desktop\kurs\lms-project\node_modules\next\dist\esm\export\routes\types.js.map'
npm warn tar TAR_ENTRY_ERROR ENOENT: no such file or directory, open 'C:\Users\xussn\Desktop\kurs\lms-project\node_modules\next\dist\esm\export\types.js.map'
npm warn tar TAR_ENTRY_ERROR ENOENT: no such file or directory, open 'C:\Users\xussn\Desktop\kurs\lms-project\node_modules\next\dist\esm\next-devtools\shared\types.js.map'
npm warn tar TAR_ENTRY_ERROR ENOENT: no such file or directory, open 'C:\Users\xussn\Desktop\kurs\lms-project\node_modules\next\dist\esm\server\app-render\types.js.map'
npm warn tar TAR_ENTRY_ERROR ENOENT: no such file or directory, open 'C:\Users\xussn\Desktop\kurs\lms-project\node_modules\next\dist\esm\server\instrumentation\types.js.map'
npm warn tar TAR_ENTRY_ERROR ENOENT: no such file or directory, open 'C:\Users\xussn\Desktop\kurs\lms-project\node_modules\next\dist\esm\server\lib\cache-handlers\types.js.map'
npm warn tar TAR_ENTRY_ERROR ENOENT: no such file or directory, open 'C:\Users\xussn\Desktop\kurs\lms-project\node_modules\next\dist\esm\server\lib\router-utils\types.js.map'
npm warn tar TAR_ENTRY_ERROR ENOENT: no such file or directory, open 'C:\Users\xussn\Desktop\kurs\lms-project\node_modules\next\dist\esm\server\lib\types.js.map'
npm warn tar TAR_ENTRY_ERROR ENOENT: no such file or directory, open 'C:\Users\xussn\Desktop\kurs\lms-project\node_modules\next\dist\esm\server\response-cache\types.js.map'
npm warn tar TAR_ENTRY_ERROR ENOENT: no such file or directory, open 'C:\Users\xussn\Desktop\kurs\lms-project\node_modules\next\dist\esm\server\web\types.js.map'
npm warn tar TAR_ENTRY_ERROR ENOENT: no such file or directory, open 'C:\Users\xussn\Desktop\kurs\lms-project\node_modules\next\dist\esm\shared\lib\lazy-dynamic\types.js.map'
npm warn tar TAR_ENTRY_ERROR ENOENT: no such file or directory, open 'C:\Users\xussn\Desktop\kurs\lms-project\node_modules\next\dist\experimental\testmode\proxy\types.js.map'
npm warn tar TAR_ENTRY_ERROR ENOENT: no such file or directory, open 'C:\Users\xussn\Desktop\kurs\lms-project\node_modules\next\dist\export\routes\types.js.map'
npm warn tar TAR_ENTRY_ERROR ENOENT: no such file or directory, open 'C:\Users\xussn\Desktop\kurs\lms-project\node_modules\next\dist\export\types.js.map'
npm warn tar TAR_ENTRY_ERROR ENOENT: no such file or directory, open 'C:\Users\xussn\Desktop\kurs\lms-project\node_modules\next\dist\next-devtools\shared\types.js.map'
npm warn tar TAR_ENTRY_ERROR ENOENT: no such file or directory, open 'C:\Users\xussn\Desktop\kurs\lms-project\node_modules\next\dist\server\app-render\types.js.map'
npm warn tar TAR_ENTRY_ERROR ENOENT: no such file or directory, open 'C:\Users\xussn\Desktop\kurs\lms-project\node_modules\next\dist\server\instrumentation\types.js.map'
npm warn tar TAR_ENTRY_ERROR ENOENT: no such file or directory, open 'C:\Users\xussn\Desktop\kurs\lms-project\node_modules\next\dist\server\lib\cache-handlers\types.js.map'
npm warn tar TAR_ENTRY_ERROR ENOENT: no such file or directory, open 'C:\Users\xussn\Desktop\kurs\lms-project\node_modules\next\dist\server\lib\router-utils\types.js.map'
npm warn tar TAR_ENTRY_ERROR ENOENT: no such file or directory, open 'C:\Users\xussn\Desktop\kurs\lms-project\node_modules\next\dist\server\lib\types.js.map'
npm warn tar TAR_ENTRY_ERROR ENOENT: no such file or directory, open 'C:\Users\xussn\Desktop\kurs\lms-project\node_modules\next\dist\server\response-cache\types.js.map'
npm warn tar TAR_ENTRY_ERROR ENOENT: no such file or directory, open 'C:\Users\xussn\Desktop\kurs\lms-project\node_modules\next\dist\server\web\types.js.map'
npm warn tar TAR_ENTRY_ERROR ENOENT: no such file or directory, open 'C:\Users\xussn\Desktop\kurs\lms-project\node_modules\next\dist\shared\lib\lazy-dynamic\types.js.map'
npm warn tar TAR_ENTRY_ERROR ENOENT: no such file or directory, open 'C:\Users\xussn\Desktop\kurs\lms-project\node_modules\next\dist\trace\report\types.js.map'
npm warn tar TAR_ENTRY_ERROR ENOENT: no such file or directory, open 'C:\Users\xussn\Desktop\kurs\lms-project\node_modules\next\dist\trace\types.js.map'
npm warn tar TAR_ENTRY_ERROR ENOENT: no such file or directory, open 'C:\Users\xussn\Desktop\kurs\lms-project\node_modules\next\dist\esm\server\stream-utils\uint8array-helpers.js.map'
npm warn tar TAR_ENTRY_ERROR ENOENT: no such file or directory, open 'C:\Users\xussn\Desktop\kurs\lms-project\node_modules\next\dist\server\stream-utils\uint8array-helpers.js.map'
npm warn tar TAR_ENTRY_ERROR ENOENT: no such file or directory, open 'C:\Users\xussn\Desktop\kurs\lms-project\node_modules\next\dist\client\components\builtin\unauthorized.js.map'
npm warn tar TAR_ENTRY_ERROR ENOENT: no such file or directory, open 'C:\Users\xussn\Desktop\kurs\lms-project\node_modules\next\dist\esm\client\components\builtin\unauthorized.js.map'
npm warn tar TAR_ENTRY_ERROR ENOENT: no such file or directory, open 'C:\Users\xussn\Desktop\kurs\lms-project\node_modules\next\dist\esm\client\components\unauthorized.js.map'
npm warn tar TAR_ENTRY_ERROR ENOENT: no such file or directory, open 'C:\Users\xussn\Desktop\kurs\lms-project\node_modules\next\dist\esm\server\normalizers\underscore-normalizer.js.map'
npm warn tar TAR_ENTRY_ERROR ENOENT: no such file or directory, open 'C:\Users\xussn\Desktop\kurs\lms-project\node_modules\next\dist\server\normalizers\underscore-normalizer.js.map'
npm warn tar TAR_ENTRY_ERROR ENOENT: no such file or directory, open 'C:\Users\xussn\Desktop\kurs\lms-project\node_modules\next\dist\esm\server\node-environment-extensions\unhandled-rejection.external.js.map'
npm warn tar TAR_ENTRY_ERROR ENOENT: no such file or directory, open 'C:\Users\xussn\Desktop\kurs\lms-project\node_modules\next\dist\server\node-environment-extensions\unhandled-rejection.external.js.map'
npm warn tar TAR_ENTRY_ERROR ENOENT: no such file or directory, open 'C:\Users\xussn\Desktop\kurs\lms-project\node_modules\next\dist\esm\client\components\unrecognized-action-error.js.map'
npm warn tar TAR_ENTRY_ERROR ENOENT: no such file or directory, open 'C:\Users\xussn\Desktop\kurs\lms-project\node_modules\next\dist\esm\client\components\unresolved-thenable.js.map'
npm warn tar TAR_ENTRY_ERROR ENOENT: no such file or directory, open 'C:\Users\xussn\Desktop\kurs\lms-project\node_modules\next\dist\esm\server\web\spec-extension\unstable-cache.js.map'
npm warn tar TAR_ENTRY_ERROR ENOENT: no such file or directory, open 'C:\Users\xussn\Desktop\kurs\lms-project\node_modules\next\dist\server\web\spec-extension\unstable-cache.js.map'
npm warn tar TAR_ENTRY_ERROR ENOENT: no such file or directory, open 'C:\Users\xussn\Desktop\kurs\lms-project\node_modules\next\dist\esm\server\web\spec-extension\unstable-no-store.js.map'
npm warn tar TAR_ENTRY_ERROR ENOENT: no such file or directory, open 'C:\Users\xussn\Desktop\kurs\lms-project\node_modules\next\dist\server\web\spec-extension\unstable-no-store.js.map'
npm warn tar TAR_ENTRY_ERROR ENOENT: no such file or directory, open 'C:\Users\xussn\Desktop\kurs\lms-project\node_modules\next\dist\esm\client\components\unstable-rethrow.browser.js.map'
npm warn tar TAR_ENTRY_ERROR ENOENT: no such file or directory, open 'C:\Users\xussn\Desktop\kurs\lms-project\node_modules\next\dist\esm\client\components\unstable-rethrow.js.map'
npm warn tar TAR_ENTRY_ERROR ENOENT: no such file or directory, open 'C:\Users\xussn\Desktop\kurs\lms-project\node_modules\next\dist\esm\client\components\unstable-rethrow.server.js.map'
npm warn tar TAR_ENTRY_ERROR ENOENT: no such file or directory, open 'C:\Users\xussn\Desktop\kurs\lms-project\node_modules\next\dist\build\webpack\plugins\telemetry-plugin\update-telemetry-loader-context-from-swc.js.map'
npm warn tar TAR_ENTRY_ERROR ENOENT: no such file or directory, open 'C:\Users\xussn\Desktop\kurs\lms-project\node_modules\next\dist\esm\build\webpack\plugins\telemetry-plugin\update-telemetry-loader-context-from-swc.js.map'
npm warn tar TAR_ENTRY_ERROR ENOENT: no such file or directory, open 'C:\Users\xussn\Desktop\kurs\lms-project\node_modules\next\dist\trace\upload-trace.js.map'
npm warn tar TAR_ENTRY_ERROR ENOENT: no such file or directory, open 'C:\Users\xussn\Desktop\kurs\lms-project\node_modules\next\dist\esm\server\web\spec-extension\url-pattern.js.map'
npm warn tar TAR_ENTRY_ERROR ENOENT: no such file or directory, open 'C:\Users\xussn\Desktop\kurs\lms-project\node_modules\next\dist\server\web\spec-extension\url-pattern.js.map'
npm warn tar TAR_ENTRY_ERROR ENOENT: no such file or directory, open 'C:\Users\xussn\Desktop\kurs\lms-project\node_modules\next\dist\esm\lib\url.js.map'
npm warn tar TAR_ENTRY_ERROR ENOENT: no such file or directory, open 'C:\Users\xussn\Desktop\kurs\lms-project\node_modules\next\dist\esm\shared\lib\errors\usage-error.js.map'
npm warn tar TAR_ENTRY_ERROR ENOENT: no such file or directory, open 'C:\Users\xussn\Desktop\kurs\lms-project\node_modules\next\dist\shared\lib\errors\usage-error.js.map'
npm warn tar TAR_ENTRY_ERROR ENOENT: no such file or directory, open 'C:\Users\xussn\Desktop\kurs\lms-project\node_modules\next\dist\esm\client\components\use-action-queue.js.map'
npm warn tar TAR_ENTRY_ERROR ENOENT: no such file or directory, open 'C:\Users\xussn\Desktop\kurs\lms-project\node_modules\next\dist\esm\next-devtools\userspace\use-app-dev-rendering-indicator.js.map'
npm warn tar TAR_ENTRY_ERROR ENOENT: no such file or directory, open 'C:\Users\xussn\Desktop\kurs\lms-project\node_modules\next\dist\next-devtools\userspace\use-app-dev-rendering-indicator.js.map'
npm warn tar TAR_ENTRY_ERROR ENOENT: no such file or directory, open 'C:\Users\xussn\Desktop\kurs\lms-project\node_modules\next\dist\esm\server\use-cache\use-cache-errors.js.map'
npm warn tar TAR_ENTRY_ERROR ENOENT: no such file or directory, open 'C:\Users\xussn\Desktop\kurs\lms-project\node_modules\next\dist\server\use-cache\use-cache-errors.js.map'
npm warn tar TAR_ENTRY_ERROR ENOENT: no such file or directory, open 'C:\Users\xussn\Desktop\kurs\lms-project\node_modules\next\dist\build\webpack\plugins\telemetry-plugin\use-cache-tracker-utils.js.map'
npm warn tar TAR_ENTRY_ERROR ENOENT: no such file or directory, open 'C:\Users\xussn\Desktop\kurs\lms-project\node_modules\next\dist\esm\build\webpack\plugins\telemetry-plugin\use-cache-tracker-utils.js.map'
npm warn tar TAR_ENTRY_ERROR ENOENT: no such file or directory, open 'C:\Users\xussn\Desktop\kurs\lms-project\node_modules\next\dist\esm\server\use-cache\use-cache-wrapper.js.map'
npm warn tar TAR_ENTRY_ERROR ENOENT: no such file or directory, open 'C:\Users\xussn\Desktop\kurs\lms-project\node_modules\next\dist\server\use-cache\use-cache-wrapper.js.map'
npm warn tar TAR_ENTRY_ERROR ENOENT: no such file or directory, open 'C:\Users\xussn\Desktop\kurs\lms-project\node_modules\next\dist\esm\client\use-client-disallowed.js.map'
npm warn tar TAR_ENTRY_ERROR ENOENT: no such file or directory, open 'C:\Users\xussn\Desktop\kurs\lms-project\node_modules\next\dist\esm\next-devtools\userspace\app\errors\use-error-handler.js.map'
npm warn tar TAR_ENTRY_ERROR ENOENT: no such file or directory, open 'C:\Users\xussn\Desktop\kurs\lms-project\node_modules\next\dist\next-devtools\userspace\app\errors\use-error-handler.js.map'
npm warn tar TAR_ENTRY_ERROR ENOENT: no such file or directory, open 'C:\Users\xussn\Desktop\kurs\lms-project\node_modules\next\dist\esm\server\app-render\use-flight-response.js.map'
npm warn tar TAR_ENTRY_ERROR ENOENT: no such file or directory, open 'C:\Users\xussn\Desktop\kurs\lms-project\node_modules\next\dist\server\app-render\use-flight-response.js.map'
npm warn tar TAR_ENTRY_ERROR ENOENT: no such file or directory, open 'C:\Users\xussn\Desktop\kurs\lms-project\node_modules\next\dist\esm\client\use-intersection.js.map'
npm warn tar TAR_ENTRY_ERROR ENOENT: no such file or directory, open 'C:\Users\xussn\Desktop\kurs\lms-project\node_modules\next\dist\esm\client\use-merged-ref.js.map'
npm warn tar TAR_ENTRY_ERROR ENOENT: no such file or directory, open 'C:\Users\xussn\Desktop\kurs\lms-project\node_modules\next\dist\esm\server\web\spec-extension\user-agent.js.map'
npm warn tar TAR_ENTRY_ERROR ENOENT: no such file or directory, open 'C:\Users\xussn\Desktop\kurs\lms-project\node_modules\next\dist\server\web\spec-extension\user-agent.js.map'
npm warn tar TAR_ENTRY_ERROR ENOENT: no such file or directory, open 'C:\Users\xussn\Desktop\kurs\lms-project\node_modules\next\dist\build\babel\loader\util.js.map'
npm warn tar TAR_ENTRY_ERROR ENOENT: no such file or directory, open 'C:\Users\xussn\Desktop\kurs\lms-project\node_modules\next\dist\esm\build\babel\loader\util.js.map'
npm warn tar TAR_ENTRY_ERROR ENOENT: no such file or directory, open 'C:\Users\xussn\Desktop\kurs\lms-project\node_modules\next\dist\build\static-paths\utils.js.map'
npm warn tar TAR_ENTRY_ERROR ENOENT: no such file or directory, open 'C:\Users\xussn\Desktop\kurs\lms-project\node_modules\next\dist\build\utils.js.map'
npm warn tar TAR_ENTRY_ERROR ENOENT: no such file or directory, open 'C:\Users\xussn\Desktop\kurs\lms-project\node_modules\next\dist\build\webpack\config\utils.js.map'
npm warn tar TAR_ENTRY_ERROR ENOENT: no such file or directory, open 'C:\Users\xussn\Desktop\kurs\lms-project\node_modules\next\dist\build\webpack\loaders\css-loader\src\utils.js.map'
npm warn tar TAR_ENTRY_ERROR ENOENT: no such file or directory, open 'C:\Users\xussn\Desktop\kurs\lms-project\node_modules\next\dist\build\webpack\loaders\lightningcss-loader\src\utils.js.map'
npm warn tar TAR_ENTRY_ERROR ENOENT: no such file or directory, open 'C:\Users\xussn\Desktop\kurs\lms-project\node_modules\next\dist\build\webpack\loaders\postcss-loader\src\utils.js.map'
npm warn tar TAR_ENTRY_ERROR ENOENT: no such file or directory, open 'C:\Users\xussn\Desktop\kurs\lms-project\node_modules\next\dist\build\webpack\loaders\utils.js.map'
npm warn tar TAR_ENTRY_ERROR ENOENT: no such file or directory, open 'C:\Users\xussn\Desktop\kurs\lms-project\node_modules\next\dist\build\webpack\utils.js.map'
npm warn tar TAR_ENTRY_ERROR ENOENT: no such file or directory, open 'C:\Users\xussn\Desktop\kurs\lms-project\node_modules\next\dist\esm\build\webpack\config\utils.js.map'
npm warn tar TAR_ENTRY_ERROR ENOENT: no such file or directory, open 'C:\Users\xussn\Desktop\kurs\lms-project\node_modules\next\dist\esm\build\webpack\loaders\css-loader\src\utils.js.map'
npm warn tar TAR_ENTRY_ERROR ENOENT: no such file or directory, open 'C:\Users\xussn\Desktop\kurs\lms-project\node_modules\next\dist\esm\build\webpack\loaders\lightningcss-loader\src\utils.js.map'
npm warn tar TAR_ENTRY_ERROR ENOENT: no such file or directory, open 'C:\Users\xussn\Desktop\kurs\lms-project\node_modules\next\dist\esm\build\webpack\loaders\postcss-loader\src\utils.js.map'
npm warn tar TAR_ENTRY_ERROR ENOENT: no such file or directory, open 'C:\Users\xussn\Desktop\kurs\lms-project\node_modules\next\dist\esm\build\webpack\loaders\utils.js.map'
npm warn tar TAR_ENTRY_ERROR ENOENT: no such file or directory, open 'C:\Users\xussn\Desktop\kurs\lms-project\node_modules\next\dist\esm\build\webpack\utils.js.map'
npm warn tar TAR_ENTRY_ERROR ENOENT: no such file or directory, open 'C:\Users\xussn\Desktop\kurs\lms-project\node_modules\next\dist\esm\export\utils.js.map'
npm warn tar TAR_ENTRY_ERROR ENOENT: no such file or directory, open 'C:\Users\xussn\Desktop\kurs\lms-project\node_modules\next\dist\esm\lib\metadata\generate\utils.js.map'
npm warn tar TAR_ENTRY_ERROR ENOENT: no such file or directory, open 'C:\Users\xussn\Desktop\kurs\lms-project\node_modules\next\dist\esm\server\instrumentation\utils.js.map'
npm warn tar TAR_ENTRY_ERROR ENOENT: no such file or directory, open 'C:\Users\xussn\Desktop\kurs\lms-project\node_modules\next\dist\esm\server\lib\server-ipc\utils.js.map'
npm warn tar TAR_ENTRY_ERROR ENOENT: no such file or directory, open 'C:\Users\xussn\Desktop\kurs\lms-project\node_modules\next\dist\esm\server\lib\trace\utils.js.map'
npm warn tar TAR_ENTRY_ERROR ENOENT: no such file or directory, open 'C:\Users\xussn\Desktop\kurs\lms-project\node_modules\next\dist\esm\server\lib\utils.js.map'
npm warn tar TAR_ENTRY_ERROR ENOENT: no such file or directory, open 'C:\Users\xussn\Desktop\kurs\lms-project\node_modules\next\dist\esm\server\request\utils.js.map'
npm warn tar TAR_ENTRY_ERROR ENOENT: no such file or directory, open 'C:\Users\xussn\Desktop\kurs\lms-project\node_modules\next\dist\esm\server\response-cache\utils.js.map'
npm warn tar TAR_ENTRY_ERROR ENOENT: no such file or directory, open 'C:\Users\xussn\Desktop\kurs\lms-project\node_modules\next\dist\esm\server\typescript\utils.js.map'
npm warn tar TAR_ENTRY_ERROR ENOENT: no such file or directory, open 'C:\Users\xussn\Desktop\kurs\lms-project\node_modules\next\dist\esm\server\web\utils.js.map'
npm warn tar TAR_ENTRY_ERROR ENOENT: no such file or directory, open 'C:\Users\xussn\Desktop\kurs\lms-project\node_modules\next\dist\esm\shared\lib\turbopack\utils.js.map'
npm warn tar TAR_ENTRY_ERROR ENOENT: no such file or directory, open 'C:\Users\xussn\Desktop\kurs\lms-project\node_modules\next\dist\esm\shared\lib\utils.js.map'
npm warn tar TAR_ENTRY_ERROR ENOENT: no such file or directory, open 'C:\Users\xussn\Desktop\kurs\lms-project\node_modules\next\dist\experimental\testing\server\utils.js.map'
npm warn tar TAR_ENTRY_ERROR ENOENT: no such file or directory, open 'C:\Users\xussn\Desktop\kurs\lms-project\node_modules\next\dist\export\utils.js.map'
npm warn tar TAR_ENTRY_ERROR ENOENT: no such file or directory, open 'C:\Users\xussn\Desktop\kurs\lms-project\node_modules\next\dist\lib\metadata\generate\utils.js.map'
npm warn tar TAR_ENTRY_ERROR ENOENT: no such file or directory, open 'C:\Users\xussn\Desktop\kurs\lms-project\node_modules\next\dist\server\instrumentation\utils.js.map'
npm warn tar TAR_ENTRY_ERROR ENOENT: no such file or directory, open 'C:\Users\xussn\Desktop\kurs\lms-project\node_modules\next\dist\server\lib\server-ipc\utils.js.map'
npm warn tar TAR_ENTRY_ERROR ENOENT: no such file or directory, open 'C:\Users\xussn\Desktop\kurs\lms-project\node_modules\next\dist\server\lib\trace\utils.js.map'
npm warn tar TAR_ENTRY_ERROR ENOENT: no such file or directory, open 'C:\Users\xussn\Desktop\kurs\lms-project\node_modules\next\dist\server\lib\utils.js.map'
npm warn tar TAR_ENTRY_ERROR ENOENT: no such file or directory, open 'C:\Users\xussn\Desktop\kurs\lms-project\node_modules\next\dist\server\request\utils.js.map'
npm warn tar TAR_ENTRY_ERROR ENOENT: no such file or directory, open 'C:\Users\xussn\Desktop\kurs\lms-project\node_modules\next\dist\server\response-cache\utils.js.map'
npm warn tar TAR_ENTRY_ERROR ENOENT: no such file or directory, open 'C:\Users\xussn\Desktop\kurs\lms-project\node_modules\next\dist\server\typescript\utils.js.map'
npm warn tar TAR_ENTRY_ERROR ENOENT: no such file or directory, open 'C:\Users\xussn\Desktop\kurs\lms-project\node_modules\next\dist\server\web\utils.js.map'
npm warn tar TAR_ENTRY_ERROR ENOENT: no such file or directory, open 'C:\Users\xussn\Desktop\kurs\lms-project\node_modules\next\dist\shared\lib\turbopack\utils.js.map'
npm warn tar TAR_ENTRY_ERROR ENOENT: no such file or directory, open 'C:\Users\xussn\Desktop\kurs\lms-project\node_modules\next\dist\shared\lib\utils.js.map'
npm warn tar TAR_ENTRY_ERROR ENOENT: no such file or directory, open 'C:\Users\xussn\Desktop\kurs\lms-project\node_modules\next\dist\build\validate-app-paths.js.map'
npm warn tar TAR_ENTRY_ERROR ENOENT: no such file or directory, open 'C:\Users\xussn\Desktop\kurs\lms-project\node_modules\next\dist\build\webpack\loaders\resolve-url-loader\lib\value-processor.js.map'
npm warn tar TAR_ENTRY_ERROR ENOENT: no such file or directory, open 'C:\Users\xussn\Desktop\kurs\lms-project\node_modules\next\dist\esm\build\webpack\loaders\resolve-url-loader\lib\value-processor.js.map'
npm warn tar TAR_ENTRY_ERROR ENOENT: no such file or directory, open 'C:\Users\xussn\Desktop\kurs\lms-project\node_modules\next\dist\esm\shared\lib\segment-cache\vary-params-decoding.js.map'
npm warn tar TAR_ENTRY_ERROR ENOENT: no such file or directory, open 'C:\Users\xussn\Desktop\kurs\lms-project\node_modules\next\dist\shared\lib\segment-cache\vary-params-decoding.js.map'
npm warn tar TAR_ENTRY_ERROR ENOENT: no such file or directory, open 'C:\Users\xussn\Desktop\kurs\lms-project\node_modules\next\dist\esm\server\app-render\vary-params.js.map'
npm warn tar TAR_ENTRY_ERROR ENOENT: no such file or directory, open 'C:\Users\xussn\Desktop\kurs\lms-project\node_modules\next\dist\server\app-render\vary-params.js.map'
npm warn tar TAR_ENTRY_ERROR ENOENT: no such file or directory, open 'C:\Users\xussn\Desktop\kurs\lms-project\node_modules\next\dist\client\components\segment-cache\vary-path.js.map'
npm warn tar TAR_ENTRY_ERROR ENOENT: no such file or directory, open 'C:\Users\xussn\Desktop\kurs\lms-project\node_modules\next\dist\esm\client\components\segment-cache\vary-path.js.map'
npm warn tar TAR_ENTRY_ERROR ENOENT: no such file or directory, open 'C:\Users\xussn\Desktop\kurs\lms-project\node_modules\next\dist\esm\lib\verify-partytown-setup.js.map'
npm warn tar TAR_ENTRY_ERROR ENOENT: no such file or directory, open 'C:\Users\xussn\Desktop\kurs\lms-project\node_modules\next\dist\esm\lib\verify-root-layout.js.map'
npm warn tar TAR_ENTRY_ERROR ENOENT: no such file or directory, open 'C:\Users\xussn\Desktop\kurs\lms-project\node_modules\next\dist\esm\lib\verify-typescript-setup.js.map'
npm warn tar TAR_ENTRY_ERROR ENOENT: no such file or directory, open 'C:\Users\xussn\Desktop\kurs\lms-project\node_modules\next\dist\esm\next-devtools\shared\version-staleness.js.map'
npm warn tar TAR_ENTRY_ERROR ENOENT: no such file or directory, open 'C:\Users\xussn\Desktop\kurs\lms-project\node_modules\next\dist\next-devtools\shared\version-staleness.js.map'
npm warn tar TAR_ENTRY_ERROR ENOENT: no such file or directory, open 'C:\Users\xussn\Desktop\kurs\lms-project\node_modules\next\dist\telemetry\events\version.js.map'
npm warn tar TAR_ENTRY_ERROR ENOENT: no such file or directory, open 'C:\Users\xussn\Desktop\kurs\lms-project\node_modules\next\dist\esm\lib\wait.js.map'
npm warn tar TAR_ENTRY_ERROR ENOENT: no such file or directory, open 'C:\Users\xussn\Desktop\kurs\lms-project\node_modules\next\dist\esm\server\app-render\walk-tree-with-flight-router-state.js.map'
npm warn tar TAR_ENTRY_ERROR ENOENT: no such file or directory, open 'C:\Users\xussn\Desktop\kurs\lms-project\node_modules\next\dist\server\app-render\walk-tree-with-flight-router-state.js.map'
npm warn tar TAR_ENTRY_ERROR ENOENT: no such file or directory, open 'C:\Users\xussn\Desktop\kurs\lms-project\node_modules\next\dist\esm\shared\lib\utils\warn-once.js.map'
npm warn tar TAR_ENTRY_ERROR ENOENT: no such file or directory, open 'C:\Users\xussn\Desktop\kurs\lms-project\node_modules\next\dist\shared\lib\utils\warn-once.js.map'
npm warn tar TAR_ENTRY_ERROR ENOENT: no such file or directory, open 'C:\Users\xussn\Desktop\kurs\lms-project\node_modules\next\dist\build\webpack\loaders\postcss-loader\src\Warning.js.map'
npm warn tar TAR_ENTRY_ERROR ENOENT: no such file or directory, open 'C:\Users\xussn\Desktop\kurs\lms-project\node_modules\next\dist\esm\build\webpack\loaders\postcss-loader\src\Warning.js.map'
npm warn tar TAR_ENTRY_ERROR ENOENT: no such file or directory, open 'C:\Users\xussn\Desktop\kurs\lms-project\node_modules\next\dist\esm\server\node-environment-extensions\web-crypto.js.map'
npm warn tar TAR_ENTRY_ERROR ENOENT: no such file or directory, open 'C:\Users\xussn\Desktop\kurs\lms-project\node_modules\next\dist\server\node-environment-extensions\web-crypto.js.map'
npm warn tar TAR_ENTRY_ERROR ENOENT: no such file or directory, open 'C:\Users\xussn\Desktop\kurs\lms-project\node_modules\next\dist\esm\server\web\web-on-close.js.map'
npm warn tar TAR_ENTRY_ERROR ENOENT: no such file or directory, open 'C:\Users\xussn\Desktop\kurs\lms-project\node_modules\next\dist\server\web\web-on-close.js.map'
npm warn tar TAR_ENTRY_ERROR ENOENT: no such file or directory, open 'C:\Users\xussn\Desktop\kurs\lms-project\node_modules\next\dist\client\dev\hot-reloader\app\web-socket.js.map'
npm warn tar TAR_ENTRY_ERROR ENOENT: no such file or directory, open 'C:\Users\xussn\Desktop\kurs\lms-project\node_modules\next\dist\esm\client\dev\hot-reloader\app\web-socket.js.map'
npm warn tar TAR_ENTRY_ERROR ENOENT: no such file or directory, open 'C:\Users\xussn\Desktop\kurs\lms-project\node_modules\next\dist\esm\client\web-vitals.js.map'
npm warn tar TAR_ENTRY_ERROR ENOENT: no such file or directory, open 'C:\Users\xussn\Desktop\kurs\lms-project\node_modules\next\dist\esm\server\api-utils\web.js.map'
npm warn tar TAR_ENTRY_ERROR ENOENT: no such file or directory, open 'C:\Users\xussn\Desktop\kurs\lms-project\node_modules\next\dist\esm\server\base-http\web.js.map'
npm warn tar TAR_ENTRY_ERROR ENOENT: no such file or directory, open 'C:\Users\xussn\Desktop\kurs\lms-project\node_modules\next\dist\esm\server\response-cache\web.js.map'
npm warn tar TAR_ENTRY_ERROR ENOENT: no such file or directory, open 'C:\Users\xussn\Desktop\kurs\lms-project\node_modules\next\dist\server\api-utils\web.js.map'
npm warn tar TAR_ENTRY_ERROR ENOENT: no such file or directory, open 'C:\Users\xussn\Desktop\kurs\lms-project\node_modules\next\dist\server\base-http\web.js.map'
npm warn tar TAR_ENTRY_ERROR ENOENT: no such file or directory, open 'C:\Users\xussn\Desktop\kurs\lms-project\node_modules\next\dist\server\response-cache\web.js.map'
npm warn tar TAR_ENTRY_ERROR ENOENT: no such file or directory, open 'C:\Users\xussn\Desktop\kurs\lms-project\node_modules\next\dist\build\webpack-config.js.map'
npm warn tar TAR_ENTRY_ERROR ENOENT: no such file or directory, open 'C:\Users\xussn\Desktop\kurs\lms-project\node_modules\next\dist\esm\next-devtools\shared\webpack-module-path.js.map'
npm warn tar TAR_ENTRY_ERROR ENOENT: no such file or directory, open 'C:\Users\xussn\Desktop\kurs\lms-project\node_modules\next\dist\next-devtools\shared\webpack-module-path.js.map'
npm warn tar TAR_ENTRY_ERROR ENOENT: no such file or directory, open 'C:\Users\xussn\Desktop\kurs\lms-project\node_modules\next\dist\esm\client\webpack.js.map'
npm warn tar TAR_ENTRY_ERROR ENOENT: no such file or directory, open 'C:\Users\xussn\Desktop\kurs\lms-project\node_modules\next\dist\build\webpack\plugins\wellknown-errors-plugin\webpackModuleError.js.map'
npm warn tar TAR_ENTRY_ERROR ENOENT: no such file or directory, open 'C:\Users\xussn\Desktop\kurs\lms-project\node_modules\next\dist\esm\build\webpack\plugins\wellknown-errors-plugin\webpackModuleError.js.map'
npm warn tar TAR_ENTRY_ERROR ENOENT: no such file or directory, open 'C:\Users\xussn\Desktop\kurs\lms-project\node_modules\next\dist\client\dev\error-overlay\websocket.js.map'
npm warn tar TAR_ENTRY_ERROR ENOENT: no such file or directory, open 'C:\Users\xussn\Desktop\kurs\lms-project\node_modules\next\dist\client\dev\hot-reloader\pages\websocket.js.map'
npm warn tar TAR_ENTRY_ERROR ENOENT: no such file or directory, open 'C:\Users\xussn\Desktop\kurs\lms-project\node_modules\next\dist\esm\client\dev\error-overlay\websocket.js.map'
npm warn tar TAR_ENTRY_ERROR ENOENT: no such file or directory, open 'C:\Users\xussn\Desktop\kurs\lms-project\node_modules\next\dist\esm\client\dev\hot-reloader\pages\websocket.js.map'
npm warn tar TAR_ENTRY_ERROR ENOENT: no such file or directory, open 'C:\Users\xussn\Desktop\kurs\lms-project\node_modules\next\dist\build\polyfills\fetch\whatwg-fetch.js.map'
npm warn tar TAR_ENTRY_ERROR ENOENT: no such file or directory, open 'C:\Users\xussn\Desktop\kurs\lms-project\node_modules\next\dist\esm\build\polyfills\fetch\whatwg-fetch.js.map'
npm warn tar TAR_ENTRY_ERROR ENOENT: no such file or directory, open 'C:\Users\xussn\Desktop\kurs\lms-project\node_modules\next\dist\esm\lib\with-promise-cache.js.map'
npm warn tar TAR_ENTRY_ERROR ENOENT: no such file or directory, open 'C:\Users\xussn\Desktop\kurs\lms-project\node_modules\next\dist\esm\client\with-router.js.map'
npm warn tar TAR_ENTRY_ERROR ENOENT: no such file or directory, open 'C:\Users\xussn\Desktop\kurs\lms-project\node_modules\next\dist\esm\server\async-storage\with-store.js.map'
npm warn tar TAR_ENTRY_ERROR ENOENT: no such file or directory, open 'C:\Users\xussn\Desktop\kurs\lms-project\node_modules\next\dist\server\async-storage\with-store.js.map'
npm warn tar TAR_ENTRY_ERROR ENOENT: no such file or directory, open 'C:\Users\xussn\Desktop\kurs\lms-project\node_modules\next\dist\esm\server\app-render\work-async-storage-instance.js.map'
npm warn tar TAR_ENTRY_ERROR ENOENT: no such file or directory, open 'C:\Users\xussn\Desktop\kurs\lms-project\node_modules\next\dist\server\app-render\work-async-storage-instance.js.map'
npm warn tar TAR_ENTRY_ERROR ENOENT: no such file or directory, open 'C:\Users\xussn\Desktop\kurs\lms-project\node_modules\next\dist\esm\server\app-render\work-async-storage.external.js.map'
npm warn tar TAR_ENTRY_ERROR ENOENT: no such file or directory, open 'C:\Users\xussn\Desktop\kurs\lms-project\node_modules\next\dist\server\app-render\work-async-storage.external.js.map'
npm warn tar TAR_ENTRY_ERROR ENOENT: no such file or directory, open 'C:\Users\xussn\Desktop\kurs\lms-project\node_modules\next\dist\esm\server\async-storage\work-store.js.map'
npm warn tar TAR_ENTRY_ERROR ENOENT: no such file or directory, open 'C:\Users\xussn\Desktop\kurs\lms-project\node_modules\next\dist\server\async-storage\work-store.js.map'
npm warn tar TAR_ENTRY_ERROR ENOENT: no such file or directory, open 'C:\Users\xussn\Desktop\kurs\lms-project\node_modules\next\dist\esm\server\app-render\work-unit-async-storage-instance.js.map'
npm warn tar TAR_ENTRY_ERROR ENOENT: no such file or directory, open 'C:\Users\xussn\Desktop\kurs\lms-project\node_modules\next\dist\server\app-render\work-unit-async-storage-instance.js.map'
npm warn tar TAR_ENTRY_ERROR ENOENT: no such file or directory, open 'C:\Users\xussn\Desktop\kurs\lms-project\node_modules\next\dist\esm\server\app-render\work-unit-async-storage.external.js.map'
npm warn tar TAR_ENTRY_ERROR ENOENT: no such file or directory, open 'C:\Users\xussn\Desktop\kurs\lms-project\node_modules\next\dist\server\app-render\work-unit-async-storage.external.js.map'
npm warn tar TAR_ENTRY_ERROR ENOENT: no such file or directory, open 'C:\Users\xussn\Desktop\kurs\lms-project\node_modules\next\dist\esm\server\lib\worker-utils.js.map'
npm warn tar TAR_ENTRY_ERROR ENOENT: no such file or directory, open 'C:\Users\xussn\Desktop\kurs\lms-project\node_modules\next\dist\server\lib\worker-utils.js.map'
npm warn tar TAR_ENTRY_ERROR ENOENT: no such file or directory, open 'C:\Users\xussn\Desktop\kurs\lms-project\node_modules\next\dist\build\worker.js.map'
npm warn tar TAR_ENTRY_ERROR ENOENT: no such file or directory, open 'C:\Users\xussn\Desktop\kurs\lms-project\node_modules\next\dist\esm\export\worker.js.map'
npm warn tar TAR_ENTRY_ERROR ENOENT: no such file or directory, open 'C:\Users\xussn\Desktop\kurs\lms-project\node_modules\next\dist\esm\lib\worker.js.map'
npm warn tar TAR_ENTRY_ERROR ENOENT: no such file or directory, open 'C:\Users\xussn\Desktop\kurs\lms-project\node_modules\next\dist\export\worker.js.map'
npm warn tar TAR_ENTRY_ERROR ENOENT: no such file or directory, open 'C:\Users\xussn\Desktop\kurs\lms-project\node_modules\next\dist\esm\server\normalizers\wrap-normalizer-fn.js.map'
npm warn tar TAR_ENTRY_ERROR ENOENT: no such file or directory, open 'C:\Users\xussn\Desktop\kurs\lms-project\node_modules\next\dist\server\normalizers\wrap-normalizer-fn.js.map'
npm warn tar TAR_ENTRY_ERROR ENOENT: no such file or directory, open 'C:\Users\xussn\Desktop\kurs\lms-project\node_modules\next\dist\esm\lib\fs\write-atomic.js.map'
npm warn tar TAR_ENTRY_ERROR ENOENT: no such file or directory, open 'C:\Users\xussn\Desktop\kurs\lms-project\node_modules\next\dist\lib\fs\write-atomic.js.map'
npm warn tar TAR_ENTRY_ERROR ENOENT: no such file or directory, open 'C:\Users\xussn\Desktop\kurs\lms-project\node_modules\next\dist\build\write-build-id.js.map'
npm warn tar TAR_ENTRY_ERROR ENOENT: no such file or directory, open 'C:\Users\xussn\Desktop\kurs\lms-project\node_modules\next\dist\esm\lib\typescript\writeAppTypeDeclarations.js.map'
npm warn tar TAR_ENTRY_ERROR ENOENT: no such file or directory, open 'C:\Users\xussn\Desktop\kurs\lms-project\node_modules\next\dist\lib\typescript\writeAppTypeDeclarations.js.map'
npm warn tar TAR_ENTRY_ERROR ENOENT: no such file or directory, open 'C:\Users\xussn\Desktop\kurs\lms-project\node_modules\next\dist\esm\lib\typescript\writeConfigurationDefaults.js.map'
npm warn tar TAR_ENTRY_ERROR ENOENT: no such file or directory, open 'C:\Users\xussn\Desktop\kurs\lms-project\node_modules\next\dist\lib\typescript\writeConfigurationDefaults.js.map'
npm warn tar TAR_ENTRY_ERROR ENOENT: no such file or directory, open 'C:\Users\xussn\Desktop\kurs\lms-project\node_modules\next\dist\esm\shared\lib\zod.js.map'
npm warn tar TAR_ENTRY_ERROR ENOENT: no such file or directory, open 'C:\Users\xussn\Desktop\kurs\lms-project\node_modules\next\dist\shared\lib\zod.js.map'
npm warn tar TAR_ENTRY_ERROR ENOENT: no such file or directory, open 'C:\Users\xussn\Desktop\kurs\lms-project\node_modules\next\dist\compiled\@babel\runtime\README.md'
npm warn tar TAR_ENTRY_ERROR ENOENT: no such file or directory, open 'C:\Users\xussn\Desktop\kurs\lms-project\node_modules\next\dist\compiled\react-is\README.md'
npm warn tar TAR_ENTRY_ERROR ENOENT: no such file or directory, open 'C:\Users\xussn\Desktop\kurs\lms-project\node_modules\next\dist\compiled\react-refresh\README.md'
npm warn tar TAR_ENTRY_ERROR ENOENT: no such file or directory, open 'C:\Users\xussn\Desktop\kurs\lms-project\node_modules\next\dist\compiled\regenerator-runtime\README.md'
npm warn tar TAR_ENTRY_ERROR ENOENT: no such file or directory, open 'C:\Users\xussn\Desktop\kurs\lms-project\node_modules\next\dist\pages\_app.d.ts'
npm warn tar TAR_ENTRY_ERROR ENOENT: no such file or directory, open 'C:\Users\xussn\Desktop\kurs\lms-project\node_modules\next\dist\pages\_document.d.ts'
npm warn tar TAR_ENTRY_ERROR ENOENT: no such file or directory, open 'C:\Users\xussn\Desktop\kurs\lms-project\node_modules\next\dist\pages\_error.d.ts'
npm warn tar TAR_ENTRY_ERROR ENOENT: no such file or directory, open 'C:\Users\xussn\Desktop\kurs\lms-project\node_modules\next\dist\server\route-modules\pages\builtin\_error.d.ts'
npm warn tar TAR_ENTRY_ERROR ENOENT: no such file or directory, open 'C:\Users\xussn\Desktop\kurs\lms-project\node_modules\next\dist\compiled\@edge-runtime\primitives\abort-controller.d.ts'
npm warn tar TAR_ENTRY_ERROR ENOENT: no such file or directory, open 'C:\Users\xussn\Desktop\kurs\lms-project\node_modules\next\dist\server\normalizers\absolute-filename-normalizer.d.ts'
npm warn tar TAR_ENTRY_ERROR ENOENT: no such file or directory, open 'C:\Users\xussn\Desktop\kurs\lms-project\node_modules\next\dist\shared\lib\page-path\absolute-path-to-page.d.ts'
npm warn tar TAR_ENTRY_ERROR ENOENT: no such file or directory, open 'C:\Users\xussn\Desktop\kurs\lms-project\node_modules\next\dist\client\components\styles\access-error-styles.d.ts'
npm warn tar TAR_ENTRY_ERROR ENOENT: no such file or directory, open 'C:\Users\xussn\Desktop\kurs\lms-project\node_modules\next\dist\server\app-render\action-async-storage-instance.d.ts'
npm warn tar TAR_ENTRY_ERROR ENOENT: no such file or directory, open 'C:\Users\xussn\Desktop\kurs\lms-project\node_modules\next\dist\server\app-render\action-async-storage.external.d.ts'
npm warn tar TAR_ENTRY_ERROR ENOENT: no such file or directory, open 'C:\Users\xussn\Desktop\kurs\lms-project\node_modules\next\dist\build\webpack\loaders\next-flight-loader\action-client-wrapper.d.ts'
npm warn tar TAR_ENTRY_ERROR ENOENT: no such file or directory, open 'C:\Users\xussn\Desktop\kurs\lms-project\node_modules\next\dist\server\app-render\action-handler.d.ts'
npm warn tar TAR_ENTRY_ERROR ENOENT: no such file or directory, open 'C:\Users\xussn\Desktop\kurs\lms-project\node_modules\next\dist\shared\lib\action-revalidation-kind.d.ts'
npm warn tar TAR_ENTRY_ERROR ENOENT: no such file or directory, open 'C:\Users\xussn\Desktop\kurs\lms-project\node_modules\next\dist\build\webpack\loaders\next-flight-loader\action-validate.d.ts'
npm warn tar TAR_ENTRY_ERROR ENOENT: no such file or directory, open 'C:\Users\xussn\Desktop\kurs\lms-project\node_modules\next\dist\server\web\adapter.d.ts'
npm warn tar TAR_ENTRY_ERROR ENOENT: no such file or directory, open 'C:\Users\xussn\Desktop\kurs\lms-project\node_modules\next\dist\shared\lib\router\adapters.d.ts'
npm warn tar TAR_ENTRY_ERROR ENOENT: no such file or directory, open 'C:\Users\xussn\Desktop\kurs\lms-project\node_modules\next\dist\shared\lib\router\utils\add-locale.d.ts'
npm warn tar TAR_ENTRY_ERROR ENOENT: no such file or directory, open 'C:\Users\xussn\Desktop\kurs\lms-project\node_modules\next\dist\shared\lib\router\utils\add-path-prefix.d.ts'
npm warn tar TAR_ENTRY_ERROR ENOENT: no such file or directory, open 'C:\Users\xussn\Desktop\kurs\lms-project\node_modules\next\dist\shared\lib\router\utils\add-path-suffix.d.ts'
npm warn tar TAR_ENTRY_ERROR ENOENT: no such file or directory, open 'C:\Users\xussn\Desktop\kurs\lms-project\node_modules\next\dist\server\after\after-context.d.ts'
npm warn tar TAR_ENTRY_ERROR ENOENT: no such file or directory, open 'C:\Users\xussn\Desktop\kurs\lms-project\node_modules\next\dist\build\after-production-compile.d.ts'
npm warn tar TAR_ENTRY_ERROR ENOENT: no such file or directory, open 'C:\Users\xussn\Desktop\kurs\lms-project\node_modules\next\dist\server\app-render\after-task-async-storage-instance.d.ts'
npm warn tar TAR_ENTRY_ERROR ENOENT: no such file or directory, open 'C:\Users\xussn\Desktop\kurs\lms-project\node_modules\next\dist\server\app-render\after-task-async-storage.external.d.ts'
npm warn tar TAR_ENTRY_ERROR ENOENT: no such file or directory, open 'C:\Users\xussn\Desktop\kurs\lms-project\node_modules\next\dist\server\after\after.d.ts'
npm warn tar TAR_ENTRY_ERROR ENOENT: no such file or directory, open 'C:\Users\xussn\Desktop\kurs\lms-project\node_modules\next\dist\lib\metadata\types\alternative-urls-types.d.ts'
npm warn tar TAR_ENTRY_ERROR ENOENT: no such file or directory, open 'C:\Users\xussn\Desktop\kurs\lms-project\node_modules\next\dist\telemetry\anonymous-meta.d.ts'
npm warn tar TAR_ENTRY_ERROR ENOENT: no such file or directory, open 'C:\Users\xussn\Desktop\kurs\lms-project\node_modules\next\dist\server\api-utils\node\api-resolver.d.ts'
npm warn tar TAR_ENTRY_ERROR ENOENT: no such file or directory, open 'C:\Users\xussn\Desktop\kurs\lms-project\node_modules\next\dist\build\webpack\loaders\css-loader\src\runtime\api.d.ts'
npm warn tar TAR_ENTRY_ERROR ENOENT: no such file or directory, open 'C:\Users\xussn\Desktop\kurs\lms-project\node_modules\next\dist\server\normalizers\built\app\app-bundle-path-normalizer.d.ts'
npm warn tar TAR_ENTRY_ERROR ENOENT: no such file or directory, open 'C:\Users\xussn\Desktop\kurs\lms-project\node_modules\next\dist\next-devtools\userspace\app\app-dev-overlay-error-boundary.d.ts'
npm warn tar TAR_ENTRY_ERROR ENOENT: no such file or directory, open 'C:\Users\xussn\Desktop\kurs\lms-project\node_modules\next\dist\next-devtools\userspace\app\app-dev-overlay-setup.d.ts'
npm warn tar TAR_ENTRY_ERROR ENOENT: no such file or directory, open 'C:\Users\xussn\Desktop\kurs\lms-project\node_modules\next\dist\server\lib\app-dir-module.d.ts'
npm warn tar TAR_ENTRY_ERROR ENOENT: no such file or directory, open 'C:\Users\xussn\Desktop\kurs\lms-project\node_modules\next\dist\api\app-dynamic.d.ts'
npm warn tar TAR_ENTRY_ERROR ENOENT: no such file or directory, open 'C:\Users\xussn\Desktop\kurs\lms-project\node_modules\next\dist\shared\lib\app-dynamic.d.ts'
npm warn tar TAR_ENTRY_ERROR ENOENT: no such file or directory, open 'C:\Users\xussn\Desktop\kurs\lms-project\node_modules\next\dist\client\components\builtin\app-error.d.ts'
npm warn tar TAR_ENTRY_ERROR ENOENT: no such file or directory, open 'C:\Users\xussn\Desktop\kurs\lms-project\node_modules\next\dist\server\normalizers\built\app\app-filename-normalizer.d.ts'
npm warn tar TAR_ENTRY_ERROR ENOENT: no such file or directory, open 'C:\Users\xussn\Desktop\kurs\lms-project\node_modules\next\dist\server\lib\app-info-log.d.ts'
npm warn tar TAR_ENTRY_ERROR ENOENT: no such file or directory, open 'C:\Users\xussn\Desktop\kurs\lms-project\node_modules\next\dist\server\normalizers\built\app\app-page-normalizer.d.ts'
npm warn tar TAR_ENTRY_ERROR ENOENT: no such file or directory, open 'C:\Users\xussn\Desktop\kurs\lms-project\node_modules\next\dist\server\route-definitions\app-page-route-definition.d.ts'
npm warn tar TAR_ENTRY_ERROR ENOENT: no such file or directory, open 'C:\Users\xussn\Desktop\kurs\lms-project\node_modules\next\dist\server\route-matches\app-page-route-match.d.ts'
npm warn tar TAR_ENTRY_ERROR ENOENT: no such file or directory, open 'C:\Users\xussn\Desktop\kurs\lms-project\node_modules\next\dist\server\route-matcher-providers\app-page-route-matcher-provider.d.ts'
npm warn tar TAR_ENTRY_ERROR ENOENT: no such file or directory, open 'C:\Users\xussn\Desktop\kurs\lms-project\node_modules\next\dist\server\route-matchers\app-page-route-matcher.d.ts'
npm warn tar TAR_ENTRY_ERROR ENOENT: no such file or directory, open 'C:\Users\xussn\Desktop\kurs\lms-project\node_modules\next\dist\build\templates\app-page.d.ts'
npm warn tar TAR_ENTRY_ERROR ENOENT: no such file or directory, open 'C:\Users\xussn\Desktop\kurs\lms-project\node_modules\next\dist\export\routes\app-page.d.ts'
npm warn tar TAR_ENTRY_ERROR ENOENT: no such file or directory, open 'C:\Users\xussn\Desktop\kurs\lms-project\node_modules\next\dist\server\normalizers\built\app\app-pathname-normalizer.d.ts'
npm warn tar TAR_ENTRY_ERROR ENOENT: no such file or directory, open 'C:\Users\xussn\Desktop\kurs\lms-project\node_modules\next\dist\shared\lib\router\utils\app-paths.d.ts'
npm warn tar TAR_ENTRY_ERROR ENOENT: no such file or directory, open 'C:\Users\xussn\Desktop\kurs\lms-project\node_modules\next\dist\server\app-render\app-render-prerender-utils.d.ts'
npm warn tar TAR_ENTRY_ERROR ENOENT: no such file or directory, open 'C:\Users\xussn\Desktop\kurs\lms-project\node_modules\next\dist\server\app-render\app-render-render-utils.d.ts'
npm warn tar TAR_ENTRY_ERROR ENOENT: no such file or directory, open 'C:\Users\xussn\Desktop\kurs\lms-project\node_modules\next\dist\server\app-render\app-render-scheduling.d.ts'
npm warn tar TAR_ENTRY_ERROR ENOENT: no such file or directory, open 'C:\Users\xussn\Desktop\kurs\lms-project\node_modules\next\dist\server\app-render\app-render.d.ts'
npm warn tar TAR_ENTRY_ERROR ENOENT: no such file or directory, open 'C:\Users\xussn\Desktop\kurs\lms-project\node_modules\next\dist\server\route-definitions\app-route-route-definition.d.ts'
npm warn tar TAR_ENTRY_ERROR ENOENT: no such file or directory, open 'C:\Users\xussn\Desktop\kurs\lms-project\node_modules\next\dist\server\route-matches\app-route-route-match.d.ts'
npm warn tar TAR_ENTRY_ERROR ENOENT: no such file or directory, open 'C:\Users\xussn\Desktop\kurs\lms-project\node_modules\next\dist\server\route-matcher-providers\app-route-route-matcher-provider.d.ts'
npm warn tar TAR_ENTRY_ERROR ENOENT: no such file or directory, open 'C:\Users\xussn\Desktop\kurs\lms-project\node_modules\next\dist\server\route-matchers\app-route-route-matcher.d.ts'
npm warn tar TAR_ENTRY_ERROR ENOENT: no such file or directory, open 'C:\Users\xussn\Desktop\kurs\lms-project\node_modules\next\dist\build\templates\app-route.d.ts'
npm warn tar TAR_ENTRY_ERROR ENOENT: no such file or directory, open 'C:\Users\xussn\Desktop\kurs\lms-project\node_modules\next\dist\export\routes\app-route.d.ts'
npm warn tar TAR_ENTRY_ERROR ENOENT: no such file or directory, open 'C:\Users\xussn\Desktop\kurs\lms-project\node_modules\next\dist\server\route-modules\app-page\vendored\contexts\app-router-context.d.ts'
npm warn tar TAR_ENTRY_ERROR ENOENT: no such file or directory, open 'C:\Users\xussn\Desktop\kurs\lms-project\node_modules\next\dist\server\route-modules\pages\vendored\contexts\app-router-context.d.ts'
npm warn tar TAR_ENTRY_ERROR ENOENT: no such file or directory, open 'C:\Users\xussn\Desktop\kurs\lms-project\node_modules\next\dist\shared\lib\app-router-context.shared-runtime.d.ts'
npm warn tar TAR_ENTRY_ERROR ENOENT: no such file or directory, open 'C:\Users\xussn\Desktop\kurs\lms-project\node_modules\next\dist\shared\lib\app-router-types.d.ts'
npm warn tar TAR_ENTRY_ERROR ENOENT: no such file or directory, open 'C:\Users\xussn\Desktop\kurs\lms-project\node_modules\next\dist\build\segment-config\app\app-segment-config.d.ts'
npm warn tar TAR_ENTRY_ERROR ENOENT: no such file or directory, open 'C:\Users\xussn\Desktop\kurs\lms-project\node_modules\next\dist\build\segment-config\app\app-segments.d.ts'
npm warn tar TAR_ENTRY_ERROR ENOENT: no such file or directory, open 'C:\Users\xussn\Desktop\kurs\lms-project\node_modules\next\dist\api\app.d.ts'
npm warn tar TAR_ENTRY_ERROR ENOENT: no such file or directory, open 'C:\Users\xussn\Desktop\kurs\lms-project\node_modules\next\dist\build\static-paths\app.d.ts'
npm warn tar TAR_ENTRY_ERROR ENOENT: no such file or directory, open 'C:\Users\xussn\Desktop\kurs\lms-project\node_modules\next\dist\shared\lib\router\routes\app.d.ts'
npm warn tar TAR_ENTRY_ERROR ENOENT: no such file or directory, open 'C:\Users\xussn\Desktop\kurs\lms-project\node_modules\next\dist\shared\lib\router\utils\as-path-to-search-params.d.ts'
npm warn tar TAR_ENTRY_ERROR ENOENT: no such file or directory, open 'C:\Users\xussn\Desktop\kurs\lms-project\node_modules\next\dist\server\lib\async-callback-set.d.ts'
npm warn tar TAR_ENTRY_ERROR ENOENT: no such file or directory, open 'C:\Users\xussn\Desktop\kurs\lms-project\node_modules\next\dist\server\app-render\async-local-storage.d.ts'
npm warn tar TAR_ENTRY_ERROR ENOENT: no such file or directory, open 'C:\Users\xussn\Desktop\kurs\lms-project\node_modules\next\dist\next-devtools\server\attach-nodejs-debugger-middleware.d.ts'
npm warn tar TAR_ENTRY_ERROR ENOENT: no such file or directory, open 'C:\Users\xussn\Desktop\kurs\lms-project\node_modules\next\dist\server\route-modules\app-route\helpers\auto-implement-methods.d.ts'
npm warn tar TAR_ENTRY_ERROR ENOENT: no such file or directory, open 'C:\Users\xussn\Desktop\kurs\lms-project\node_modules\next\dist\build\polyfills\object.assign\auto.d.ts'
npm warn tar TAR_ENTRY_ERROR ENOENT: no such file or directory, open 'C:\Users\xussn\Desktop\kurs\lms-project\node_modules\next\dist\server\after\awaiter.d.ts'
npm warn tar TAR_ENTRY_ERROR ENOENT: no such file or directory, open 'C:\Users\xussn\Desktop\kurs\lms-project\node_modules\next\dist\shared\lib\lazy-dynamic\bailout-to-csr.d.ts'
npm warn tar TAR_ENTRY_ERROR ENOENT: no such file or directory, open 'C:\Users\xussn\Desktop\kurs\lms-project\node_modules\next\dist\server\normalizers\request\base-path.d.ts'
npm warn tar TAR_ENTRY_ERROR ENOENT: no such file or directory, open 'C:\Users\xussn\Desktop\kurs\lms-project\node_modules\next\dist\build\webpack\config\blocks\base.d.ts'
npm warn tar TAR_ENTRY_ERROR ENOENT: no such file or directory, open 'C:\Users\xussn\Desktop\kurs\lms-project\node_modules\next\dist\server\route-matcher-providers\dev\helpers\file-reader\batched-file-reader.d.ts'
npm warn tar TAR_ENTRY_ERROR ENOENT: no such file or directory, open 'C:\Users\xussn\Desktop\kurs\lms-project\node_modules\next\dist\client\components\segment-cache\bfcache.d.ts'
npm warn tar TAR_ENTRY_ERROR ENOENT: no such file or directory, open 'C:\Users\xussn\Desktop\kurs\lms-project\node_modules\next\dist\server\lib\router-utils\block-cross-site-dev.d.ts'
npm warn tar TAR_ENTRY_ERROR ENOENT: no such file or directory, open 'C:\Users\xussn\Desktop\kurs\lms-project\node_modules\next\dist\shared\lib\bloom-filter.d.ts'
npm warn tar TAR_ENTRY_ERROR ENOENT: no such file or directory, open 'C:\Users\xussn\Desktop\kurs\lms-project\node_modules\next\dist\build\webpack\loaders\next-image-loader\blur.d.ts'
npm warn tar TAR_ENTRY_ERROR ENOENT: no such file or directory, lstat 'C:\Users\xussn\Desktop\kurs\lms-project\node_modules\next\dist\next-devtools\dev-overlay'
npm warn tar TAR_ENTRY_ERROR ENOENT: no such file or directory, lstat 'C:\Users\xussn\Desktop\kurs\lms-project\node_modules\next\dist\next-devtools\dev-overlay'
npm warn tar TAR_ENTRY_ERROR ENOENT: no such file or directory, open 'C:\Users\xussn\Desktop\kurs\lms-project\node_modules\next\dist\lib\framework\boundary-components.d.ts'
npm warn tar TAR_ENTRY_ERROR ENOENT: no such file or directory, open 'C:\Users\xussn\Desktop\kurs\lms-project\node_modules\next\dist\lib\framework\boundary-constants.d.ts'
npm warn tar TAR_ENTRY_ERROR ENOENT: no such file or directory, open 'C:\Users\xussn\Desktop\kurs\lms-project\node_modules\next\dist\server\app-render\instant-validation\boundary-constants.d.ts'
npm warn tar TAR_ENTRY_ERROR ENOENT: no such file or directory, open 'C:\Users\xussn\Desktop\kurs\lms-project\node_modules\next\dist\server\app-render\instant-validation\boundary-impl.d.ts'
npm warn tar TAR_ENTRY_ERROR ENOENT: no such file or directory, open 'C:\Users\xussn\Desktop\kurs\lms-project\node_modules\next\dist\server\app-render\instant-validation\boundary-tracking.d.ts'
npm warn tar TAR_ENTRY_ERROR ENOENT: no such file or directory, open 'C:\Users\xussn\Desktop\kurs\lms-project\node_modules\next\dist\client\components\instant-validation\boundary.d.ts'
npm warn tar TAR_ENTRY_ERROR ENOENT: no such file or directory, open 'C:\Users\xussn\Desktop\kurs\lms-project\node_modules\next\dist\server\mcp\tools\utils\browser-communication.d.ts'
npm warn tar TAR_ENTRY_ERROR ENOENT: no such file or directory, open 'C:\Users\xussn\Desktop\kurs\lms-project\node_modules\next\dist\build\adapter\build-complete.d.ts'
npm warn tar TAR_ENTRY_ERROR ENOENT: no such file or directory, open 'C:\Users\xussn\Desktop\kurs\lms-project\node_modules\next\dist\build\build-context.d.ts'
npm warn tar TAR_ENTRY_ERROR ENOENT: no such file or directory, open 'C:\Users\xussn\Desktop\kurs\lms-project\node_modules\next\dist\server\lib\router-utils\build-data-route.d.ts'
npm warn tar TAR_ENTRY_ERROR ENOENT: no such file or directory, open 'C:\Users\xussn\Desktop\kurs\lms-project\node_modules\next\dist\diagnostics\build-diagnostics.d.ts'
npm warn tar TAR_ENTRY_ERROR ENOENT: no such file or directory, lstat 'C:\Users\xussn\Desktop\kurs\lms-project\node_modules\next\dist\next-devtools\dev-overlay'
npm warn tar TAR_ENTRY_ERROR ENOENT: no such file or directory, open 'C:\Users\xussn\Desktop\kurs\lms-project\node_modules\next\dist\build\webpack\plugins\build-manifest-plugin-utils.d.ts'
npm warn tar TAR_ENTRY_ERROR ENOENT: no such file or directory, open 'C:\Users\xussn\Desktop\kurs\lms-project\node_modules\next\dist\build\webpack\plugins\build-manifest-plugin.d.ts'
npm warn tar TAR_ENTRY_ERROR ENOENT: no such file or directory, open 'C:\Users\xussn\Desktop\kurs\lms-project\node_modules\next\dist\server\lib\router-utils\build-prefetch-segment-data-route.d.ts'
npm warn tar TAR_ENTRY_ERROR ENOENT: no such file or directory, open 'C:\Users\xussn\Desktop\kurs\lms-project\node_modules\next\dist\telemetry\events\build.d.ts'
npm warn tar TAR_ENTRY_ERROR ENOENT: no such file or directory, open 'C:\Users\xussn\Desktop\kurs\lms-project\node_modules\next\dist\server\after\builtin-request-context.d.ts'
npm warn tar TAR_ENTRY_ERROR ENOENT: no such file or directory, open 'C:\Users\xussn\Desktop\kurs\lms-project\node_modules\next\dist\shared\lib\router\utils\cache-busting-search-param.d.ts'
npm warn tar TAR_ENTRY_ERROR ENOENT: no such file or directory, open 'C:\Users\xussn\Desktop\kurs\lms-project\node_modules\next\dist\server\lib\cache-control.d.ts'
npm warn tar TAR_ENTRY_ERROR ENOENT: no such file or directory, lstat 'C:\Users\xussn\Desktop\kurs\lms-project\node_modules\next\dist\next-devtools\dev-overlay'
npm warn tar TAR_ENTRY_ERROR ENOENT: no such file or directory, open 'C:\Users\xussn\Desktop\kurs\lms-project\node_modules\next\dist\build\webpack\cache-invalidation.d.ts'
npm warn tar TAR_ENTRY_ERROR ENOENT: no such file or directory, open 'C:\Users\xussn\Desktop\kurs\lms-project\node_modules\next\dist\client\components\segment-cache\cache-key.d.ts'
npm warn tar TAR_ENTRY_ERROR ENOENT: no such file or directory, open 'C:\Users\xussn\Desktop\kurs\lms-project\node_modules\next\dist\server\lib\router-utils\cache-life-type-utils.d.ts'
npm warn tar TAR_ENTRY_ERROR ENOENT: no such file or directory, open 'C:\Users\xussn\Desktop\kurs\lms-project\node_modules\next\dist\server\use-cache\cache-life.d.ts'
npm warn tar TAR_ENTRY_ERROR ENOENT: no such file or directory, open 'C:\Users\xussn\Desktop\kurs\lms-project\node_modules\next\dist\client\components\segment-cache\cache-map.d.ts'
npm warn tar TAR_ENTRY_ERROR ENOENT: no such file or directory, open 'C:\Users\xussn\Desktop\kurs\lms-project\node_modules\next\dist\server\app-render\cache-signal.d.ts'
npm warn tar TAR_ENTRY_ERROR ENOENT: no such file or directory, open 'C:\Users\xussn\Desktop\kurs\lms-project\node_modules\next\dist\server\resume-data-cache\cache-store.d.ts'
npm warn tar TAR_ENTRY_ERROR ENOENT: no such file or directory, open 'C:\Users\xussn\Desktop\kurs\lms-project\node_modules\next\dist\server\use-cache\cache-tag.d.ts'
npm warn tar TAR_ENTRY_ERROR ENOENT: no such file or directory, open 'C:\Users\xussn\Desktop\kurs\lms-project\node_modules\next\dist\build\webpack\loaders\next-flight-loader\cache-wrapper.d.ts'
npm warn tar TAR_ENTRY_ERROR ENOENT: no such file or directory, open 'C:\Users\xussn\Desktop\kurs\lms-project\node_modules\next\dist\client\components\segment-cache\cache.d.ts'
npm warn tar TAR_ENTRY_ERROR ENOENT: no such file or directory, open 'C:\Users\xussn\Desktop\kurs\lms-project\node_modules\next\dist\server\route-matcher-providers\helpers\cached-route-matcher-provider.d.ts'
npm warn tar TAR_ENTRY_ERROR ENOENT: no such file or directory, lstat 'C:\Users\xussn\Desktop\kurs\lms-project\node_modules\next\dist\next-devtools\dev-overlay'
npm warn tar TAR_ENTRY_ERROR ENOENT: no such file or directory, lstat 'C:\Users\xussn\Desktop\kurs\lms-project\node_modules\next\dist\next-devtools\dev-overlay'
npm warn tar TAR_ENTRY_ERROR ENOENT: no such file or directory, open 'C:\Users\xussn\Desktop\kurs\lms-project\node_modules\next\dist\build\webpack\loaders\css-loader\src\camelcase.d.ts'
npm warn tar TAR_ENTRY_ERROR ENOENT: no such file or directory, open 'C:\Users\xussn\Desktop\kurs\lms-project\node_modules\next\dist\shared\lib\errors\canary-only-config-error.d.ts'
npm warn tar TAR_ENTRY_ERROR ENOENT: no such file or directory, open 'C:\Users\xussn\Desktop\kurs\lms-project\node_modules\next\dist\server\route-modules\checks.d.ts'
npm warn tar TAR_ENTRY_ERROR ENOENT: no such file or directory, lstat 'C:\Users\xussn\Desktop\kurs\lms-project\node_modules\next\dist\next-devtools\dev-overlay'
npm warn tar TAR_ENTRY_ERROR ENOENT: no such file or directory, open 'C:\Users\xussn\Desktop\kurs\lms-project\node_modules\next\dist\server\lib\chrome-devtools-workspace.d.ts'
npm warn tar TAR_ENTRY_ERROR ENOENT: no such file or directory, open 'C:\Users\xussn\Desktop\kurs\lms-project\node_modules\next\dist\server\route-modules\app-route\helpers\clean-url.d.ts'
npm warn tar TAR_ENTRY_ERROR ENOENT: no such file or directory, open 'C:\Users\xussn\Desktop\kurs\lms-project\node_modules\next\dist\server\typescript\rules\client-boundary.d.ts'
npm warn tar TAR_ENTRY_ERROR ENOENT: no such file or directory, open 'C:\Users\xussn\Desktop\kurs\lms-project\node_modules\next\dist\next-devtools\userspace\app\client-entry.d.ts'
npm warn tar TAR_ENTRY_ERROR ENOENT: no such file or directory, open 'C:\Users\xussn\Desktop\kurs\lms-project\node_modules\next\dist\build\webpack\config\blocks\css\loaders\client.d.ts'
npm warn tar TAR_ENTRY_ERROR ENOENT: no such file or directory, open 'C:\Users\xussn\Desktop\kurs\lms-project\node_modules\next\dist\server\lib\clone-response.d.ts'
npm warn tar TAR_ENTRY_ERROR ENOENT: no such file or directory, lstat 'C:\Users\xussn\Desktop\kurs\lms-project\node_modules\next\dist\next-devtools\dev-overlay'
npm warn tar TAR_ENTRY_ERROR ENOENT: no such file or directory, open 'C:\Users\xussn\Desktop\kurs\lms-project\node_modules\next\dist\shared\lib\errors\code-frame.d.ts'
npm warn tar TAR_ENTRY_ERROR ENOENT: no such file or directory, open 'C:\Users\xussn\Desktop\kurs\lms-project\node_modules\next\dist\build\webpack\loaders\lightningcss-loader\src\codegen.d.ts'
npm warn tar TAR_ENTRY_ERROR ENOENT: no such file or directory, lstat 'C:\Users\xussn\Desktop\kurs\lms-project\node_modules\next\dist\next-devtools\dev-overlay'
npm warn tar TAR_ENTRY_ERROR ENOENT: no such file or directory, open 'C:\Users\xussn\Desktop\kurs\lms-project\node_modules\next\dist\build\collect-build-traces.d.ts'
npm warn tar TAR_ENTRY_ERROR ENOENT: no such file or directory, open 'C:\Users\xussn\Desktop\kurs\lms-project\node_modules\next\dist\build\segment-config\app\collect-root-param-keys.d.ts'
npm warn tar TAR_ENTRY_ERROR ENOENT: no such file or directory, open 'C:\Users\xussn\Desktop\kurs\lms-project\node_modules\next\dist\server\app-render\collect-segment-data.d.ts'
npm warn tar TAR_ENTRY_ERROR ENOENT: no such file or directory, open 'C:\Users\xussn\Desktop\kurs\lms-project\node_modules\next\dist\client\components\router-reducer\reducers\committed-state.d.ts'
npm warn tar TAR_ENTRY_ERROR ENOENT: no such file or directory, open 'C:\Users\xussn\Desktop\kurs\lms-project\node_modules\next\dist\build\babel\plugins\commonjs.d.ts'
npm warn tar TAR_ENTRY_ERROR ENOENT: no such file or directory, open 'C:\Users\xussn\Desktop\kurs\lms-project\node_modules\next\dist\shared\lib\router\utils\compare-states.d.ts'
npm warn tar TAR_ENTRY_ERROR ENOENT: no such file or directory, open 'C:\Users\xussn\Desktop\kurs\lms-project\node_modules\next\dist\shared\lib\turbopack\compilation-events.d.ts'
npm warn tar TAR_ENTRY_ERROR ENOENT: no such file or directory, open 'C:\Users\xussn\Desktop\kurs\lms-project\node_modules\next\dist\build\compiler.d.ts'
npm warn tar TAR_ENTRY_ERROR ENOENT: no such file or directory, lstat 'C:\Users\xussn\Desktop\kurs\lms-project\node_modules\next\dist\next-devtools\dev-overlay'
npm warn tar TAR_ENTRY_ERROR ENOENT: no such file or directory, lstat 'C:\Users\xussn\Desktop\kurs\lms-project\node_modules\next\dist\next-devtools\dev-overlay'
npm warn tar TAR_ENTRY_ERROR ENOENT: no such file or directory, open 'C:\Users\xussn\Desktop\kurs\lms-project\node_modules\next\dist\client\components\router-reducer\compute-changed-path.d.ts'
npm warn tar TAR_ENTRY_ERROR ENOENT: no such file or directory, open 'C:\Users\xussn\Desktop\kurs\lms-project\node_modules\next\dist\experimental\testing\server\config-testing-utils.d.ts'
npm warn tar TAR_ENTRY_ERROR ENOENT: no such file or directory, open 'C:\Users\xussn\Desktop\kurs\lms-project\node_modules\next\dist\server\typescript\rules\config.d.ts'
npm warn tar TAR_ENTRY_ERROR ENOENT: no such file or directory, open 'C:\Users\xussn\Desktop\kurs\lms-project\node_modules\next\dist\server\request\connection.d.ts'
npm warn tar TAR_ENTRY_ERROR ENOENT: no such file or directory, open 'C:\Users\xussn\Desktop\kurs\lms-project\node_modules\next\dist\server\app-render\console-async-storage-instance.d.ts'
npm warn tar TAR_ENTRY_ERROR ENOENT: no such file or directory, open 'C:\Users\xussn\Desktop\kurs\lms-project\node_modules\next\dist\server\app-render\console-async-storage.external.d.ts'
npm warn tar TAR_ENTRY_ERROR ENOENT: no such file or directory, open 'C:\Users\xussn\Desktop\kurs\lms-project\node_modules\next\dist\server\node-environment-extensions\console-dim.external.d.ts'
npm warn tar TAR_ENTRY_ERROR ENOENT: no such file or directory, open 'C:\Users\xussn\Desktop\kurs\lms-project\node_modules\next\dist\next-devtools\shared\console-error.d.ts'
npm warn tar TAR_ENTRY_ERROR ENOENT: no such file or directory, open 'C:\Users\xussn\Desktop\kurs\lms-project\node_modules\next\dist\server\node-environment-extensions\console-exit.d.ts'
npm warn tar TAR_ENTRY_ERROR ENOENT: no such file or directory, open 'C:\Users\xussn\Desktop\kurs\lms-project\node_modules\next\dist\server\node-environment-extensions\console-file.d.ts'
npm warn tar TAR_ENTRY_ERROR ENOENT: no such file or directory, open 'C:\Users\xussn\Desktop\kurs\lms-project\node_modules\next\dist\client\lib\console.d.ts'
npm warn tar TAR_ENTRY_ERROR ENOENT: no such file or directory, open 'C:\Users\xussn\Desktop\kurs\lms-project\node_modules\next\dist\compiled\@edge-runtime\primitives\console.d.ts'
npm warn tar TAR_ENTRY_ERROR ENOENT: no such file or directory, open 'C:\Users\xussn\Desktop\kurs\lms-project\node_modules\next\dist\server\typescript\constant.d.ts'
npm warn tar TAR_ENTRY_ERROR ENOENT: no such file or directory, open 'C:\Users\xussn\Desktop\kurs\lms-project\node_modules\next\dist\api\constants.d.ts'
npm warn tar TAR_ENTRY_ERROR ENOENT: no such file or directory, open 'C:\Users\xussn\Desktop\kurs\lms-project\node_modules\next\dist\compiled\@next\font\dist\constants.d.ts'
npm warn tar TAR_ENTRY_ERROR ENOENT: no such file or directory, open 'C:\Users\xussn\Desktop\kurs\lms-project\node_modules\next\dist\lib\metadata\constants.d.ts'
npm warn tar TAR_ENTRY_ERROR ENOENT: no such file or directory, open 'C:\Users\xussn\Desktop\kurs\lms-project\node_modules\next\dist\server\lib\trace\constants.d.ts'
npm warn tar TAR_ENTRY_ERROR ENOENT: no such file or directory, open 'C:\Users\xussn\Desktop\kurs\lms-project\node_modules\next\dist\server\use-cache\constants.d.ts'
npm warn tar TAR_ENTRY_ERROR ENOENT: no such file or directory, open 'C:\Users\xussn\Desktop\kurs\lms-project\node_modules\next\dist\shared\lib\constants.d.ts'
npm warn tar TAR_ENTRY_ERROR ENOENT: no such file or directory, open 'C:\Users\xussn\Desktop\kurs\lms-project\node_modules\next\dist\shared\lib\errors\constants.d.ts'
npm warn tar TAR_ENTRY_ERROR ENOENT: no such file or directory, open 'C:\Users\xussn\Desktop\kurs\lms-project\node_modules\next\dist\experimental\testmode\context.d.ts'
npm warn tar TAR_ENTRY_ERROR ENOENT: no such file or directory, lstat 'C:\Users\xussn\Desktop\kurs\lms-project\node_modules\next\dist\next-devtools\dev-overlay'
npm warn tar TAR_ENTRY_ERROR ENOENT: no such file or directory, open 'C:\Users\xussn\Desktop\kurs\lms-project\node_modules\next\dist\server\web\sandbox\context.d.ts'
npm warn tar TAR_ENTRY_ERROR ENOENT: no such file or directory, open 'C:\Users\xussn\Desktop\kurs\lms-project\node_modules\next\dist\server\request\cookies.d.ts'
npm warn tar TAR_ENTRY_ERROR ENOENT: no such file or directory, open 'C:\Users\xussn\Desktop\kurs\lms-project\node_modules\next\dist\server\web\spec-extension\cookies.d.ts'
npm warn tar TAR_ENTRY_ERROR ENOENT: no such file or directory, lstat 'C:\Users\xussn\Desktop\kurs\lms-project\node_modules\next\dist\next-devtools\dev-overlay'
npm warn tar TAR_ENTRY_ERROR ENOENT: no such file or directory, open 'C:\Users\xussn\Desktop\kurs\lms-project\node_modules\next\dist\build\webpack\plugins\copy-file-plugin.d.ts'
npm warn tar TAR_ENTRY_ERROR ENOENT: no such file or directory, open 'C:\Users\xussn\Desktop\kurs\lms-project\node_modules\next\dist\server\lib\cpu-profile.d.ts'
npm warn tar TAR_ENTRY_ERROR ENOENT: no such file or directory, open 'C:\Users\xussn\Desktop\kurs\lms-project\node_modules\next\dist\build\webpack\loaders\next-app-loader\create-app-route-code.d.ts'
npm warn tar TAR_ENTRY_ERROR ENOENT: no such file or directory, open 'C:\Users\xussn\Desktop\kurs\lms-project\node_modules\next\dist\build\create-compiler-aliases.d.ts'
npm warn tar TAR_ENTRY_ERROR ENOENT: no such file or directory, open 'C:\Users\xussn\Desktop\kurs\lms-project\node_modules\next\dist\server\app-render\create-component-styles-and-scripts.d.ts'
npm warn tar TAR_ENTRY_ERROR ENOENT: no such file or directory, open 'C:\Users\xussn\Desktop\kurs\lms-project\node_modules\next\dist\server\app-render\create-component-tree.d.ts'
npm warn tar TAR_ENTRY_ERROR ENOENT: no such file or directory, open 'C:\Users\xussn\Desktop\kurs\lms-project\node_modules\next\dist\server\lib\experimental\create-env-definitions.d.ts'
npm warn tar TAR_ENTRY_ERROR ENOENT: no such file or directory, open 'C:\Users\xussn\Desktop\kurs\lms-project\node_modules\next\dist\server\app-render\create-error-handler.d.ts'
npm warn tar TAR_ENTRY_ERROR ENOENT: no such file or directory, open 'C:\Users\xussn\Desktop\kurs\lms-project\node_modules\next\dist\server\app-render\create-flight-router-state-from-loader-tree.d.ts'
npm warn tar TAR_ENTRY_ERROR ENOENT: no such file or directory, open 'C:\Users\xussn\Desktop\kurs\lms-project\node_modules\next\dist\client\components\router-reducer\create-href-from-url.d.ts'
npm warn tar TAR_ENTRY_ERROR ENOENT: no such file or directory, open 'C:\Users\xussn\Desktop\kurs\lms-project\node_modules\next\dist\export\helpers\create-incremental-cache.d.ts'
npm warn tar TAR_ENTRY_ERROR ENOENT: no such file or directory, open 'C:\Users\xussn\Desktop\kurs\lms-project\node_modules\next\dist\client\components\router-reducer\create-initial-router-state.d.ts'
npm warn tar TAR_ENTRY_ERROR ENOENT: no such file or directory, open 'C:\Users\xussn\Desktop\kurs\lms-project\node_modules\next\dist\client\components\router-reducer\create-router-cache-key.d.ts'
npm warn tar TAR_ENTRY_ERROR ENOENT: no such file or directory, open 'C:\Users\xussn\Desktop\kurs\lms-project\node_modules\next\dist\server\app-render\metadata-insertion\create-server-inserted-metadata.d.ts'
npm warn tar TAR_ENTRY_ERROR ENOENT: no such file or directory, lstat 'C:\Users\xussn\Desktop\kurs\lms-project\node_modules\next\dist\next-devtools\dev-overlay'
npm warn tar TAR_ENTRY_ERROR ENOENT: no such file or directory, open 'C:\Users\xussn\Desktop\kurs\lms-project\node_modules\next\dist\compiled\@edge-runtime\primitives\crypto.d.ts'
npm warn tar TAR_ENTRY_ERROR ENOENT: no such file or directory, open 'C:\Users\xussn\Desktop\kurs\lms-project\node_modules\next\dist\server\app-render\csrf-protection.d.ts'
npm warn tar TAR_ENTRY_ERROR ENOENT: no such file or directory, open 'C:\Users\xussn\Desktop\kurs\lms-project\node_modules\next\dist\build\webpack\plugins\css-chunking-plugin.d.ts'
npm warn tar TAR_ENTRY_ERROR ENOENT: no such file or directory, open 'C:\Users\xussn\Desktop\kurs\lms-project\node_modules\next\dist\build\webpack\plugins\css-minimizer-plugin.d.ts'
npm warn tar TAR_ENTRY_ERROR ENOENT: no such file or directory, lstat 'C:\Users\xussn\Desktop\kurs\lms-project\node_modules\next\dist\next-devtools\dev-overlay'
npm warn tar TAR_ENTRY_ERROR ENOENT: no such file or directory, open 'C:\Users\xussn\Desktop\kurs\lms-project\node_modules\next\dist\build\webpack\loaders\css-loader\src\CssSyntaxError.d.ts'
npm warn tar TAR_ENTRY_ERROR ENOENT: no such file or directory, lstat 'C:\Users\xussn\Desktop\kurs\lms-project\node_modules\next\dist\next-devtools\dev-overlay'
npm warn tar TAR_ENTRY_ERROR ENOENT: no such file or directory, lstat 'C:\Users\xussn\Desktop\kurs\lms-project\node_modules\next\dist\next-devtools\dev-overlay'
npm warn tar TAR_ENTRY_ERROR ENOENT: no such file or directory, open 'C:\Users\xussn\Desktop\kurs\lms-project\node_modules\next\dist\server\node-environment-extensions\date.d.ts'
npm warn tar TAR_ENTRY_ERROR ENOENT: no such file or directory, open 'C:\Users\xussn\Desktop\kurs\lms-project\node_modules\next\dist\server\app-render\debug-channel-server.d.ts'
npm warn tar TAR_ENTRY_ERROR ENOENT: no such file or directory, open 'C:\Users\xussn\Desktop\kurs\lms-project\node_modules\next\dist\server\app-render\debug-channel-server.web.d.ts'
npm warn tar TAR_ENTRY_ERROR ENOENT: no such file or directory, open 'C:\Users\xussn\Desktop\kurs\lms-project\node_modules\next\dist\client\dev\debug-channel.d.ts'
npm warn tar TAR_ENTRY_ERROR ENOENT: no such file or directory, open 'C:\Users\xussn\Desktop\kurs\lms-project\node_modules\next\dist\server\dev\debug-channel.d.ts'
npm warn tar TAR_ENTRY_ERROR ENOENT: no such file or directory, open 'C:\Users\xussn\Desktop\kurs\lms-project\node_modules\next\dist\server\lib\router-utils\decode-path-params.d.ts'
npm warn tar TAR_ENTRY_ERROR ENOENT: no such file or directory, open 'C:\Users\xussn\Desktop\kurs\lms-project\node_modules\next\dist\server\lib\decode-query-path-parameter.d.ts'
npm warn tar TAR_ENTRY_ERROR ENOENT: no such file or directory, open 'C:\Users\xussn\Desktop\kurs\lms-project\node_modules\next\dist\server\lib\dedupe-fetch.d.ts'
npm warn tar TAR_ENTRY_ERROR ENOENT: no such file or directory, open 'C:\Users\xussn\Desktop\kurs\lms-project\node_modules\next\dist\shared\lib\deep-freeze.d.ts'
npm warn tar TAR_ENTRY_ERROR ENOENT: no such file or directory, open 'C:\Users\xussn\Desktop\kurs\lms-project\node_modules\next\dist\shared\lib\deep-readonly.d.ts'
npm warn tar TAR_ENTRY_ERROR ENOENT: no such file or directory, open 'C:\Users\xussn\Desktop\kurs\lms-project\node_modules\next\dist\next-devtools\shared\deepmerge.d.ts'
npm warn tar TAR_ENTRY_ERROR ENOENT: no such file or directory, open 'C:\Users\xussn\Desktop\kurs\lms-project\node_modules\next\dist\experimental\testmode\playwright\default-config.d.ts'
npm warn tar TAR_ENTRY_ERROR ENOENT: no such file or directory, open 'C:\Users\xussn\Desktop\kurs\lms-project\node_modules\next\dist\server\route-matcher-providers\dev\helpers\file-reader\default-file-reader.d.ts'
npm warn tar TAR_ENTRY_ERROR ENOENT: no such file or directory, open 'C:\Users\xussn\Desktop\kurs\lms-project\node_modules\next\dist\lib\metadata\default-metadata.d.ts'
npm warn tar TAR_ENTRY_ERROR ENOENT: no such file or directory, open 'C:\Users\xussn\Desktop\kurs\lms-project\node_modules\next\dist\client\components\builtin\default-null.d.ts'
npm warn tar TAR_ENTRY_ERROR ENOENT: no such file or directory, open 'C:\Users\xussn\Desktop\kurs\lms-project\node_modules\next\dist\server\route-matcher-managers\default-route-matcher-manager.d.ts'
npm warn tar TAR_ENTRY_ERROR ENOENT: no such file or directory, open 'C:\Users\xussn\Desktop\kurs\lms-project\node_modules\next\dist\client\components\builtin\default.d.ts'
npm warn tar TAR_ENTRY_ERROR ENOENT: no such file or directory, open 'C:\Users\xussn\Desktop\kurs\lms-project\node_modules\next\dist\server\lib\cache-handlers\default.d.ts'
npm warn tar TAR_ENTRY_ERROR ENOENT: no such file or directory, open 'C:\Users\xussn\Desktop\kurs\lms-project\node_modules\next\dist\server\lib\cache-handlers\default.external.d.ts'
npm warn tar TAR_ENTRY_ERROR ENOENT: no such file or directory, open 'C:\Users\xussn\Desktop\kurs\lms-project\node_modules\next\dist\build\webpack\plugins\deferred-entries-plugin.d.ts'
npm warn tar TAR_ENTRY_ERROR ENOENT: no such file or directory, open 'C:\Users\xussn\Desktop\kurs\lms-project\node_modules\next\dist\build\define-env.d.ts'
npm warn tar TAR_ENTRY_ERROR ENOENT: no such file or directory, open 'C:\Users\xussn\Desktop\kurs\lms-project\node_modules\next\dist\shared\lib\page-path\denormalize-app-path.d.ts'
npm warn tar TAR_ENTRY_ERROR ENOENT: no such file or directory, open 'C:\Users\xussn\Desktop\kurs\lms-project\node_modules\next\dist\shared\lib\page-path\denormalize-page-path.d.ts'
npm warn tar TAR_ENTRY_ERROR ENOENT: no such file or directory, open 'C:\Users\xussn\Desktop\kurs\lms-project\node_modules\next\dist\shared\lib\deployment-id.d.ts'
npm warn tar TAR_ENTRY_ERROR ENOENT: no such file or directory, open 'C:\Users\xussn\Desktop\kurs\lms-project\node_modules\next\dist\telemetry\detached-flush.d.ts'
npm warn tar TAR_ENTRY_ERROR ENOENT: no such file or directory, open 'C:\Users\xussn\Desktop\kurs\lms-project\node_modules\next\dist\shared\lib\i18n\detect-domain-locale.d.ts'
npm warn tar TAR_ENTRY_ERROR ENOENT: no such file or directory, open 'C:\Users\xussn\Desktop\kurs\lms-project\node_modules\next\dist\server\route-matcher-providers\dev\dev-app-page-route-matcher-provider.d.ts'
npm warn tar TAR_ENTRY_ERROR ENOENT: no such file or directory, open 'C:\Users\xussn\Desktop\kurs\lms-project\node_modules\next\dist\server\route-matcher-providers\dev\dev-app-route-route-matcher-provider.d.ts'
npm warn tar TAR_ENTRY_ERROR ENOENT: no such file or directory, open 'C:\Users\xussn\Desktop\kurs\lms-project\node_modules\next\dist\server\lib\dev-bundler-service.d.ts'
npm warn tar TAR_ENTRY_ERROR ENOENT: no such file or directory, open 'C:\Users\xussn\Desktop\kurs\lms-project\node_modules\next\dist\next-devtools\server\dev-indicator-middleware.d.ts'
npm warn tar TAR_ENTRY_ERROR ENOENT: no such file or directory, open 'C:\Users\xussn\Desktop\kurs\lms-project\node_modules\next\dist\server\dev\dev-indicator-server-state.d.ts'
npm warn tar TAR_ENTRY_ERROR ENOENT: no such file or directory, lstat 'C:\Users\xussn\Desktop\kurs\lms-project\node_modules\next\dist\next-devtools\dev-overlay'
npm warn tar TAR_ENTRY_ERROR ENOENT: no such file or directory, open 'C:\Users\xussn\Desktop\kurs\lms-project\node_modules\next\dist\next-devtools\dev-overlay.browser.d.ts'
npm warn tar TAR_ENTRY_ERROR ENOENT: no such file or directory, lstat 'C:\Users\xussn\Desktop\kurs\lms-project\node_modules\next\dist\next-devtools\dev-overlay'
npm warn tar TAR_ENTRY_ERROR ENOENT: no such file or directory, open 'C:\Users\xussn\Desktop\kurs\lms-project\node_modules\next\dist\next-devtools\dev-overlay.shim.d.ts'
npm warn tar TAR_ENTRY_ERROR ENOENT: no such file or directory, open 'C:\Users\xussn\Desktop\kurs\lms-project\node_modules\next\dist\server\route-matcher-providers\dev\dev-pages-api-route-matcher-provider.d.ts'
npm warn tar TAR_ENTRY_ERROR ENOENT: no such file or directory, open 'C:\Users\xussn\Desktop\kurs\lms-project\node_modules\next\dist\server\route-matcher-providers\dev\dev-pages-route-matcher-provider.d.ts'
npm warn tar TAR_ENTRY_ERROR ENOENT: no such file or directory, open 'C:\Users\xussn\Desktop\kurs\lms-project\node_modules\next\dist\server\route-matcher-managers\dev-route-matcher-manager.d.ts'
npm warn tar TAR_ENTRY_ERROR ENOENT: no such file or directory, lstat 'C:\Users\xussn\Desktop\kurs\lms-project\node_modules\next\dist\next-devtools\dev-overlay'
npm warn tar TAR_ENTRY_ERROR ENOENT: no such file or directory, open 'C:\Users\xussn\Desktop\kurs\lms-project\node_modules\next\dist\next-devtools\server\devtools-config-middleware.d.ts'
npm warn tar TAR_ENTRY_ERROR ENOENT: no such file or directory, open 'C:\Users\xussn\Desktop\kurs\lms-project\node_modules\next\dist\next-devtools\shared\devtools-config-schema.d.ts'
npm warn tar TAR_ENTRY_ERROR ENOENT: no such file or directory, open 'C:\Users\xussn\Desktop\kurs\lms-project\node_modules\next\dist\build\webpack\plugins\devtools-ignore-list-plugin.d.ts'
npm warn tar TAR_ENTRY_ERROR ENOENT: no such file or directory, lstat 'C:\Users\xussn\Desktop\kurs\lms-project\node_modules\next\dist\next-devtools\dev-overlay'
npm warn tar TAR_ENTRY_ERROR ENOENT: no such file or directory, open 'C:\Users\xussn\Desktop\kurs\lms-project\node_modules\next\dist\lib\typescript\diagnosticFormatter.d.ts'
npm warn tar TAR_ENTRY_ERROR ENOENT: no such file or directory, lstat 'C:\Users\xussn\Desktop\kurs\lms-project\node_modules\next\dist\next-devtools\dev-overlay'
npm warn tar TAR_ENTRY_ERROR ENOENT: no such file or directory, lstat 'C:\Users\xussn\Desktop\kurs\lms-project\node_modules\next\dist\next-devtools\dev-overlay'
npm warn tar TAR_ENTRY_ERROR ENOENT: no such file or directory, lstat 'C:\Users\xussn\Desktop\kurs\lms-project\node_modules\next\dist\next-devtools\dev-overlay'
npm warn tar TAR_ENTRY_ERROR ENOENT: no such file or directory, lstat 'C:\Users\xussn\Desktop\kurs\lms-project\node_modules\next\dist\next-devtools\dev-overlay'
npm warn tar TAR_ENTRY_ERROR ENOENT: no such file or directory, lstat 'C:\Users\xussn\Desktop\kurs\lms-project\node_modules\next\dist\next-devtools\dev-overlay'
npm warn tar TAR_ENTRY_ERROR ENOENT: no such file or directory, lstat 'C:\Users\xussn\Desktop\kurs\lms-project\node_modules\next\dist\next-devtools\dev-overlay'
npm warn tar TAR_ENTRY_ERROR ENOENT: no such file or directory, open 'C:\Users\xussn\Desktop\kurs\lms-project\node_modules\next\dist\shared\lib\router\utils\disable-smooth-scroll.d.ts'
npm warn tar TAR_ENTRY_ERROR ENOENT: no such file or directory, open 'C:\Users\xussn\Desktop\kurs\lms-project\node_modules\next\dist\build\webpack\loaders\metadata\discover.d.ts'
npm warn tar TAR_ENTRY_ERROR ENOENT: no such file or directory, open 'C:\Users\xussn\Desktop\kurs\lms-project\node_modules\next\dist\server\lib\disk-lru-cache.external.d.ts'
npm warn tar TAR_ENTRY_ERROR ENOENT: no such file or directory, lstat 'C:\Users\xussn\Desktop\kurs\lms-project\node_modules\next\dist\next-devtools\dev-overlay'
npm warn tar TAR_ENTRY_ERROR ENOENT: no such file or directory, open 'C:\Users\xussn\Desktop\kurs\lms-project\node_modules\next\dist\api\document.d.ts'
npm warn tar TAR_ENTRY_ERROR ENOENT: no such file or directory, open 'C:\Users\xussn\Desktop\kurs\lms-project\node_modules\next\dist\server\async-storage\draft-mode-provider.d.ts'
npm warn tar TAR_ENTRY_ERROR ENOENT: no such file or directory, open 'C:\Users\xussn\Desktop\kurs\lms-project\node_modules\next\dist\server\request\draft-mode.d.ts'
npm warn tar TAR_ENTRY_ERROR ENOENT: no such file or directory, lstat 'C:\Users\xussn\Desktop\kurs\lms-project\node_modules\next\dist\next-devtools\dev-overlay'
npm warn tar TAR_ENTRY_ERROR ENOENT: no such file or directory, lstat 'C:\Users\xussn\Desktop\kurs\lms-project\node_modules\next\dist\next-devtools\dev-overlay'
npm warn tar TAR_ENTRY_ERROR ENOENT: no such file or directory, open 'C:\Users\xussn\Desktop\kurs\lms-project\node_modules\next\dist\esm\shared\lib\dset.d.ts'
npm warn tar TAR_ENTRY_ERROR ENOENT: no such file or directory, open 'C:\Users\xussn\Desktop\kurs\lms-project\node_modules\next\dist\shared\lib\dset.d.ts'
npm warn tar TAR_ENTRY_ERROR ENOENT: no such file or directory, open 'C:\Users\xussn\Desktop\kurs\lms-project\node_modules\next\dist\build\duration-to-string.d.ts'
npm warn tar TAR_ENTRY_ERROR ENOENT: no such file or directory, open 'C:\Users\xussn\Desktop\kurs\lms-project\node_modules\next\dist\server\app-render\dynamic-access-async-storage-instance.d.ts'
npm warn tar TAR_ENTRY_ERROR ENOENT: no such file or directory, open 'C:\Users\xussn\Desktop\kurs\lms-project\node_modules\next\dist\server\app-render\dynamic-access-async-storage.external.d.ts'
npm warn tar TAR_ENTRY_ERROR ENOENT: no such file or directory, open 'C:\Users\xussn\Desktop\kurs\lms-project\node_modules\next\dist\shared\lib\lazy-dynamic\dynamic-bailout-to-csr.d.ts'
npm warn tar TAR_ENTRY_ERROR ENOENT: no such file or directory, lstat 'C:\Users\xussn\Desktop\kurs\lms-project\node_modules\next\dist\next-devtools\dev-overlay'
npm warn tar TAR_ENTRY_ERROR ENOENT: no such file or directory, open 'C:\Users\xussn\Desktop\kurs\lms-project\node_modules\next\dist\server\app-render\dynamic-rendering.d.ts'
npm warn tar TAR_ENTRY_ERROR ENOENT: no such file or directory, open 'C:\Users\xussn\Desktop\kurs\lms-project\node_modules\next\dist\api\dynamic.d.ts'
npm warn tar TAR_ENTRY_ERROR ENOENT: no such file or directory, open 'C:\Users\xussn\Desktop\kurs\lms-project\node_modules\next\dist\shared\lib\dynamic.d.ts'
npm warn tar TAR_ENTRY_ERROR ENOENT: no such file or directory, lstat 'C:\Users\xussn\Desktop\kurs\lms-project\node_modules\next\dist\next-devtools\dev-overlay'
npm warn tar TAR_ENTRY_ERROR ENOENT: no such file or directory, open 'C:\Users\xussn\Desktop\kurs\lms-project\node_modules\next\dist\build\templates\edge-app-route.d.ts'
npm warn tar TAR_ENTRY_ERROR ENOENT: no such file or directory, open 'C:\Users\xussn\Desktop\kurs\lms-project\node_modules\next\dist\server\web\edge-route-module-wrapper.d.ts'
npm warn tar TAR_ENTRY_ERROR ENOENT: no such file or directory, open 'C:\Users\xussn\Desktop\kurs\lms-project\node_modules\next\dist\build\templates\edge-ssr-app.d.ts'
npm warn tar TAR_ENTRY_ERROR ENOENT: no such file or directory, open 'C:\Users\xussn\Desktop\kurs\lms-project\node_modules\next\dist\build\templates\edge-ssr.d.ts'
npm warn tar TAR_ENTRY_ERROR ENOENT: no such file or directory, lstat 'C:\Users\xussn\Desktop\kurs\lms-project\node_modules\next\dist\next-devtools\dev-overlay'
npm warn tar TAR_ENTRY_ERROR ENOENT: no such file or directory, open 'C:\Users\xussn\Desktop\kurs\lms-project\node_modules\next\dist\shared\lib\errors\empty-generate-static-params-error.d.ts'
npm warn tar TAR_ENTRY_ERROR ENOENT: no such file or directory, open 'C:\Users\xussn\Desktop\kurs\lms-project\node_modules\next\dist\build\webpack\loaders\empty-loader.d.ts'
npm warn tar TAR_ENTRY_ERROR ENOENT: no such file or directory, open 'C:\Users\xussn\Desktop\kurs\lms-project\node_modules\next\dist\client\components\builtin\empty-stub.d.ts'
npm warn tar TAR_ENTRY_ERROR ENOENT: no such file or directory, open 'C:\Users\xussn\Desktop\kurs\lms-project\node_modules\next\dist\build\jest\__mocks__\empty.d.ts'
npm warn tar TAR_ENTRY_ERROR ENOENT: no such file or directory, open 'C:\Users\xussn\Desktop\kurs\lms-project\node_modules\next\dist\server\lib\encode-cache-tag.d.ts'
npm warn tar TAR_ENTRY_ERROR ENOENT: no such file or directory, open 'C:\Users\xussn\Desktop\kurs\lms-project\node_modules\next\dist\shared\lib\encode-uri-path.d.ts'
npm warn tar TAR_ENTRY_ERROR ENOENT: no such file or directory, open 'C:\Users\xussn\Desktop\kurs\lms-project\node_modules\next\dist\server\stream-utils\encoded-tags.d.ts'
npm warn tar TAR_ENTRY_ERROR ENOENT: no such file or directory, open 'C:\Users\xussn\Desktop\kurs\lms-project\node_modules\next\dist\server\app-render\encryption-utils-server.d.ts'
npm warn tar TAR_ENTRY_ERROR ENOENT: no such file or directory, open 'C:\Users\xussn\Desktop\kurs\lms-project\node_modules\next\dist\server\app-render\encryption-utils.d.ts'
npm warn tar TAR_ENTRY_ERROR ENOENT: no such file or directory, open 'C:\Users\xussn\Desktop\kurs\lms-project\node_modules\next\dist\server\app-render\encryption.d.ts'
npm warn tar TAR_ENTRY_ERROR ENOENT: no such file or directory, open 'C:\Users\xussn\Desktop\kurs\lms-project\node_modules\next\dist\shared\lib\page-path\ensure-leading-slash.d.ts'
npm warn tar TAR_ENTRY_ERROR ENOENT: no such file or directory, open 'C:\Users\xussn\Desktop\kurs\lms-project\node_modules\next\dist\build\entries.d.ts'
npm warn tar TAR_ENTRY_ERROR ENOENT: no such file or directory, open 'C:\Users\xussn\Desktop\kurs\lms-project\node_modules\next\dist\server\app-render\entry-base.d.ts'
npm warn tar TAR_ENTRY_ERROR ENOENT: no such file or directory, open 'C:\Users\xussn\Desktop\kurs\lms-project\node_modules\next\dist\shared\lib\entry-constants.d.ts'
npm warn tar TAR_ENTRY_ERROR ENOENT: no such file or directory, open 'C:\Users\xussn\Desktop\kurs\lms-project\node_modules\next\dist\shared\lib\turbopack\entry-key.d.ts'
npm warn tar TAR_ENTRY_ERROR ENOENT: no such file or directory, open 'C:\Users\xussn\Desktop\kurs\lms-project\node_modules\next\dist\server\typescript\rules\entry.d.ts'
npm warn tar TAR_ENTRY_ERROR ENOENT: no such file or directory, open 'C:\Users\xussn\Desktop\kurs\lms-project\node_modules\next\dist\next-devtools\entrypoint.d.ts'
npm warn tar TAR_ENTRY_ERROR ENOENT: no such file or directory, open 'C:\Users\xussn\Desktop\kurs\lms-project\node_modules\next\dist\server\route-modules\app-page\vendored\contexts\entrypoints.d.ts'
npm warn tar TAR_ENTRY_ERROR ENOENT: no such file or directory, open 'C:\Users\xussn\Desktop\kurs\lms-project\node_modules\next\dist\server\route-modules\app-page\vendored\rsc\entrypoints.d.ts'
npm warn tar TAR_ENTRY_ERROR ENOENT: no such file or directory, open 'C:\Users\xussn\Desktop\kurs\lms-project\node_modules\next\dist\server\route-modules\app-page\vendored\ssr\entrypoints.d.ts'
npm warn tar TAR_ENTRY_ERROR ENOENT: no such file or directory, open 'C:\Users\xussn\Desktop\kurs\lms-project\node_modules\next\dist\server\route-modules\pages\vendored\contexts\entrypoints.d.ts'
npm warn tar TAR_ENTRY_ERROR ENOENT: no such file or directory, open 'C:\Users\xussn\Desktop\kurs\lms-project\node_modules\next\dist\build\turborepo-access-trace\env.d.ts'
npm warn tar TAR_ENTRY_ERROR ENOENT: no such file or directory, lstat 'C:\Users\xussn\Desktop\kurs\lms-project\node_modules\next\dist\next-devtools\dev-overlay'
npm warn tar TAR_ENTRY_ERROR ENOENT: no such file or directory, open 'C:\Users\xussn\Desktop\kurs\lms-project\node_modules\next\dist\client\react-client-callbacks\error-boundary-callbacks.d.ts'
npm warn tar TAR_ENTRY_ERROR ENOENT: no such file or directory, open 'C:\Users\xussn\Desktop\kurs\lms-project\node_modules\next\dist\client\components\http-access-fallback\error-boundary.d.ts'
npm warn tar TAR_ENTRY_ERROR ENOENT: no such file or directory, lstat 'C:\Users\xussn\Desktop\kurs\lms-project\node_modules\next\dist\next-devtools\dev-overlay'
npm warn tar TAR_ENTRY_ERROR ENOENT: no such file or directory, open 'C:\Users\xussn\Desktop\kurs\lms-project\node_modules\next\dist\client\components\http-access-fallback\error-fallback.d.ts'
npm warn tar TAR_ENTRY_ERROR ENOENT: no such file or directory, lstat 'C:\Users\xussn\Desktop\kurs\lms-project\node_modules\next\dist\next-devtools\dev-overlay'
npm warn tar TAR_ENTRY_ERROR ENOENT: no such file or directory, open 'C:\Users\xussn\Desktop\kurs\lms-project\node_modules\next\dist\telemetry\events\error-feedback.d.ts'
npm warn tar TAR_ENTRY_ERROR ENOENT: no such file or directory, open 'C:\Users\xussn\Desktop\kurs\lms-project\node_modules\next\dist\server\node-environment-extensions\error-inspect.d.ts'
npm warn tar TAR_ENTRY_ERROR ENOENT: no such file or directory, open 'C:\Users\xussn\Desktop\kurs\lms-project\node_modules\next\dist\build\webpack\loaders\error-loader.d.ts'
npm warn tar TAR_ENTRY_ERROR ENOENT: no such file or directory, lstat 'C:\Users\xussn\Desktop\kurs\lms-project\node_modules\next\dist\next-devtools\dev-overlay'
npm warn tar TAR_ENTRY_ERROR ENOENT: no such file or directory, open 'C:\Users\xussn\Desktop\kurs\lms-project\node_modules\next\dist\shared\lib\utils\error-once.d.ts'
npm warn tar TAR_ENTRY_ERROR ENOENT: no such file or directory, lstat 'C:\Users\xussn\Desktop\kurs\lms-project\node_modules\next\dist\next-devtools\dev-overlay'
npm warn tar TAR_ENTRY_ERROR ENOENT: no such file or directory, lstat 'C:\Users\xussn\Desktop\kurs\lms-project\node_modules\next\dist\next-devtools\dev-overlay'
npm warn tar TAR_ENTRY_ERROR ENOENT: no such file or directory, lstat 'C:\Users\xussn\Desktop\kurs\lms-project\node_modules\next\dist\next-devtools\dev-overlay'
npm warn tar TAR_ENTRY_ERROR ENOENT: no such file or directory, lstat 'C:\Users\xussn\Desktop\kurs\lms-project\node_modules\next\dist\next-devtools\dev-overlay'
npm warn tar TAR_ENTRY_ERROR ENOENT: no such file or directory, lstat 'C:\Users\xussn\Desktop\kurs\lms-project\node_modules\next\dist\next-devtools\dev-overlay'
npm warn tar TAR_ENTRY_ERROR ENOENT: no such file or directory, lstat 'C:\Users\xussn\Desktop\kurs\lms-project\node_modules\next\dist\next-devtools\dev-overlay'
npm warn tar TAR_ENTRY_ERROR ENOENT: no such file or directory, lstat 'C:\Users\xussn\Desktop\kurs\lms-project\node_modules\next\dist\next-devtools\dev-overlay'
npm warn tar TAR_ENTRY_ERROR ENOENT: no such file or directory, open 'C:\Users\xussn\Desktop\kurs\lms-project\node_modules\next\dist\shared\lib\error-source.d.ts'
npm warn tar TAR_ENTRY_ERROR ENOENT: no such file or directory, open 'C:\Users\xussn\Desktop\kurs\lms-project\node_modules\next\dist\client\components\builtin\error-styles.d.ts'
npm warn tar TAR_ENTRY_ERROR ENOENT: no such file or directory, lstat 'C:\Users\xussn\Desktop\kurs\lms-project\node_modules\next\dist\next-devtools\dev-overlay'
npm warn tar TAR_ENTRY_ERROR ENOENT: no such file or directory, open 'C:\Users\xussn\Desktop\kurs\lms-project\node_modules\next\dist\api\error.d.ts'
npm warn tar TAR_ENTRY_ERROR ENOENT: no such file or directory, open 'C:\Users\xussn\Desktop\kurs\lms-project\node_modules\next\dist\build\webpack\loaders\postcss-loader\src\Error.d.ts'
npm warn tar TAR_ENTRY_ERROR ENOENT: no such file or directory, open 'C:\Users\xussn\Desktop\kurs\lms-project\node_modules\next\dist\server\typescript\rules\error.d.ts'
npm warn tar TAR_ENTRY_ERROR ENOENT: no such file or directory, open 'C:\Users\xussn\Desktop\kurs\lms-project\node_modules\next\dist\server\web\error.d.ts'
npm warn tar TAR_ENTRY_ERROR ENOENT: no such file or directory, open 'C:\Users\xussn\Desktop\kurs\lms-project\node_modules\next\dist\api\error.react-server.d.ts'
npm warn tar TAR_ENTRY_ERROR ENOENT: no such file or directory, lstat 'C:\Users\xussn\Desktop\kurs\lms-project\node_modules\next\dist\next-devtools\dev-overlay'
npm warn tar TAR_ENTRY_ERROR ENOENT: no such file or directory, open 'C:\Users\xussn\Desktop\kurs\lms-project\node_modules\next\dist\shared\lib\router\utils\escape-path-delimiters.d.ts'
npm warn tar TAR_ENTRY_ERROR ENOENT: no such file or directory, open 'C:\Users\xussn\Desktop\kurs\lms-project\node_modules\next\dist\shared\lib\escape-regexp.d.ts'
npm warn tar TAR_ENTRY_ERROR ENOENT: no such file or directory, open 'C:\Users\xussn\Desktop\kurs\lms-project\node_modules\next\dist\server\lib\etag.d.ts'
npm warn tar TAR_ENTRY_ERROR ENOENT: no such file or directory, open 'C:\Users\xussn\Desktop\kurs\lms-project\node_modules\next\dist\build\webpack\plugins\eval-source-map-dev-tool-plugin.d.ts'
npm warn tar TAR_ENTRY_ERROR ENOENT: no such file or directory, open 'C:\Users\xussn\Desktop\kurs\lms-project\node_modules\next\dist\compiled\@edge-runtime\primitives\events.d.ts'
npm warn tar TAR_ENTRY_ERROR ENOENT: no such file or directory, lstat 'C:\Users\xussn\Desktop\kurs\lms-project\node_modules\next\dist\next-devtools\dev-overlay'
npm warn tar TAR_ENTRY_ERROR ENOENT: no such file or directory, open 'C:\Users\xussn\Desktop\kurs\lms-project\node_modules\next\dist\lib\metadata\types\extra-types.d.ts'
npm warn tar TAR_ENTRY_ERROR ENOENT: no such file or directory, open 'C:\Users\xussn\Desktop\kurs\lms-project\node_modules\next\dist\build\analysis\extract-const-value.d.ts'
npm warn tar TAR_ENTRY_ERROR ENOENT: no such file or directory, open 'C:\Users\xussn\Desktop\kurs\lms-project\node_modules\next\dist\build\static-paths\app\extract-pathname-route-param-segments-from-loader-tree.d.ts'
npm warn tar TAR_ENTRY_ERROR ENOENT: no such file or directory, lstat 'C:\Users\xussn\Desktop\kurs\lms-project\node_modules\next\dist\next-devtools\dev-overlay'
npm warn tar TAR_ENTRY_ERROR ENOENT: no such file or directory, open 'C:\Users\xussn\Desktop\kurs\lms-project\node_modules\next\dist\server\request\fallback-params.d.ts'
npm warn tar TAR_ENTRY_ERROR ENOENT: no such file or directory, open 'C:\Users\xussn\Desktop\kurs\lms-project\node_modules\next\dist\server\node-environment-extensions\fast-set-immediate.external.d.ts'
npm warn tar TAR_ENTRY_ERROR ENOENT: no such file or directory, open 'C:\Users\xussn\Desktop\kurs\lms-project\node_modules\next\dist\experimental\testmode\proxy\fetch-api.d.ts'
npm warn tar TAR_ENTRY_ERROR ENOENT: no such file or directory, open 'C:\Users\xussn\Desktop\kurs\lms-project\node_modules\next\dist\compiled\@next\font\dist\google\fetch-css-from-google-fonts.d.ts'
npm warn tar TAR_ENTRY_ERROR ENOENT: no such file or directory, open 'C:\Users\xussn\Desktop\kurs\lms-project\node_modules\next\dist\server\web\spec-extension\fetch-event.d.ts'
npm warn tar TAR_ENTRY_ERROR ENOENT: no such file or directory, open 'C:\Users\xussn\Desktop\kurs\lms-project\node_modules\next\dist\compiled\@next\font\dist\google\fetch-font-file.d.ts'
npm warn tar TAR_ENTRY_ERROR ENOENT: no such file or directory, open 'C:\Users\xussn\Desktop\kurs\lms-project\node_modules\next\dist\server\web\sandbox\fetch-inline-assets.d.ts'
npm warn tar TAR_ENTRY_ERROR ENOENT: no such file or directory, open 'C:\Users\xussn\Desktop\kurs\lms-project\node_modules\next\dist\compiled\@next\font\dist\google\fetch-resource.d.ts'
npm warn tar TAR_ENTRY_ERROR ENOENT: no such file or directory, open 'C:\Users\xussn\Desktop\kurs\lms-project\node_modules\next\dist\client\components\router-reducer\fetch-server-response.d.ts'
npm warn tar TAR_ENTRY_ERROR ENOENT: no such file or directory, open 'C:\Users\xussn\Desktop\kurs\lms-project\node_modules\next\dist\compiled\@edge-runtime\primitives\fetch.d.ts'
npm warn tar TAR_ENTRY_ERROR ENOENT: no such file or directory, open 'C:\Users\xussn\Desktop\kurs\lms-project\node_modules\next\dist\experimental\testmode\fetch.d.ts'
npm warn tar TAR_ENTRY_ERROR ENOENT: no such file or directory, open 'C:\Users\xussn\Desktop\kurs\lms-project\node_modules\next\dist\server\route-matcher-providers\dev\file-cache-route-matcher-provider.d.ts'
npm warn tar TAR_ENTRY_ERROR ENOENT: no such file or directory, open 'C:\Users\xussn\Desktop\kurs\lms-project\node_modules\next\dist\build\file-classifier.d.ts'
npm warn tar TAR_ENTRY_ERROR ENOENT: no such file or directory, open 'C:\Users\xussn\Desktop\kurs\lms-project\node_modules\next\dist\server\dev\browser-logs\file-logger.d.ts'
npm warn tar TAR_ENTRY_ERROR ENOENT: no such file or directory, open 'C:\Users\xussn\Desktop\kurs\lms-project\node_modules\next\dist\build\webpack\loaders\resolve-url-loader\lib\file-protocol.d.ts'
npm warn tar TAR_ENTRY_ERROR ENOENT: no such file or directory, open 'C:\Users\xussn\Desktop\kurs\lms-project\node_modules\next\dist\server\route-matcher-providers\dev\helpers\file-reader\file-reader.d.ts'
npm warn tar TAR_ENTRY_ERROR ENOENT: no such file or directory, open 'C:\Users\xussn\Desktop\kurs\lms-project\node_modules\next\dist\build\webpack\config\blocks\css\loaders\file-resolve.d.ts'
npm warn tar TAR_ENTRY_ERROR ENOENT: no such file or directory, open 'C:\Users\xussn\Desktop\kurs\lms-project\node_modules\next\dist\server\lib\incremental-cache\file-system-cache.d.ts'
npm warn tar TAR_ENTRY_ERROR ENOENT: no such file or directory, lstat 'C:\Users\xussn\Desktop\kurs\lms-project\node_modules\next\dist\next-devtools\dev-overlay'
npm warn tar TAR_ENTRY_ERROR ENOENT: no such file or directory, open 'C:\Users\xussn\Desktop\kurs\lms-project\node_modules\next\dist\build\jest\__mocks__\fileMock.d.ts'
npm warn tar TAR_ENTRY_ERROR ENOENT: no such file or directory, open 'C:\Users\xussn\Desktop\kurs\lms-project\node_modules\next\dist\server\lib\router-utils\filesystem.d.ts'
npm warn tar TAR_ENTRY_ERROR ENOENT: no such file or directory, open 'C:\Users\xussn\Desktop\kurs\lms-project\node_modules\next\dist\shared\lib\find-closest-quality.d.ts'
npm warn tar TAR_ENTRY_ERROR ENOENT: no such file or directory, open 'C:\Users\xussn\Desktop\kurs\lms-project\node_modules\next\dist\compiled\@next\font\dist\google\find-font-files-in-css.d.ts'
npm warn tar TAR_ENTRY_ERROR ENOENT: no such file or directory, open 'C:\Users\xussn\Desktop\kurs\lms-project\node_modules\next\dist\client\components\router-reducer\reducers\find-head-in-cache.d.ts'
npm warn tar TAR_ENTRY_ERROR ENOENT: no such file or directory, open 'C:\Users\xussn\Desktop\kurs\lms-project\node_modules\next\dist\server\lib\find-page-file.d.ts'
npm warn tar TAR_ENTRY_ERROR ENOENT: no such file or directory, open 'C:\Users\xussn\Desktop\kurs\lms-project\node_modules\next\dist\server\lib\fix-mojibake.d.ts'
npm warn tar TAR_ENTRY_ERROR ENOENT: no such file or directory, open 'C:\Users\xussn\Desktop\kurs\lms-project\node_modules\next\dist\build\webpack\plugins\flight-client-entry-plugin.d.ts'
npm warn tar TAR_ENTRY_ERROR ENOENT: no such file or directory, open 'C:\Users\xussn\Desktop\kurs\lms-project\node_modules\next\dist\build\webpack\plugins\flight-manifest-plugin.d.ts'
npm warn tar TAR_ENTRY_ERROR ENOENT: no such file or directory, open 'C:\Users\xussn\Desktop\kurs\lms-project\node_modules\next\dist\server\app-render\flight-render-result.d.ts'
npm warn tar TAR_ENTRY_ERROR ENOENT: no such file or directory, open 'C:\Users\xussn\Desktop\kurs\lms-project\node_modules\next\dist\telemetry\flush-telemetry.d.ts'
npm warn tar TAR_ENTRY_ERROR ENOENT: no such file or directory, open 'C:\Users\xussn\Desktop\kurs\lms-project\node_modules\next\dist\shared\lib\fnv1a.d.ts'
npm warn tar TAR_ENTRY_ERROR ENOENT: no such file or directory, lstat 'C:\Users\xussn\Desktop\kurs\lms-project\node_modules\next\dist\next-devtools\dev-overlay'
npm warn tar TAR_ENTRY_ERROR ENOENT: no such file or directory, open 'C:\Users\xussn\Desktop\kurs\lms-project\node_modules\next\dist\client\components\builtin\forbidden.d.ts'
npm warn tar TAR_ENTRY_ERROR ENOENT: no such file or directory, open 'C:\Users\xussn\Desktop\kurs\lms-project\node_modules\next\dist\build\webpack\plugins\force-complete-runtime.d.ts'
npm warn tar TAR_ENTRY_ERROR ENOENT: no such file or directory, open 'C:\Users\xussn\Desktop\kurs\lms-project\node_modules\next\dist\api\form.d.ts'
npm warn tar TAR_ENTRY_ERROR ENOENT: no such file or directory, open 'C:\Users\xussn\Desktop\kurs\lms-project\node_modules\next\dist\client\app-dir\form.d.ts'
npm warn tar TAR_ENTRY_ERROR ENOENT: no such file or directory, open 'C:\Users\xussn\Desktop\kurs\lms-project\node_modules\next\dist\compiled\@next\font\dist\format-available-values.d.ts'
npm warn tar TAR_ENTRY_ERROR ENOENT: no such file or directory, open 'C:\Users\xussn\Desktop\kurs\lms-project\node_modules\next\dist\server\mcp\tools\utils\format-errors.d.ts'
npm warn tar TAR_ENTRY_ERROR ENOENT: no such file or directory, open 'C:\Users\xussn\Desktop\kurs\lms-project\node_modules\next\dist\server\lib\format-hostname.d.ts'
npm warn tar TAR_ENTRY_ERROR ENOENT: no such file or directory, open 'C:\Users\xussn\Desktop\kurs\lms-project\node_modules\next\dist\build\manifests\formatter\format-manifest.d.ts'
npm warn tar TAR_ENTRY_ERROR ENOENT: no such file or directory, open 'C:\Users\xussn\Desktop\kurs\lms-project\node_modules\next\dist\shared\lib\router\utils\format-next-pathname-info.d.ts'
npm warn tar TAR_ENTRY_ERROR ENOENT: no such file or directory, open 'C:\Users\xussn\Desktop\kurs\lms-project\node_modules\next\dist\shared\lib\router\utils\format-url.d.ts'
npm warn tar TAR_ENTRY_ERROR ENOENT: no such file or directory, open 'C:\Users\xussn\Desktop\kurs\lms-project\node_modules\next\dist\shared\lib\format-webpack-messages.d.ts'
npm warn tar TAR_ENTRY_ERROR ENOENT: no such file or directory, open 'C:\Users\xussn\Desktop\kurs\lms-project\node_modules\next\dist\build\output\format.d.ts'
npm warn tar TAR_ENTRY_ERROR ENOENT: no such file or directory, open 'C:\Users\xussn\Desktop\kurs\lms-project\node_modules\next\dist\next-devtools\shared\forward-logs-shared.d.ts'
npm warn tar TAR_ENTRY_ERROR ENOENT: no such file or directory, open 'C:\Users\xussn\Desktop\kurs\lms-project\node_modules\next\dist\next-devtools\userspace\app\forward-logs-utils.d.ts'
npm warn tar TAR_ENTRY_ERROR ENOENT: no such file or directory, open 'C:\Users\xussn\Desktop\kurs\lms-project\node_modules\next\dist\next-devtools\userspace\app\forward-logs.d.ts'
npm warn tar TAR_ENTRY_ERROR ENOENT: no such file or directory, open 'C:\Users\xussn\Desktop\kurs\lms-project\node_modules\next\dist\client\dev\fouc.d.ts'
npm warn tar TAR_ENTRY_ERROR ENOENT: no such file or directory, open 'C:\Users\xussn\Desktop\kurs\lms-project\node_modules\next\dist\lib\memory\gc-observer.d.ts'
npm warn tar TAR_ENTRY_ERROR ENOENT: no such file or directory, lstat 'C:\Users\xussn\Desktop\kurs\lms-project\node_modules\next\dist\next-devtools\dev-overlay'
npm warn tar TAR_ENTRY_ERROR ENOENT: no such file or directory, open 'C:\Users\xussn\Desktop\kurs\lms-project\node_modules\next\dist\build\generate-build-id.d.ts'
npm warn tar TAR_ENTRY_ERROR ENOENT: no such file or directory, open 'C:\Users\xussn\Desktop\kurs\lms-project\node_modules\next\dist\build\generate-routes-manifest.d.ts'
npm warn tar TAR_ENTRY_ERROR ENOENT: no such file or directory, open 'C:\Users\xussn\Desktop\kurs\lms-project\node_modules\next\dist\build\swc\generated-native.d.ts'
npm warn tar TAR_ENTRY_ERROR ENOENT: no such file or directory, open 'C:\Users\xussn\Desktop\kurs\lms-project\node_modules\next\dist\esm\build\swc\generated-native.d.ts'
npm warn tar TAR_ENTRY_ERROR ENOENT: no such file or directory, open 'C:\Users\xussn\Desktop\kurs\lms-project\node_modules\next\dist\build\swc\generated-wasm.d.ts'
npm warn tar TAR_ENTRY_ERROR ENOENT: no such file or directory, open 'C:\Users\xussn\Desktop\kurs\lms-project\node_modules\next\dist\esm\build\swc\generated-wasm.d.ts'
npm warn tar TAR_ENTRY_ERROR ENOENT: no such file or directory, open 'C:\Users\xussn\Desktop\kurs\lms-project\node_modules\next\dist\shared\lib\router\utils\get-asset-path-from-route.d.ts'
npm warn tar TAR_ENTRY_ERROR ENOENT: no such file or directory, open 'C:\Users\xussn\Desktop\kurs\lms-project\node_modules\next\dist\server\app-render\get-asset-query-string.d.ts'
npm warn tar TAR_ENTRY_ERROR ENOENT: no such file or directory, open 'C:\Users\xussn\Desktop\kurs\lms-project\node_modules\next\dist\build\get-babel-config-file.d.ts'
npm warn tar TAR_ENTRY_ERROR ENOENT: no such file or directory, open 'C:\Users\xussn\Desktop\kurs\lms-project\node_modules\next\dist\build\get-babel-loader-config.d.ts'
npm warn tar TAR_ENTRY_ERROR ENOENT: no such file or directory, open 'C:\Users\xussn\Desktop\kurs\lms-project\node_modules\next\dist\lib\helpers\get-cache-directory.d.ts'
npm warn tar TAR_ENTRY_ERROR ENOENT: no such file or directory, open 'C:\Users\xussn\Desktop\kurs\lms-project\node_modules\next\dist\build\babel\loader\get-config.d.ts'
npm warn tar TAR_ENTRY_ERROR ENOENT: no such file or directory, open 'C:\Users\xussn\Desktop\kurs\lms-project\node_modules\next\dist\server\api-utils\get-cookie-parser.d.ts'
npm warn tar TAR_ENTRY_ERROR ENOENT: no such file or directory, open 'C:\Users\xussn\Desktop\kurs\lms-project\node_modules\next\dist\server\app-render\get-css-inlined-link-tags.d.ts'
npm warn tar TAR_ENTRY_ERROR ENOENT: no such file or directory, open 'C:\Users\xussn\Desktop\kurs\lms-project\node_modules\next\dist\next-devtools\server\font\get-dev-overlay-font-middleware.d.ts'
npm warn tar TAR_ENTRY_ERROR ENOENT: no such file or directory, open 'C:\Users\xussn\Desktop\kurs\lms-project\node_modules\next\dist\shared\lib\router\utils\get-dynamic-param.d.ts'
npm warn tar TAR_ENTRY_ERROR ENOENT: no such file or directory, open 'C:\Users\xussn\Desktop\kurs\lms-project\node_modules\next\dist\server\web\get-edge-preview-props.d.ts'
npm warn tar TAR_ENTRY_ERROR ENOENT: no such file or directory, lstat 'C:\Users\xussn\Desktop\kurs\lms-project\node_modules\next\dist\next-devtools\dev-overlay'
npm warn tar TAR_ENTRY_ERROR ENOENT: no such file or directory, open 'C:\Users\xussn\Desktop\kurs\lms-project\node_modules\next\dist\server\mcp\tools\get-errors.d.ts'
npm warn tar TAR_ENTRY_ERROR ENOENT: no such file or directory, open 'C:\Users\xussn\Desktop\kurs\lms-project\node_modules\next\dist\compiled\@next\font\dist\google\get-fallback-font-override-metrics.d.ts'
npm warn tar TAR_ENTRY_ERROR ENOENT: no such file or directory, open 'C:\Users\xussn\Desktop\kurs\lms-project\node_modules\next\dist\compiled\@next\font\dist\local\get-fallback-metrics-from-font-file.d.ts'
npm warn tar TAR_ENTRY_ERROR ENOENT: no such file or directory, open 'C:\Users\xussn\Desktop\kurs\lms-project\node_modules\next\dist\compiled\@next\font\dist\google\get-font-axes.d.ts'
npm warn tar TAR_ENTRY_ERROR ENOENT: no such file or directory, open 'C:\Users\xussn\Desktop\kurs\lms-project\node_modules\next\dist\compiled\@next\font\dist\google\get-google-fonts-url.d.ts'
npm warn tar TAR_ENTRY_ERROR ENOENT: no such file or directory, open 'C:\Users\xussn\Desktop\kurs\lms-project\node_modules\next\dist\shared\lib\get-hostname.d.ts'
npm warn tar TAR_ENTRY_ERROR ENOENT: no such file or directory, open 'C:\Users\xussn\Desktop\kurs\lms-project\node_modules\next\dist\shared\lib\get-img-props.d.ts'
npm warn tar TAR_ENTRY_ERROR ENOENT: no such file or directory, open 'C:\Users\xussn\Desktop\kurs\lms-project\node_modules\next\dist\server\app-render\get-layer-assets.d.ts'
npm warn tar TAR_ENTRY_ERROR ENOENT: no such file or directory, open 'C:\Users\xussn\Desktop\kurs\lms-project\node_modules\next\dist\shared\lib\i18n\get-locale-redirect.d.ts'
npm warn tar TAR_ENTRY_ERROR ENOENT: no such file or directory, open 'C:\Users\xussn\Desktop\kurs\lms-project\node_modules\next\dist\server\mcp\tools\get-logs.d.ts'
npm warn tar TAR_ENTRY_ERROR ENOENT: no such file or directory, open 'C:\Users\xussn\Desktop\kurs\lms-project\node_modules\next\dist\server\mcp\get-mcp-middleware.d.ts'
npm warn tar TAR_ENTRY_ERROR ENOENT: no such file or directory, open 'C:\Users\xussn\Desktop\kurs\lms-project\node_modules\next\dist\lib\metadata\get-metadata-route.d.ts'
npm warn tar TAR_ENTRY_ERROR ENOENT: no such file or directory, open 'C:\Users\xussn\Desktop\kurs\lms-project\node_modules\next\dist\build\webpack\loaders\get-module-build-info.d.ts'
npm warn tar TAR_ENTRY_ERROR ENOENT: no such file or directory, open 'C:\Users\xussn\Desktop\kurs\lms-project\node_modules\next\dist\next-devtools\server\get-next-error-feedback-middleware.d.ts'
npm warn tar TAR_ENTRY_ERROR ENOENT: no such file or directory, open 'C:\Users\xussn\Desktop\kurs\lms-project\node_modules\next\dist\shared\lib\router\utils\get-next-pathname-info.d.ts'
npm warn tar TAR_ENTRY_ERROR ENOENT: no such file or directory, open 'C:\Users\xussn\Desktop\kurs\lms-project\node_modules\next\dist\lib\helpers\get-npx-command.d.ts'
npm warn tar TAR_ENTRY_ERROR ENOENT: no such file or directory, open 'C:\Users\xussn\Desktop\kurs\lms-project\node_modules\next\dist\lib\helpers\get-online.d.ts'
npm warn tar TAR_ENTRY_ERROR ENOENT: no such file or directory, open 'C:\Users\xussn\Desktop\kurs\lms-project\node_modules\next\dist\server\mcp\get-or-create-mcp-server.d.ts'
npm warn tar TAR_ENTRY_ERROR ENOENT: no such file or directory, open 'C:\Users\xussn\Desktop\kurs\lms-project\node_modules\next\dist\server\mcp\tools\get-page-metadata.d.ts'
npm warn tar TAR_ENTRY_ERROR ENOENT: no such file or directory, open 'C:\Users\xussn\Desktop\kurs\lms-project\node_modules\next\dist\shared\lib\page-path\get-page-paths.d.ts'
npm warn tar TAR_ENTRY_ERROR ENOENT: no such file or directory, open 'C:\Users\xussn\Desktop\kurs\lms-project\node_modules\next\dist\build\analysis\get-page-static-info.d.ts'
npm warn tar TAR_ENTRY_ERROR ENOENT: no such file or directory, open 'C:\Users\xussn\Desktop\kurs\lms-project\node_modules\next\dist\export\helpers\get-params.d.ts'
npm warn tar TAR_ENTRY_ERROR ENOENT: no such file or directory, open 'C:\Users\xussn\Desktop\kurs\lms-project\node_modules\next\dist\server\route-modules\app-route\helpers\get-pathname-from-absolute-path.d.ts'
npm warn tar TAR_ENTRY_ERROR ENOENT: no such file or directory, open 'C:\Users\xussn\Desktop\kurs\lms-project\node_modules\next\dist\lib\helpers\get-pkg-manager.d.ts'
npm warn tar TAR_ENTRY_ERROR ENOENT: no such file or directory, open 'C:\Users\xussn\Desktop\kurs\lms-project\node_modules\next\dist\server\app-render\get-preloadable-fonts.d.ts'
npm warn tar TAR_ENTRY_ERROR ENOENT: no such file or directory, open 'C:\Users\xussn\Desktop\kurs\lms-project\node_modules\next\dist\server\mcp\tools\get-project-metadata.d.ts'
npm warn tar TAR_ENTRY_ERROR ENOENT: no such file or directory, open 'C:\Users\xussn\Desktop\kurs\lms-project\node_modules\next\dist\compiled\@next\font\dist\google\get-proxy-agent.d.ts'
npm warn tar TAR_ENTRY_ERROR ENOENT: no such file or directory, open 'C:\Users\xussn\Desktop\kurs\lms-project\node_modules\next\dist\lib\helpers\get-registry.d.ts'
npm warn tar TAR_ENTRY_ERROR ENOENT: no such file or directory, open 'C:\Users\xussn\Desktop\kurs\lms-project\node_modules\next\dist\lib\helpers\get-reserved-port.d.ts'
npm warn tar TAR_ENTRY_ERROR ENOENT: no such file or directory, open 'C:\Users\xussn\Desktop\kurs\lms-project\node_modules\next\dist\shared\lib\router\utils\get-route-from-asset-path.d.ts'
npm warn tar TAR_ENTRY_ERROR ENOENT: no such file or directory, open 'C:\Users\xussn\Desktop\kurs\lms-project\node_modules\next\dist\server\mcp\tools\get-routes.d.ts'
npm warn tar TAR_ENTRY_ERROR ENOENT: no such file or directory, open 'C:\Users\xussn\Desktop\kurs\lms-project\node_modules\next\dist\shared\lib\get-rspack.d.ts'
npm warn tar TAR_ENTRY_ERROR ENOENT: no such file or directory, open 'C:\Users\xussn\Desktop\kurs\lms-project\node_modules\next\dist\server\app-render\get-script-nonce-from-header.d.ts'
npm warn tar TAR_ENTRY_ERROR ENOENT: no such file or directory, open 'C:\Users\xussn\Desktop\kurs\lms-project\node_modules\next\dist\shared\lib\router\utils\get-segment-param.d.ts'
npm warn tar TAR_ENTRY_ERROR ENOENT: no such file or directory, open 'C:\Users\xussn\Desktop\kurs\lms-project\node_modules\next\dist\server\mcp\tools\get-server-action-by-id.d.ts'
npm warn tar TAR_ENTRY_ERROR ENOENT: no such file or directory, open 'C:\Users\xussn\Desktop\kurs\lms-project\node_modules\next\dist\server\app-render\get-short-dynamic-param-type.d.ts'
npm warn tar TAR_ENTRY_ERROR ENOENT: no such file or directory, open 'C:\Users\xussn\Desktop\kurs\lms-project\node_modules\next\dist\client\dev\hot-reloader\get-socket-url.d.ts'
npm warn tar TAR_ENTRY_ERROR ENOENT: no such file or directory, open 'C:\Users\xussn\Desktop\kurs\lms-project\node_modules\next\dist\server\dev\get-source-map-from-file.d.ts'
npm warn tar TAR_ENTRY_ERROR ENOENT: no such file or directory, open 'C:\Users\xussn\Desktop\kurs\lms-project\node_modules\next\dist\build\get-static-info-including-layouts.d.ts'
npm warn tar TAR_ENTRY_ERROR ENOENT: no such file or directory, open 'C:\Users\xussn\Desktop\kurs\lms-project\node_modules\next\dist\build\get-supported-browsers.d.ts'
npm warn tar TAR_ENTRY_ERROR ENOENT: no such file or directory, open 'C:\Users\xussn\Desktop\kurs\lms-project\node_modules\next\dist\shared\lib\get-webpack-bundler.d.ts'
npm warn tar TAR_ENTRY_ERROR ENOENT: no such file or directory, open 'C:\Users\xussn\Desktop\kurs\lms-project\node_modules\next\dist\build\webpack\config\blocks\css\loaders\getCssModuleLocalIdent.d.ts'
npm warn tar TAR_ENTRY_ERROR ENOENT: no such file or directory, open 'C:\Users\xussn\Desktop\kurs\lms-project\node_modules\next\dist\build\webpack\plugins\wellknown-errors-plugin\getModuleTrace.d.ts'
npm warn tar TAR_ENTRY_ERROR ENOENT: no such file or directory, open 'C:\Users\xussn\Desktop\kurs\lms-project\node_modules\next\dist\lib\typescript\getTypeScriptConfiguration.d.ts'
npm warn tar TAR_ENTRY_ERROR ENOENT: no such file or directory, open 'C:\Users\xussn\Desktop\kurs\lms-project\node_modules\next\dist\lib\typescript\getTypeScriptIntent.d.ts'
npm warn tar TAR_ENTRY_ERROR ENOENT: no such file or directory, open 'C:\Users\xussn\Desktop\kurs\lms-project\node_modules\next\dist\build\webpack\loaders\css-loader\src\runtime\getUrl.d.ts'
npm warn tar TAR_ENTRY_ERROR ENOENT: no such file or directory, open 'C:\Users\xussn\Desktop\kurs\lms-project\node_modules\next\dist\server\node-environment-extensions\global-behaviors.d.ts'
npm warn tar TAR_ENTRY_ERROR ENOENT: no such file or directory, open 'C:\Users\xussn\Desktop\kurs\lms-project\node_modules\next\dist\client\components\builtin\global-error.d.ts'
npm warn tar TAR_ENTRY_ERROR ENOENT: no such file or directory, open 'C:\Users\xussn\Desktop\kurs\lms-project\node_modules\next\dist\client\components\builtin\global-not-found.d.ts'
npm warn tar TAR_ENTRY_ERROR ENOENT: no such file or directory, open 'C:\Users\xussn\Desktop\kurs\lms-project\node_modules\next\dist\build\webpack\config\blocks\css\loaders\global.d.ts'
npm warn tar TAR_ENTRY_ERROR ENOENT: no such file or directory, open 'C:\Users\xussn\Desktop\kurs\lms-project\node_modules\next\dist\server\web\globals.d.ts'
npm warn tar TAR_ENTRY_ERROR ENOENT: no such file or directory, open 'C:\Users\xussn\Desktop\kurs\lms-project\node_modules\next\dist\compiled\@next\font\dist\google\google-fonts-metadata.d.ts'
npm warn tar TAR_ENTRY_ERROR ENOENT: no such file or directory, open 'C:\Users\xussn\Desktop\kurs\lms-project\node_modules\next\dist\client\components\errors\graceful-degrade-boundary.d.ts'
npm warn tar TAR_ENTRY_ERROR ENOENT: no such file or directory, open 'C:\Users\xussn\Desktop\kurs\lms-project\node_modules\next\dist\build\handle-entrypoints.d.ts'
npm warn tar TAR_ENTRY_ERROR ENOENT: no such file or directory, open 'C:\Users\xussn\Desktop\kurs\lms-project\node_modules\next\dist\build\handle-externals.d.ts'
npm warn tar TAR_ENTRY_ERROR ENOENT: no such file or directory, open 'C:\Users\xussn\Desktop\kurs\lms-project\node_modules\next\dist\server\use-cache\handlers.d.ts'
npm warn tar TAR_ENTRY_ERROR ENOENT: no such file or directory, open 'C:\Users\xussn\Desktop\kurs\lms-project\node_modules\next\dist\shared\lib\errors\hard-deprecated-config-error.d.ts'
npm warn tar TAR_ENTRY_ERROR ENOENT: no such file or directory, open 'C:\Users\xussn\Desktop\kurs\lms-project\node_modules\next\dist\client\components\router-reducer\reducers\has-interception-route-in-current-tree.d.ts'
npm warn tar TAR_ENTRY_ERROR ENOENT: no such file or directory, open 'C:\Users\xussn\Desktop\kurs\lms-project\node_modules\next\dist\server\app-render\has-loading-component-in-tree.d.ts'
npm warn tar TAR_ENTRY_ERROR ENOENT: no such file or directory, open 'C:\Users\xussn\Desktop\kurs\lms-project\node_modules\next\dist\shared\lib\hash.d.ts'
npm warn tar TAR_ENTRY_ERROR ENOENT: no such file or directory, open 'C:\Users\xussn\Desktop\kurs\lms-project\node_modules\next\dist\server\route-modules\app-page\vendored\contexts\head-manager-context.d.ts'
npm warn tar TAR_ENTRY_ERROR ENOENT: no such file or directory, open 'C:\Users\xussn\Desktop\kurs\lms-project\node_modules\next\dist\server\route-modules\pages\vendored\contexts\head-manager-context.d.ts'
npm warn tar TAR_ENTRY_ERROR ENOENT: no such file or directory, open 'C:\Users\xussn\Desktop\kurs\lms-project\node_modules\next\dist\shared\lib\head-manager-context.shared-runtime.d.ts'
npm warn tar TAR_ENTRY_ERROR ENOENT: no such file or directory, open 'C:\Users\xussn\Desktop\kurs\lms-project\node_modules\next\dist\api\head.d.ts'
npm warn tar TAR_ENTRY_ERROR ENOENT: no such file or directory, open 'C:\Users\xussn\Desktop\kurs\lms-project\node_modules\next\dist\shared\lib\head.d.ts'
npm warn tar TAR_ENTRY_ERROR ENOENT: no such file or directory, lstat 'C:\Users\xussn\Desktop\kurs\lms-project\node_modules\next\dist\next-devtools\dev-overlay'
npm warn tar TAR_ENTRY_ERROR ENOENT: no such file or directory, open 'C:\Users\xussn\Desktop\kurs\lms-project\node_modules\next\dist\api\headers.d.ts'
npm warn tar TAR_ENTRY_ERROR ENOENT: no such file or directory, open 'C:\Users\xussn\Desktop\kurs\lms-project\node_modules\next\dist\server\request\headers.d.ts'
npm warn tar TAR_ENTRY_ERROR ENOENT: no such file or directory, open 'C:\Users\xussn\Desktop\kurs\lms-project\node_modules\next\dist\server\web\spec-extension\adapters\headers.d.ts'
npm warn tar TAR_ENTRY_ERROR ENOENT: no such file or directory, open 'C:\Users\xussn\Desktop\kurs\lms-project\node_modules\next\dist\build\swc\helpers.d.ts'
npm warn tar TAR_ENTRY_ERROR ENOENT: no such file or directory, open 'C:\Users\xussn\Desktop\kurs\lms-project\node_modules\next\dist\build\templates\helpers.d.ts'
npm warn tar TAR_ENTRY_ERROR ENOENT: no such file or directory, open 'C:\Users\xussn\Desktop\kurs\lms-project\node_modules\next\dist\build\turborepo-access-trace\helpers.d.ts'
npm warn tar TAR_ENTRY_ERROR ENOENT: no such file or directory, open 'C:\Users\xussn\Desktop\kurs\lms-project\node_modules\next\dist\build\webpack\config\helpers.d.ts'
npm warn tar TAR_ENTRY_ERROR ENOENT: no such file or directory, open 'C:\Users\xussn\Desktop\kurs\lms-project\node_modules\next\dist\server\base-http\helpers.d.ts'
npm warn tar TAR_ENTRY_ERROR ENOENT: no such file or directory, open 'C:\Users\xussn\Desktop\kurs\lms-project\node_modules\next\dist\client\components\router-reducer\reducers\hmr-refresh-reducer.d.ts'
npm warn tar TAR_ENTRY_ERROR ENOENT: no such file or directory, open 'C:\Users\xussn\Desktop\kurs\lms-project\node_modules\next\dist\server\route-modules\app-page\vendored\contexts\hooks-client-context.d.ts'
npm warn tar TAR_ENTRY_ERROR ENOENT: no such file or directory, open 'C:\Users\xussn\Desktop\kurs\lms-project\node_modules\next\dist\server\route-modules\pages\vendored\contexts\hooks-client-context.d.ts'
npm warn tar TAR_ENTRY_ERROR ENOENT: no such file or directory, open 'C:\Users\xussn\Desktop\kurs\lms-project\node_modules\next\dist\shared\lib\hooks-client-context.shared-runtime.d.ts'
npm warn tar TAR_ENTRY_ERROR ENOENT: no such file or directory, open 'C:\Users\xussn\Desktop\kurs\lms-project\node_modules\next\dist\client\dev\hot-middleware-client.d.ts'
npm warn tar TAR_ENTRY_ERROR ENOENT: no such file or directory, open 'C:\Users\xussn\Desktop\kurs\lms-project\node_modules\next\dist\server\dev\hot-middleware.d.ts'
npm warn tar TAR_ENTRY_ERROR ENOENT: no such file or directory, open 'C:\Users\xussn\Desktop\kurs\lms-project\node_modules\next\dist\client\dev\hot-reloader\app\hot-reloader-app.d.ts'
npm warn tar TAR_ENTRY_ERROR ENOENT: no such file or directory, open 'C:\Users\xussn\Desktop\kurs\lms-project\node_modules\next\dist\client\dev\hot-reloader\pages\hot-reloader-pages.d.ts'
npm warn tar TAR_ENTRY_ERROR ENOENT: no such file or directory, open 'C:\Users\xussn\Desktop\kurs\lms-project\node_modules\next\dist\server\dev\hot-reloader-rspack.d.ts'
npm warn tar TAR_ENTRY_ERROR ENOENT: no such file or directory, open 'C:\Users\xussn\Desktop\kurs\lms-project\node_modules\next\dist\server\dev\hot-reloader-shared-utils.d.ts'
npm warn tar TAR_ENTRY_ERROR ENOENT: no such file or directory, open 'C:\Users\xussn\Desktop\kurs\lms-project\node_modules\next\dist\server\dev\hot-reloader-turbopack.d.ts'
npm warn tar TAR_ENTRY_ERROR ENOENT: no such file or directory, open 'C:\Users\xussn\Desktop\kurs\lms-project\node_modules\next\dist\server\dev\hot-reloader-types.d.ts'
npm warn tar TAR_ENTRY_ERROR ENOENT: no such file or directory, open 'C:\Users\xussn\Desktop\kurs\lms-project\node_modules\next\dist\server\dev\hot-reloader-webpack.d.ts'
npm warn tar TAR_ENTRY_ERROR ENOENT: no such file or directory, open 'C:\Users\xussn\Desktop\kurs\lms-project\node_modules\next\dist\shared\lib\router\utils\html-bots.d.ts'
npm warn tar TAR_ENTRY_ERROR ENOENT: no such file or directory, open 'C:\Users\xussn\Desktop\kurs\lms-project\node_modules\next\dist\server\route-modules\pages\vendored\contexts\html-context.d.ts'
npm warn tar TAR_ENTRY_ERROR ENOENT: no such file or directory, open 'C:\Users\xussn\Desktop\kurs\lms-project\node_modules\next\dist\shared\lib\html-context.shared-runtime.d.ts'
npm warn tar TAR_ENTRY_ERROR ENOENT: no such file or directory, open 'C:\Users\xussn\Desktop\kurs\lms-project\node_modules\next\dist\shared\lib\htmlescape.d.ts'
npm warn tar TAR_ENTRY_ERROR ENOENT: no such file or directory, open 'C:\Users\xussn\Desktop\kurs\lms-project\node_modules\next\dist\client\components\http-access-fallback\http-access-fallback.d.ts'
npm warn tar TAR_ENTRY_ERROR ENOENT: no such file or directory, open 'C:\Users\xussn\Desktop\kurs\lms-project\node_modules\next\dist\server\web\http.d.ts'
npm warn tar TAR_ENTRY_ERROR ENOENT: no such file or directory, open 'C:\Users\xussn\Desktop\kurs\lms-project\node_modules\next\dist\experimental\testmode\httpget.d.ts'
npm warn tar TAR_ENTRY_ERROR ENOENT: no such file or directory, open 'C:\Users\xussn\Desktop\kurs\lms-project\node_modules\next\dist\next-devtools\userspace\pages\hydration-error-state.d.ts'
npm warn tar TAR_ENTRY_ERROR ENOENT: no such file or directory, open 'C:\Users\xussn\Desktop\kurs\lms-project\node_modules\next\dist\next-devtools\shared\hydration-error.d.ts'
npm warn tar TAR_ENTRY_ERROR ENOENT: no such file or directory, open 'C:\Users\xussn\Desktop\kurs\lms-project\node_modules\next\dist\server\lib\i18n-provider.d.ts'
npm warn tar TAR_ENTRY_ERROR ENOENT: no such file or directory, open 'C:\Users\xussn\Desktop\kurs\lms-project\node_modules\next\dist\lib\metadata\generate\icon-mark.d.ts'
npm warn tar TAR_ENTRY_ERROR ENOENT: no such file or directory, open 'C:\Users\xussn\Desktop\kurs\lms-project\node_modules\next\dist\lib\metadata\types\icons.d.ts'
npm warn tar TAR_ENTRY_ERROR ENOENT: no such file or directory, open 'C:\Users\xussn\Desktop\kurs\lms-project\node_modules\next\dist\shared\lib\image-blur-svg.d.ts'
npm warn tar TAR_ENTRY_ERROR ENOENT: no such file or directory, open 'C:\Users\xussn\Desktop\kurs\lms-project\node_modules\next\dist\server\route-modules\app-page\vendored\contexts\image-config-context.d.ts'
npm warn tar TAR_ENTRY_ERROR ENOENT: no such file or directory, open 'C:\Users\xussn\Desktop\kurs\lms-project\node_modules\next\dist\server\route-modules\pages\vendored\contexts\image-config-context.d.ts'
npm warn tar TAR_ENTRY_ERROR ENOENT: no such file or directory, open 'C:\Users\xussn\Desktop\kurs\lms-project\node_modules\next\dist\shared\lib\image-config-context.shared-runtime.d.ts'
npm warn tar TAR_ENTRY_ERROR ENOENT: no such file or directory, open 'C:\Users\xussn\Desktop\kurs\lms-project\node_modules\next\dist\shared\lib\image-config.d.ts'
npm warn tar TAR_ENTRY_ERROR ENOENT: no such file or directory, open 'C:\Users\xussn\Desktop\kurs\lms-project\node_modules\next\dist\shared\lib\image-external.d.ts'
npm warn tar TAR_ENTRY_ERROR ENOENT: no such file or directory, open 'C:\Users\xussn\Desktop\kurs\lms-project\node_modules\next\dist\shared\lib\image-loader.d.ts'
npm warn tar TAR_ENTRY_ERROR ENOENT: no such file or directory, open 'C:\Users\xussn\Desktop\kurs\lms-project\node_modules\next\dist\server\og\image-response.d.ts'
npm warn tar TAR_ENTRY_ERROR ENOENT: no such file or directory, open 'C:\Users\xussn\Desktop\kurs\lms-project\node_modules\next\dist\server\web\spec-extension\image-response.d.ts'
npm warn tar TAR_ENTRY_ERROR ENOENT: no such file or directory, open 'C:\Users\xussn\Desktop\kurs\lms-project\node_modules\next\dist\api\image.d.ts'
npm warn tar TAR_ENTRY_ERROR ENOENT: no such file or directory, open 'C:\Users\xussn\Desktop\kurs\lms-project\node_modules\next\dist\client\legacy\image.d.ts'
npm warn tar TAR_ENTRY_ERROR ENOENT: no such file or directory, open 'C:\Users\xussn\Desktop\kurs\lms-project\node_modules\next\legacy\image.d.ts'
npm warn tar TAR_ENTRY_ERROR ENOENT: no such file or directory, open 'C:\Users\xussn\Desktop\kurs\lms-project\node_modules\next\dist\build\turbopack-build\impl.d.ts'
npm warn tar TAR_ENTRY_ERROR ENOENT: no such file or directory, open 'C:\Users\xussn\Desktop\kurs\lms-project\node_modules\next\dist\build\webpack-build\impl.d.ts'
npm warn tar TAR_ENTRY_ERROR ENOENT: no such file or directory, open 'C:\Users\xussn\Desktop\kurs\lms-project\node_modules\next\dist\build\polyfills\object.assign\implementation.d.ts'
npm warn tar TAR_ENTRY_ERROR ENOENT: no such file or directory, open 'C:\Users\xussn\Desktop\kurs\lms-project\node_modules\next\dist\server\lib\implicit-tags.d.ts'
npm warn tar TAR_ENTRY_ERROR ENOENT: no such file or directory, open 'C:\Users\xussn\Desktop\kurs\lms-project\node_modules\next\dist\build\analyze\index.d.ts'
npm warn tar TAR_ENTRY_ERROR ENOENT: no such file or directory, open 'C:\Users\xussn\Desktop\kurs\lms-project\node_modules\next\dist\build\babel\loader\index.d.ts'
npm warn tar TAR_ENTRY_ERROR ENOENT: no such file or directory, open 'C:\Users\xussn\Desktop\kurs\lms-project\node_modules\next\dist\build\index.d.ts'
npm warn tar TAR_ENTRY_ERROR ENOENT: no such file or directory, open 'C:\Users\xussn\Desktop\kurs\lms-project\node_modules\next\dist\build\output\index.d.ts'
npm warn tar TAR_ENTRY_ERROR ENOENT: no such file or directory, open 'C:\Users\xussn\Desktop\kurs\lms-project\node_modules\next\dist\build\polyfills\fetch\index.d.ts'
npm warn tar TAR_ENTRY_ERROR ENOENT: no such file or directory, open 'C:\Users\xussn\Desktop\kurs\lms-project\node_modules\next\dist\build\polyfills\object.assign\index.d.ts'
npm warn tar TAR_ENTRY_ERROR ENOENT: no such file or directory, open 'C:\Users\xussn\Desktop\kurs\lms-project\node_modules\next\dist\build\swc\index.d.ts'
npm warn tar TAR_ENTRY_ERROR ENOENT: no such file or directory, open 'C:\Users\xussn\Desktop\kurs\lms-project\node_modules\next\dist\build\turbopack-analyze\index.d.ts'
npm warn tar TAR_ENTRY_ERROR ENOENT: no such file or directory, open 'C:\Users\xussn\Desktop\kurs\lms-project\node_modules\next\dist\build\turbopack-build\index.d.ts'
npm warn tar TAR_ENTRY_ERROR ENOENT: no such file or directory, open 'C:\Users\xussn\Desktop\kurs\lms-project\node_modules\next\dist\build\turborepo-access-trace\index.d.ts'
npm warn tar TAR_ENTRY_ERROR ENOENT: no such file or directory, open 'C:\Users\xussn\Desktop\kurs\lms-project\node_modules\next\dist\build\webpack-build\index.d.ts'
npm warn tar TAR_ENTRY_ERROR ENOENT: no such file or directory, open 'C:\Users\xussn\Desktop\kurs\lms-project\node_modules\next\dist\build\webpack\config\blocks\css\index.d.ts'
npm warn tar TAR_ENTRY_ERROR ENOENT: no such file or directory, open 'C:\Users\xussn\Desktop\kurs\lms-project\node_modules\next\dist\build\webpack\config\blocks\css\loaders\index.d.ts'
npm warn tar TAR_ENTRY_ERROR ENOENT: no such file or directory, open 'C:\Users\xussn\Desktop\kurs\lms-project\node_modules\next\dist\build\webpack\config\blocks\images\index.d.ts'
npm warn tar TAR_ENTRY_ERROR ENOENT: no such file or directory, open 'C:\Users\xussn\Desktop\kurs\lms-project\node_modules\next\dist\build\webpack\config\index.d.ts'
npm warn tar TAR_ENTRY_ERROR ENOENT: no such file or directory, open 'C:\Users\xussn\Desktop\kurs\lms-project\node_modules\next\dist\build\webpack\loaders\css-loader\src\index.d.ts'
npm warn tar TAR_ENTRY_ERROR ENOENT: no such file or directory, open 'C:\Users\xussn\Desktop\kurs\lms-project\node_modules\next\dist\build\webpack\loaders\css-loader\src\plugins\index.d.ts'
npm warn tar TAR_ENTRY_ERROR ENOENT: no such file or directory, open 'C:\Users\xussn\Desktop\kurs\lms-project\node_modules\next\dist\build\webpack\loaders\lightningcss-loader\src\index.d.ts'
npm warn tar TAR_ENTRY_ERROR ENOENT: no such file or directory, open 'C:\Users\xussn\Desktop\kurs\lms-project\node_modules\next\dist\build\webpack\loaders\next-app-loader\index.d.ts'
npm warn tar TAR_ENTRY_ERROR ENOENT: no such file or directory, open 'C:\Users\xussn\Desktop\kurs\lms-project\node_modules\next\dist\build\webpack\loaders\next-edge-app-route-loader\index.d.ts'
npm warn tar TAR_ENTRY_ERROR ENOENT: no such file or directory, open 'C:\Users\xussn\Desktop\kurs\lms-project\node_modules\next\dist\build\webpack\loaders\next-edge-ssr-loader\index.d.ts'
npm warn tar TAR_ENTRY_ERROR ENOENT: no such file or directory, open 'C:\Users\xussn\Desktop\kurs\lms-project\node_modules\next\dist\build\webpack\loaders\next-flight-loader\index.d.ts'
npm warn tar TAR_ENTRY_ERROR ENOENT: no such file or directory, open 'C:\Users\xussn\Desktop\kurs\lms-project\node_modules\next\dist\build\webpack\loaders\next-font-loader\index.d.ts'
npm warn tar TAR_ENTRY_ERROR ENOENT: no such file or directory, open 'C:\Users\xussn\Desktop\kurs\lms-project\node_modules\next\dist\build\webpack\loaders\next-image-loader\index.d.ts'
npm warn tar TAR_ENTRY_ERROR ENOENT: no such file or directory, open 'C:\Users\xussn\Desktop\kurs\lms-project\node_modules\next\dist\build\webpack\loaders\next-route-loader\index.d.ts'
npm warn tar TAR_ENTRY_ERROR ENOENT: no such file or directory, open 'C:\Users\xussn\Desktop\kurs\lms-project\node_modules\next\dist\build\webpack\loaders\next-style-loader\index.d.ts'
npm warn tar TAR_ENTRY_ERROR ENOENT: no such file or directory, open 'C:\Users\xussn\Desktop\kurs\lms-project\node_modules\next\dist\build\webpack\loaders\postcss-loader\src\index.d.ts'
npm warn tar TAR_ENTRY_ERROR ENOENT: no such file or directory, open 'C:\Users\xussn\Desktop\kurs\lms-project\node_modules\next\dist\build\webpack\loaders\resolve-url-loader\index.d.ts'
npm warn tar TAR_ENTRY_ERROR ENOENT: no such file or directory, open 'C:\Users\xussn\Desktop\kurs\lms-project\node_modules\next\dist\build\webpack\plugins\minify-webpack-plugin\src\index.d.ts'
npm warn tar TAR_ENTRY_ERROR ENOENT: no such file or directory, open 'C:\Users\xussn\Desktop\kurs\lms-project\node_modules\next\dist\build\webpack\plugins\next-types-plugin\index.d.ts'
npm warn tar TAR_ENTRY_ERROR ENOENT: no such file or directory, open 'C:\Users\xussn\Desktop\kurs\lms-project\node_modules\next\dist\build\webpack\plugins\wellknown-errors-plugin\index.d.ts'
npm warn tar TAR_ENTRY_ERROR ENOENT: no such file or directory, open 'C:\Users\xussn\Desktop\kurs\lms-project\node_modules\next\dist\client\portal\index.d.ts'
npm warn tar TAR_ENTRY_ERROR ENOENT: no such file or directory, open 'C:\Users\xussn\Desktop\kurs\lms-project\node_modules\next\dist\compiled\@edge-runtime\cookies\index.d.ts'
npm warn tar TAR_ENTRY_ERROR ENOENT: no such file or directory, open 'C:\Users\xussn\Desktop\kurs\lms-project\node_modules\next\dist\compiled\@edge-runtime\ponyfill\index.d.ts'
npm warn tar TAR_ENTRY_ERROR ENOENT: no such file or directory, open 'C:\Users\xussn\Desktop\kurs\lms-project\node_modules\next\dist\compiled\@edge-runtime\primitives\index.d.ts'
npm warn tar TAR_ENTRY_ERROR ENOENT: no such file or directory, open 'C:\Users\xussn\Desktop\kurs\lms-project\node_modules\next\dist\compiled\@next\font\dist\google\index.d.ts'
npm warn tar TAR_ENTRY_ERROR ENOENT: no such file or directory, open 'C:\Users\xussn\Desktop\kurs\lms-project\node_modules\next\dist\compiled\@next\font\dist\local\index.d.ts'
npm warn tar TAR_ENTRY_ERROR ENOENT: no such file or directory, open 'C:\Users\xussn\Desktop\kurs\lms-project\node_modules\next\dist\compiled\@next\font\google\index.d.ts'
npm warn tar TAR_ENTRY_ERROR ENOENT: no such file or directory, open 'C:\Users\xussn\Desktop\kurs\lms-project\node_modules\next\dist\compiled\@next\font\local\index.d.ts'
npm warn tar TAR_ENTRY_ERROR ENOENT: no such file or directory, open 'C:\Users\xussn\Desktop\kurs\lms-project\node_modules\next\dist\compiled\@vercel\og\satori\index.d.ts'
npm warn tar TAR_ENTRY_ERROR ENOENT: no such file or directory, open 'C:\Users\xussn\Desktop\kurs\lms-project\node_modules\next\dist\experimental\testing\server\index.d.ts'
npm warn tar TAR_ENTRY_ERROR ENOENT: no such file or directory, open 'C:\Users\xussn\Desktop\kurs\lms-project\node_modules\next\dist\experimental\testmode\playwright\index.d.ts'
npm warn tar TAR_ENTRY_ERROR ENOENT: no such file or directory, open 'C:\Users\xussn\Desktop\kurs\lms-project\node_modules\next\dist\experimental\testmode\proxy\index.d.ts'
npm warn tar TAR_ENTRY_ERROR ENOENT: no such file or directory, open 'C:\Users\xussn\Desktop\kurs\lms-project\node_modules\next\dist\export\index.d.ts'
npm warn tar TAR_ENTRY_ERROR ENOENT: no such file or directory, lstat 'C:\Users\xussn\Desktop\kurs\lms-project\node_modules\next\dist\next-devtools\dev-overlay'
npm warn tar TAR_ENTRY_ERROR ENOENT: no such file or directory, lstat 'C:\Users\xussn\Desktop\kurs\lms-project\node_modules\next\dist\next-devtools\dev-overlay'
npm warn tar TAR_ENTRY_ERROR ENOENT: no such file or directory, lstat 'C:\Users\xussn\Desktop\kurs\lms-project\node_modules\next\dist\next-devtools\dev-overlay'
npm warn tar TAR_ENTRY_ERROR ENOENT: no such file or directory, lstat 'C:\Users\xussn\Desktop\kurs\lms-project\node_modules\next\dist\next-devtools\dev-overlay'
npm warn tar TAR_ENTRY_ERROR ENOENT: no such file or directory, lstat 'C:\Users\xussn\Desktop\kurs\lms-project\node_modules\next\dist\next-devtools\dev-overlay'
npm warn tar TAR_ENTRY_ERROR ENOENT: no such file or directory, lstat 'C:\Users\xussn\Desktop\kurs\lms-project\node_modules\next\dist\next-devtools\dev-overlay'
npm warn tar TAR_ENTRY_ERROR ENOENT: no such file or directory, lstat 'C:\Users\xussn\Desktop\kurs\lms-project\node_modules\next\dist\next-devtools\dev-overlay'
npm warn tar TAR_ENTRY_ERROR ENOENT: no such file or directory, lstat 'C:\Users\xussn\Desktop\kurs\lms-project\node_modules\next\dist\next-devtools\dev-overlay'
npm warn tar TAR_ENTRY_ERROR ENOENT: no such file or directory, lstat 'C:\Users\xussn\Desktop\kurs\lms-project\node_modules\next\dist\next-devtools\dev-overlay'
npm warn tar TAR_ENTRY_ERROR ENOENT: no such file or directory, lstat 'C:\Users\xussn\Desktop\kurs\lms-project\node_modules\next\dist\next-devtools\dev-overlay'
npm warn tar TAR_ENTRY_ERROR ENOENT: no such file or directory, open 'C:\Users\xussn\Desktop\kurs\lms-project\node_modules\next\dist\next-devtools\userspace\app\errors\index.d.ts'
npm warn tar TAR_ENTRY_ERROR ENOENT: no such file or directory, open 'C:\Users\xussn\Desktop\kurs\lms-project\node_modules\next\dist\server\after\index.d.ts'
npm warn tar TAR_ENTRY_ERROR ENOENT: no such file or directory, open 'C:\Users\xussn\Desktop\kurs\lms-project\node_modules\next\dist\server\api-utils\index.d.ts'
npm warn tar TAR_ENTRY_ERROR ENOENT: no such file or directory, open 'C:\Users\xussn\Desktop\kurs\lms-project\node_modules\next\dist\server\base-http\index.d.ts'
npm warn tar TAR_ENTRY_ERROR ENOENT: no such file or directory, open 'C:\Users\xussn\Desktop\kurs\lms-project\node_modules\next\dist\server\lib\incremental-cache\index.d.ts'
npm warn tar TAR_ENTRY_ERROR ENOENT: no such file or directory, open 'C:\Users\xussn\Desktop\kurs\lms-project\node_modules\next\dist\server\normalizers\built\app\index.d.ts'
npm warn tar TAR_ENTRY_ERROR ENOENT: no such file or directory, open 'C:\Users\xussn\Desktop\kurs\lms-project\node_modules\next\dist\server\normalizers\built\pages\index.d.ts'
npm warn tar TAR_ENTRY_ERROR ENOENT: no such file or directory, open 'C:\Users\xussn\Desktop\kurs\lms-project\node_modules\next\dist\server\response-cache\index.d.ts'
npm warn tar TAR_ENTRY_ERROR ENOENT: no such file or directory, open 'C:\Users\xussn\Desktop\kurs\lms-project\node_modules\next\dist\server\typescript\index.d.ts'
npm warn tar TAR_ENTRY_ERROR ENOENT: no such file or directory, open 'C:\Users\xussn\Desktop\kurs\lms-project\node_modules\next\dist\server\web\exports\index.d.ts'
npm warn tar TAR_ENTRY_ERROR ENOENT: no such file or directory, open 'C:\Users\xussn\Desktop\kurs\lms-project\node_modules\next\dist\server\web\sandbox\index.d.ts'
npm warn tar TAR_ENTRY_ERROR ENOENT: no such file or directory, open 'C:\Users\xussn\Desktop\kurs\lms-project\node_modules\next\dist\shared\lib\router\utils\index.d.ts'
npm warn tar TAR_ENTRY_ERROR ENOENT: no such file or directory, open 'C:\Users\xussn\Desktop\kurs\lms-project\node_modules\next\dist\telemetry\events\index.d.ts'
npm warn tar TAR_ENTRY_ERROR ENOENT: no such file or directory, open 'C:\Users\xussn\Desktop\kurs\lms-project\node_modules\next\dist\trace\index.d.ts'
npm warn tar TAR_ENTRY_ERROR ENOENT: no such file or directory, open 'C:\Users\xussn\Desktop\kurs\lms-project\node_modules\next\dist\trace\report\index.d.ts'
npm warn tar TAR_ENTRY_ERROR ENOENT: no such file or directory, open 'C:\Users\xussn\Desktop\kurs\lms-project\node_modules\next\font\google\index.d.ts'
npm warn tar TAR_ENTRY_ERROR ENOENT: no such file or directory, open 'C:\Users\xussn\Desktop\kurs\lms-project\node_modules\next\font\local\index.d.ts'
npm warn tar TAR_ENTRY_ERROR ENOENT: no such file or directory, open 'C:\Users\xussn\Desktop\kurs\lms-project\node_modules\next\dist\compiled\@vercel\og\index.edge.d.ts'
npm warn tar TAR_ENTRY_ERROR ENOENT: no such file or directory, open 'C:\Users\xussn\Desktop\kurs\lms-project\node_modules\next\dist\compiled\@vercel\og\index.node.d.ts'
npm warn tar TAR_ENTRY_ERROR ENOENT: no such file or directory, lstat 'C:\Users\xussn\Desktop\kurs\lms-project\node_modules\next\dist\next-devtools\dev-overlay'
npm warn tar TAR_ENTRY_ERROR ENOENT: no such file or directory, open 'C:\Users\xussn\Desktop\kurs\lms-project\node_modules\next\dist\build\webpack\loaders\next-style-loader\runtime\injectStylesIntoLinkTag.d.ts'
npm warn tar TAR_ENTRY_ERROR ENOENT: no such file or directory, open 'C:\Users\xussn\Desktop\kurs\lms-project\node_modules\next\dist\build\webpack\loaders\next-style-loader\runtime\injectStylesIntoStyleTag.d.ts'
npm warn tar TAR_ENTRY_ERROR ENOENT: no such file or directory, open 'C:\Users\xussn\Desktop\kurs\lms-project\node_modules\next\dist\build\swc\install-bindings.d.ts'
npm warn tar TAR_ENTRY_ERROR ENOENT: no such file or directory, open 'C:\Users\xussn\Desktop\kurs\lms-project\node_modules\next\dist\server\lib\install-code-frame.d.ts'
npm warn tar TAR_ENTRY_ERROR ENOENT: no such file or directory, open 'C:\Users\xussn\Desktop\kurs\lms-project\node_modules\next\dist\lib\helpers\install.d.ts'
npm warn tar TAR_ENTRY_ERROR ENOENT: no such file or directory, open 'C:\Users\xussn\Desktop\kurs\lms-project\node_modules\next\dist\server\app-render\instant-validation\instant-config.d.ts'
npm warn tar TAR_ENTRY_ERROR ENOENT: no such file or directory, lstat 'C:\Users\xussn\Desktop\kurs\lms-project\node_modules\next\dist\next-devtools\dev-overlay'
npm warn tar TAR_ENTRY_ERROR ENOENT: no such file or directory, lstat 'C:\Users\xussn\Desktop\kurs\lms-project\node_modules\next\dist\next-devtools\dev-overlay'
npm warn tar TAR_ENTRY_ERROR ENOENT: no such file or directory, open 'C:\Users\xussn\Desktop\kurs\lms-project\node_modules\next\dist\server\app-render\instant-validation\instant-samples-client.d.ts'
npm warn tar TAR_ENTRY_ERROR ENOENT: no such file or directory, open 'C:\Users\xussn\Desktop\kurs\lms-project\node_modules\next\dist\server\app-render\instant-validation\instant-samples.d.ts'
npm warn tar TAR_ENTRY_ERROR ENOENT: no such file or directory, open 'C:\Users\xussn\Desktop\kurs\lms-project\node_modules\next\dist\server\app-render\instant-validation\instant-validation-error.d.ts'
npm warn tar TAR_ENTRY_ERROR ENOENT: no such file or directory, open 'C:\Users\xussn\Desktop\kurs\lms-project\node_modules\next\dist\server\app-render\instant-validation\instant-validation.d.ts'
npm warn tar TAR_ENTRY_ERROR ENOENT: no such file or directory, open 'C:\Users\xussn\Desktop\kurs\lms-project\node_modules\next\dist\server\lib\router-utils\instrumentation-globals.external.d.ts'
npm warn tar TAR_ENTRY_ERROR ENOENT: no such file or directory, open 'C:\Users\xussn\Desktop\kurs\lms-project\node_modules\next\dist\server\lib\router-utils\instrumentation-node-extensions.d.ts'
npm warn tar TAR_ENTRY_ERROR ENOENT: no such file or directory, open 'C:\Users\xussn\Desktop\kurs\lms-project\node_modules\next\dist\next-devtools\userspace\app\errors\intercept-console-error.d.ts'
npm warn tar TAR_ENTRY_ERROR ENOENT: no such file or directory, open 'C:\Users\xussn\Desktop\kurs\lms-project\node_modules\next\dist\shared\lib\router\utils\interception-prefix-from-param-type.d.ts'
npm warn tar TAR_ENTRY_ERROR ENOENT: no such file or directory, open 'C:\Users\xussn\Desktop\kurs\lms-project\node_modules\next\dist\shared\lib\router\utils\interception-routes.d.ts'
npm warn tar TAR_ENTRY_ERROR ENOENT: no such file or directory, open 'C:\Users\xussn\Desktop\kurs\lms-project\node_modules\next\dist\build\webpack\loaders\lightningcss-loader\src\interface.d.ts'
npm warn tar TAR_ENTRY_ERROR ENOENT: no such file or directory, open 'C:\Users\xussn\Desktop\kurs\lms-project\node_modules\next\dist\server\web\internal-edge-wait-until.d.ts'
npm warn tar TAR_ENTRY_ERROR ENOENT: no such file or directory, open 'C:\Users\xussn\Desktop\kurs\lms-project\node_modules\next\dist\shared\lib\turbopack\internal-error.d.ts'
npm warn tar TAR_ENTRY_ERROR ENOENT: no such file or directory, open 'C:\Users\xussn\Desktop\kurs\lms-project\node_modules\next\dist\server\app-render\interop-default.d.ts'
npm warn tar TAR_ENTRY_ERROR ENOENT: no such file or directory, open 'C:\Users\xussn\Desktop\kurs\lms-project\node_modules\next\dist\shared\lib\router\utils\interpolate-as.d.ts'
npm warn tar TAR_ENTRY_ERROR ENOENT: no such file or directory, open 'C:\Users\xussn\Desktop\kurs\lms-project\node_modules\next\dist\shared\lib\invariant-error.d.ts'
npm warn tar TAR_ENTRY_ERROR ENOENT: no such file or directory, open 'C:\Users\xussn\Desktop\kurs\lms-project\node_modules\next\dist\server\node-environment-extensions\io-utils.d.ts'
npm warn tar TAR_ENTRY_ERROR ENOENT: no such file or directory, open 'C:\Users\xussn\Desktop\kurs\lms-project\node_modules\next\dist\shared\lib\router\utils\is-bot.d.ts'
npm warn tar TAR_ENTRY_ERROR ENOENT: no such file or directory, open 'C:\Users\xussn\Desktop\kurs\lms-project\node_modules\next\dist\export\helpers\is-dynamic-usage-error.d.ts'
npm warn tar TAR_ENTRY_ERROR ENOENT: no such file or directory, open 'C:\Users\xussn\Desktop\kurs\lms-project\node_modules\next\dist\shared\lib\router\utils\is-dynamic.d.ts'
npm warn tar TAR_ENTRY_ERROR ENOENT: no such file or directory, open 'C:\Users\xussn\Desktop\kurs\lms-project\node_modules\next\dist\shared\lib\is-internal.d.ts'
npm warn tar TAR_ENTRY_ERROR ENOENT: no such file or directory, open 'C:\Users\xussn\Desktop\kurs\lms-project\node_modules\next\dist\server\lib\is-ipv6.d.ts'
npm warn tar TAR_ENTRY_ERROR ENOENT: no such file or directory, open 'C:\Users\xussn\Desktop\kurs\lms-project\node_modules\next\dist\shared\lib\router\utils\is-local-url.d.ts'
npm warn tar TAR_ENTRY_ERROR ENOENT: no such file or directory, open 'C:\Users\xussn\Desktop\kurs\lms-project\node_modules\next\dist\lib\metadata\is-metadata-route.d.ts'
npm warn tar TAR_ENTRY_ERROR ENOENT: no such file or directory, open 'C:\Users\xussn\Desktop\kurs\lms-project\node_modules\next\dist\client\components\router-reducer\is-navigating-to-new-root-layout.d.ts'
npm warn tar TAR_ENTRY_ERROR ENOENT: no such file or directory, open 'C:\Users\xussn\Desktop\kurs\lms-project\node_modules\next\dist\client\components\is-next-router-error.d.ts'
npm warn tar TAR_ENTRY_ERROR ENOENT: no such file or directory, open 'C:\Users\xussn\Desktop\kurs\lms-project\node_modules\next\dist\shared\lib\is-plain-object.d.ts'
npm warn tar TAR_ENTRY_ERROR ENOENT: no such file or directory, open 'C:\Users\xussn\Desktop\kurs\lms-project\node_modules\next\dist\server\lib\router-utils\is-postpone.d.ts'
npm warn tar TAR_ENTRY_ERROR ENOENT: no such file or directory, open 'C:\Users\xussn\Desktop\kurs\lms-project\node_modules\next\dist\server\is-private-ip.d.ts'
npm warn tar TAR_ENTRY_ERROR ENOENT: no such file or directory, open 'C:\Users\xussn\Desktop\kurs\lms-project\node_modules\next\dist\server\lib\is-rsc-request.d.ts'
npm warn tar TAR_ENTRY_ERROR ENOENT: no such file or directory, open 'C:\Users\xussn\Desktop\kurs\lms-project\node_modules\next\dist\server\route-modules\app-route\helpers\is-static-gen-enabled.d.ts'
npm warn tar TAR_ENTRY_ERROR ENOENT: no such file or directory, open 'C:\Users\xussn\Desktop\kurs\lms-project\node_modules\next\dist\shared\lib\is-thenable.d.ts'
npm warn tar TAR_ENTRY_ERROR ENOENT: no such file or directory, open 'C:\Users\xussn\Desktop\kurs\lms-project\node_modules\next\dist\build\is-writeable.d.ts'
npm warn tar TAR_ENTRY_ERROR ENOENT: no such file or directory, open 'C:\Users\xussn\Desktop\kurs\lms-project\node_modules\next\dist\build\webpack\loaders\next-style-loader\runtime\isEqualLocals.d.ts'
npm warn tar TAR_ENTRY_ERROR ENOENT: no such file or directory, open 'C:\Users\xussn\Desktop\kurs\lms-project\node_modules\next\dist\client\lib\javascript-url.d.ts'
npm warn tar TAR_ENTRY_ERROR ENOENT: no such file or directory, open 'C:\Users\xussn\Desktop\kurs\lms-project\node_modules\next\dist\build\swc\jest-transformer.d.ts'
npm warn tar TAR_ENTRY_ERROR ENOENT: no such file or directory, open 'C:\Users\xussn\Desktop\kurs\lms-project\node_modules\next\dist\build\jest\jest.d.ts'
npm warn tar TAR_ENTRY_ERROR ENOENT: no such file or directory, open 'C:\Users\xussn\Desktop\kurs\lms-project\node_modules\next\dist\build\webpack\loaders\resolve-url-loader\lib\join-function.d.ts'
npm warn tar TAR_ENTRY_ERROR ENOENT: no such file or directory, open 'C:\Users\xussn\Desktop\kurs\lms-project\node_modules\next\dist\build\webpack\plugins\jsconfig-paths-plugin.d.ts'
npm warn tar TAR_ENTRY_ERROR ENOENT: no such file or directory, open 'C:\Users\xussn\Desktop\kurs\lms-project\node_modules\next\dist\build\babel\plugins\jsx-pragma.d.ts'
npm warn tar TAR_ENTRY_ERROR ENOENT: no such file or directory, open 'C:\Users\xussn\Desktop\kurs\lms-project\node_modules\next\dist\next-devtools\server\launch-editor.d.ts'
npm warn tar TAR_ENTRY_ERROR ENOENT: no such file or directory, open 'C:\Users\xussn\Desktop\kurs\lms-project\node_modules\next\dist\client\components\layout-router.d.ts'
npm warn tar TAR_ENTRY_ERROR ENOENT: no such file or directory, open 'C:\Users\xussn\Desktop\kurs\lms-project\node_modules\next\dist\client\components\builtin\layout.d.ts'
npm warn tar TAR_ENTRY_ERROR ENOENT: no such file or directory, open 'C:\Users\xussn\Desktop\kurs\lms-project\node_modules\next\dist\server\lib\lazy-result.d.ts'
npm warn tar TAR_ENTRY_ERROR ENOENT: no such file or directory, lstat 'C:\Users\xussn\Desktop\kurs\lms-project\node_modules\next\dist\next-devtools\dev-overlay'
npm warn tar TAR_ENTRY_ERROR ENOENT: no such file or directory, lstat 'C:\Users\xussn\Desktop\kurs\lms-project\node_modules\next\dist\next-devtools\dev-overlay'
npm warn tar TAR_ENTRY_ERROR ENOENT: no such file or directory, open 'C:\Users\xussn\Desktop\kurs\lms-project\node_modules\next\dist\api\link.d.ts'
npm warn tar TAR_ENTRY_ERROR ENOENT: no such file or directory, open 'C:\Users\xussn\Desktop\kurs\lms-project\node_modules\next\dist\client\app-dir\link.d.ts'
npm warn tar TAR_ENTRY_ERROR ENOENT: no such file or directory, open 'C:\Users\xussn\Desktop\kurs\lms-project\node_modules\next\dist\client\link.d.ts'
npm warn tar TAR_ENTRY_ERROR ENOENT: no such file or directory, open 'C:\Users\xussn\Desktop\kurs\lms-project\node_modules\next\dist\client\app-dir\link.react-server.d.ts'
npm warn tar TAR_ENTRY_ERROR ENOENT: no such file or directory, open 'C:\Users\xussn\Desktop\kurs\lms-project\node_modules\next\dist\client\components\links.d.ts'
npm warn tar TAR_ENTRY_ERROR ENOENT: no such file or directory, open 'C:\Users\xussn\Desktop\kurs\lms-project\node_modules\next\dist\server\load-components.d.ts'
npm warn tar TAR_ENTRY_ERROR ENOENT: no such file or directory, open 'C:\Users\xussn\Desktop\kurs\lms-project\node_modules\next\dist\server\load-default-error-components.d.ts'
npm warn tar TAR_ENTRY_ERROR ENOENT: no such file or directory, open 'C:\Users\xussn\Desktop\kurs\lms-project\node_modules\next\dist\build\load-entrypoint.d.ts'
npm warn tar TAR_ENTRY_ERROR ENOENT: no such file or directory, open 'C:\Users\xussn\Desktop\kurs\lms-project\node_modules\next\dist\build\load-jsconfig.d.ts'
npm warn tar TAR_ENTRY_ERROR ENOENT: no such file or directory, open 'C:\Users\xussn\Desktop\kurs\lms-project\node_modules\next\dist\server\load-manifest.external.d.ts'
npm warn tar TAR_ENTRY_ERROR ENOENT: no such file or directory, open 'C:\Users\xussn\Desktop\kurs\lms-project\node_modules\next\dist\compiled\@edge-runtime\primitives\load.d.ts'
npm warn tar TAR_ENTRY_ERROR ENOENT: no such file or directory, open 'C:\Users\xussn\Desktop\kurs\lms-project\node_modules\next\dist\server\route-modules\pages\vendored\contexts\loadable-context.d.ts'
npm warn tar TAR_ENTRY_ERROR ENOENT: no such file or directory, open 'C:\Users\xussn\Desktop\kurs\lms-project\node_modules\next\dist\shared\lib\loadable-context.shared-runtime.d.ts'
npm warn tar TAR_ENTRY_ERROR ENOENT: no such file or directory, open 'C:\Users\xussn\Desktop\kurs\lms-project\node_modules\next\dist\server\route-modules\pages\vendored\contexts\loadable.d.ts'
npm warn tar TAR_ENTRY_ERROR ENOENT: no such file or directory, open 'C:\Users\xussn\Desktop\kurs\lms-project\node_modules\next\dist\shared\lib\lazy-dynamic\loadable.d.ts'
npm warn tar TAR_ENTRY_ERROR ENOENT: no such file or directory, open 'C:\Users\xussn\Desktop\kurs\lms-project\node_modules\next\dist\shared\lib\loadable.shared-runtime.d.ts'
npm warn tar TAR_ENTRY_ERROR ENOENT: no such file or directory, open 'C:\Users\xussn\Desktop\kurs\lms-project\node_modules\next\dist\build\webpack\loaders\lightningcss-loader\src\loader.d.ts'
npm warn tar TAR_ENTRY_ERROR ENOENT: no such file or directory, open 'C:\Users\xussn\Desktop\kurs\lms-project\node_modules\next\dist\compiled\@next\font\dist\google\loader.d.ts'
npm warn tar TAR_ENTRY_ERROR ENOENT: no such file or directory, open 'C:\Users\xussn\Desktop\kurs\lms-project\node_modules\next\dist\compiled\@next\font\dist\local\loader.d.ts'
npm warn tar TAR_ENTRY_ERROR ENOENT: no such file or directory, open 'C:\Users\xussn\Desktop\kurs\lms-project\node_modules\next\dist\compiled\@next\font\google\loader.d.ts'
npm warn tar TAR_ENTRY_ERROR ENOENT: no such file or directory, open 'C:\Users\xussn\Desktop\kurs\lms-project\node_modules\next\dist\compiled\@next\font\local\loader.d.ts'
npm warn tar TAR_ENTRY_ERROR ENOENT: no such file or directory, open 'C:\Users\xussn\Desktop\kurs\lms-project\node_modules\next\dist\build\swc\loaderWorkerPool.d.ts'
npm warn tar TAR_ENTRY_ERROR ENOENT: no such file or directory, lstat 'C:\Users\xussn\Desktop\kurs\lms-project\node_modules\next\dist\next-devtools\dev-overlay'
npm warn tar TAR_ENTRY_ERROR ENOENT: no such file or directory, open 'C:\Users\xussn\Desktop\kurs\lms-project\node_modules\next\dist\server\route-definitions\locale-route-definition.d.ts'
npm warn tar TAR_ENTRY_ERROR ENOENT: no such file or directory, open 'C:\Users\xussn\Desktop\kurs\lms-project\node_modules\next\dist\server\route-matches\locale-route-match.d.ts'
npm warn tar TAR_ENTRY_ERROR ENOENT: no such file or directory, open 'C:\Users\xussn\Desktop\kurs\lms-project\node_modules\next\dist\server\route-matchers\locale-route-matcher.d.ts'
npm warn tar TAR_ENTRY_ERROR ENOENT: no such file or directory, open 'C:\Users\xussn\Desktop\kurs\lms-project\node_modules\next\dist\server\normalizers\locale-route-normalizer.d.ts'
npm warn tar TAR_ENTRY_ERROR ENOENT: no such file or directory, open 'C:\Users\xussn\Desktop\kurs\lms-project\node_modules\next\dist\build\lockfile.d.ts'
npm warn tar TAR_ENTRY_ERROR ENOENT: no such file or directory, open 'C:\Users\xussn\Desktop\kurs\lms-project\node_modules\next\dist\server\dev\log-requests.d.ts'
npm warn tar TAR_ENTRY_ERROR ENOENT: no such file or directory, open 'C:\Users\xussn\Desktop\kurs\lms-project\node_modules\next\dist\build\output\log.d.ts'
npm warn tar TAR_ENTRY_ERROR ENOENT: no such file or directory, lstat 'C:\Users\xussn\Desktop\kurs\lms-project\node_modules\next\dist\next-devtools\dev-overlay'
npm warn tar TAR_ENTRY_ERROR ENOENT: no such file or directory, open 'C:\Users\xussn\Desktop\kurs\lms-project\node_modules\next\dist\server\lib\lru-cache.d.ts'
npm warn tar TAR_ENTRY_ERROR ENOENT: no such file or directory, open 'C:\Users\xussn\Desktop\kurs\lms-project\node_modules\next\dist\client\components\segment-cache\lru.d.ts'
npm warn tar TAR_ENTRY_ERROR ENOENT: no such file or directory, open 'C:\Users\xussn\Desktop\kurs\lms-project\node_modules\next\dist\styled-jsx\types\macro.d.ts'
npm warn tar TAR_ENTRY_ERROR ENOENT: no such file or directory, open 'C:\Users\xussn\Desktop\kurs\lms-project\node_modules\next\dist\shared\lib\magic-identifier.d.ts'
npm warn tar TAR_ENTRY_ERROR ENOENT: no such file or directory, open 'C:\Users\xussn\Desktop\kurs\lms-project\node_modules\next\dist\server\app-render\make-get-server-inserted-html.d.ts'
npm warn tar TAR_ENTRY_ERROR ENOENT: no such file or directory, open 'C:\Users\xussn\Desktop\kurs\lms-project\node_modules\next\dist\server\route-matcher-providers\helpers\manifest-loaders\manifest-loader.d.ts'
npm warn tar TAR_ENTRY_ERROR ENOENT: no such file or directory, open 'C:\Users\xussn\Desktop\kurs\lms-project\node_modules\next\dist\shared\lib\turbopack\manifest-loader.d.ts'
npm warn tar TAR_ENTRY_ERROR ENOENT: no such file or directory, open 'C:\Users\xussn\Desktop\kurs\lms-project\node_modules\next\dist\server\route-matcher-providers\manifest-route-matcher-provider.d.ts'
npm warn tar TAR_ENTRY_ERROR ENOENT: no such file or directory, open 'C:\Users\xussn\Desktop\kurs\lms-project\node_modules\next\dist\lib\metadata\types\manifest-types.d.ts'
npm warn tar TAR_ENTRY_ERROR ENOENT: no such file or directory, open 'C:\Users\xussn\Desktop\kurs\lms-project\node_modules\next\dist\server\app-render\manifests-singleton.d.ts'
npm warn tar TAR_ENTRY_ERROR ENOENT: no such file or directory, open 'C:\Users\xussn\Desktop\kurs\lms-project\node_modules\next\dist\server\match-bundle.d.ts'
npm warn tar TAR_ENTRY_ERROR ENOENT: no such file or directory, open 'C:\Users\xussn\Desktop\kurs\lms-project\node_modules\next\dist\shared\lib\match-local-pattern.d.ts'
npm warn tar TAR_ENTRY_ERROR ENOENT: no such file or directory, open 'C:\Users\xussn\Desktop\kurs\lms-project\node_modules\next\dist\server\lib\match-next-data-pathname.d.ts'
npm warn tar TAR_ENTRY_ERROR ENOENT: no such file or directory, open 'C:\Users\xussn\Desktop\kurs\lms-project\node_modules\next\dist\shared\lib\match-remote-pattern.d.ts'
npm warn tar TAR_ENTRY_ERROR ENOENT: no such file or directory, open 'C:\Users\xussn\Desktop\kurs\lms-project\node_modules\next\dist\client\components\match-segments.d.ts'
npm warn tar TAR_ENTRY_ERROR ENOENT: no such file or directory, open 'C:\Users\xussn\Desktop\kurs\lms-project\node_modules\next\dist\shared\lib\mcp-error-types.d.ts'
npm warn tar TAR_ENTRY_ERROR ENOENT: no such file or directory, open 'C:\Users\xussn\Desktop\kurs\lms-project\node_modules\next\dist\shared\lib\mcp-page-metadata-types.d.ts'
npm warn tar TAR_ENTRY_ERROR ENOENT: no such file or directory, open 'C:\Users\xussn\Desktop\kurs\lms-project\node_modules\next\dist\server\mcp\mcp-telemetry-tracker.d.ts'
npm warn tar TAR_ENTRY_ERROR ENOENT: no such file or directory, open 'C:\Users\xussn\Desktop\kurs\lms-project\node_modules\next\dist\server\lib\incremental-cache\memory-cache.external.d.ts'
npm warn tar TAR_ENTRY_ERROR ENOENT: no such file or directory, open 'C:\Users\xussn\Desktop\kurs\lms-project\node_modules\next\dist\build\webpack\plugins\memory-with-gc-cache-plugin.d.ts'
npm warn tar TAR_ENTRY_ERROR ENOENT: no such file or directory, open 'C:\Users\xussn\Desktop\kurs\lms-project\node_modules\next\dist\build\webpack\config\blocks\css\messages.d.ts'
npm warn tar TAR_ENTRY_ERROR ENOENT: no such file or directory, open 'C:\Users\xussn\Desktop\kurs\lms-project\node_modules\next\dist\build\webpack\config\blocks\images\messages.d.ts'
npm warn tar TAR_ENTRY_ERROR ENOENT: no such file or directory, open 'C:\Users\xussn\Desktop\kurs\lms-project\node_modules\next\dist\server\dev\messages.d.ts'
npm warn tar TAR_ENTRY_ERROR ENOENT: no such file or directory, open 'C:\Users\xussn\Desktop\kurs\lms-project\node_modules\next\dist\lib\metadata\metadata-context.d.ts'
npm warn tar TAR_ENTRY_ERROR ENOENT: no such file or directory, open 'C:\Users\xussn\Desktop\kurs\lms-project\node_modules\next\dist\lib\metadata\types\metadata-interface.d.ts'
npm warn tar TAR_ENTRY_ERROR ENOENT: no such file or directory, open 'C:\Users\xussn\Desktop\kurs\lms-project\node_modules\next\dist\lib\metadata\types\metadata-types.d.ts'
npm warn tar TAR_ENTRY_ERROR ENOENT: no such file or directory, open 'C:\Users\xussn\Desktop\kurs\lms-project\node_modules\next\dist\lib\metadata\metadata.d.ts'
npm warn tar TAR_ENTRY_ERROR ENOENT: no such file or directory, open 'C:\Users\xussn\Desktop\kurs\lms-project\node_modules\next\dist\server\typescript\rules\metadata.d.ts'
npm warn tar TAR_ENTRY_ERROR ENOENT: no such file or directory, open 'C:\Users\xussn\Desktop\kurs\lms-project\node_modules\next\dist\build\segment-config\middleware\middleware-config.d.ts'
npm warn tar TAR_ENTRY_ERROR ENOENT: no such file or directory, open 'C:\Users\xussn\Desktop\kurs\lms-project\node_modules\next\dist\build\webpack\plugins\middleware-plugin.d.ts'
npm warn tar TAR_ENTRY_ERROR ENOENT: no such file or directory, open 'C:\Users\xussn\Desktop\kurs\lms-project\node_modules\next\dist\next-devtools\server\middleware-response.d.ts'
npm warn tar TAR_ENTRY_ERROR ENOENT: no such file or directory, open 'C:\Users\xussn\Desktop\kurs\lms-project\node_modules\next\dist\shared\lib\router\utils\middleware-route-matcher.d.ts'
npm warn tar TAR_ENTRY_ERROR ENOENT: no such file or directory, open 'C:\Users\xussn\Desktop\kurs\lms-project\node_modules\next\dist\experimental\testing\server\middleware-testing-utils.d.ts'
npm warn tar TAR_ENTRY_ERROR ENOENT: no such file or directory, open 'C:\Users\xussn\Desktop\kurs\lms-project\node_modules\next\dist\server\dev\middleware-turbopack.d.ts'
npm warn tar TAR_ENTRY_ERROR ENOENT: no such file or directory, open 'C:\Users\xussn\Desktop\kurs\lms-project\node_modules\next\dist\server\dev\middleware-webpack.d.ts'
npm warn tar TAR_ENTRY_ERROR ENOENT: no such file or directory, open 'C:\Users\xussn\Desktop\kurs\lms-project\node_modules\next\dist\build\templates\middleware.d.ts'
npm warn tar TAR_ENTRY_ERROR ENOENT: no such file or directory, open 'C:\Users\xussn\Desktop\kurs\lms-project\node_modules\next\dist\build\webpack\plugins\mini-css-extract-plugin.d.ts'
npm warn tar TAR_ENTRY_ERROR ENOENT: no such file or directory, open 'C:\Users\xussn\Desktop\kurs\lms-project\node_modules\next\dist\build\webpack\loaders\lightningcss-loader\src\minify.d.ts'
npm warn tar TAR_ENTRY_ERROR ENOENT: no such file or directory, open 'C:\Users\xussn\Desktop\kurs\lms-project\node_modules\next\dist\shared\lib\errors\missing-default-parallel-route-error.d.ts'
npm warn tar TAR_ENTRY_ERROR ENOENT: no such file or directory, open 'C:\Users\xussn\Desktop\kurs\lms-project\node_modules\next\dist\lib\typescript\missingDependencyError.d.ts'
npm warn tar TAR_ENTRY_ERROR ENOENT: no such file or directory, open 'C:\Users\xussn\Desktop\kurs\lms-project\node_modules\next\dist\shared\lib\mitt.d.ts'
npm warn tar TAR_ENTRY_ERROR ENOENT: no such file or directory, open 'C:\Users\xussn\Desktop\kurs\lms-project\node_modules\next\dist\server\lib\mock-request.d.ts'
npm warn tar TAR_ENTRY_ERROR ENOENT: no such file or directory, open 'C:\Users\xussn\Desktop\kurs\lms-project\node_modules\next\dist\esm\shared\lib\modern-browserslist-target.d.ts'
npm warn tar TAR_ENTRY_ERROR ENOENT: no such file or directory, open 'C:\Users\xussn\Desktop\kurs\lms-project\node_modules\next\dist\shared\lib\modern-browserslist-target.d.ts'
npm warn tar TAR_ENTRY_ERROR ENOENT: no such file or directory, open 'C:\Users\xussn\Desktop\kurs\lms-project\node_modules\next\dist\build\webpack\loaders\modularize-import-loader.d.ts'
npm warn tar TAR_ENTRY_ERROR ENOENT: no such file or directory, open 'C:\Users\xussn\Desktop\kurs\lms-project\node_modules\next\dist\server\lib\module-loader\module-loader.d.ts'
npm warn tar TAR_ENTRY_ERROR ENOENT: no such file or directory, open 'C:\Users\xussn\Desktop\kurs\lms-project\node_modules\next\dist\build\webpack\loaders\next-flight-loader\module-proxy.d.ts'
npm warn tar TAR_ENTRY_ERROR ENOENT: no such file or directory, open 'C:\Users\xussn\Desktop\kurs\lms-project\node_modules\next\dist\esm\server\route-modules\app-page\module.compiled.d.ts'
npm warn tar TAR_ENTRY_ERROR ENOENT: no such file or directory, open 'C:\Users\xussn\Desktop\kurs\lms-project\node_modules\next\dist\esm\server\route-modules\app-route\module.compiled.d.ts'
npm warn tar TAR_ENTRY_ERROR ENOENT: no such file or directory, open 'C:\Users\xussn\Desktop\kurs\lms-project\node_modules\next\dist\esm\server\route-modules\pages-api\module.compiled.d.ts'
npm warn tar TAR_ENTRY_ERROR ENOENT: no such file or directory, open 'C:\Users\xussn\Desktop\kurs\lms-project\node_modules\next\dist\esm\server\route-modules\pages\module.compiled.d.ts'
npm warn tar TAR_ENTRY_ERROR ENOENT: no such file or directory, open 'C:\Users\xussn\Desktop\kurs\lms-project\node_modules\next\dist\server\route-modules\app-page\module.compiled.d.ts'
npm warn tar TAR_ENTRY_ERROR ENOENT: no such file or directory, open 'C:\Users\xussn\Desktop\kurs\lms-project\node_modules\next\dist\server\route-modules\app-route\module.compiled.d.ts'
npm warn tar TAR_ENTRY_ERROR ENOENT: no such file or directory, open 'C:\Users\xussn\Desktop\kurs\lms-project\node_modules\next\dist\server\route-modules\pages-api\module.compiled.d.ts'
npm warn tar TAR_ENTRY_ERROR ENOENT: no such file or directory, open 'C:\Users\xussn\Desktop\kurs\lms-project\node_modules\next\dist\server\route-modules\pages\module.compiled.d.ts'
npm warn tar TAR_ENTRY_ERROR ENOENT: no such file or directory, open 'C:\Users\xussn\Desktop\kurs\lms-project\node_modules\next\dist\server\route-modules\app-page\module.d.ts'
npm warn tar TAR_ENTRY_ERROR ENOENT: no such file or directory, open 'C:\Users\xussn\Desktop\kurs\lms-project\node_modules\next\dist\server\route-modules\app-route\module.d.ts'
npm warn tar TAR_ENTRY_ERROR ENOENT: no such file or directory, open 'C:\Users\xussn\Desktop\kurs\lms-project\node_modules\next\dist\server\route-modules\pages-api\module.d.ts'
npm warn tar TAR_ENTRY_ERROR ENOENT: no such file or directory, open 'C:\Users\xussn\Desktop\kurs\lms-project\node_modules\next\dist\server\route-modules\pages\module.d.ts'
npm warn tar TAR_ENTRY_ERROR ENOENT: no such file or directory, open 'C:\Users\xussn\Desktop\kurs\lms-project\node_modules\next\dist\server\route-modules\app-page\module.render.d.ts'
npm warn tar TAR_ENTRY_ERROR ENOENT: no such file or directory, open 'C:\Users\xussn\Desktop\kurs\lms-project\node_modules\next\dist\server\route-modules\pages\module.render.d.ts'
npm warn tar TAR_ENTRY_ERROR ENOENT: no such file or directory, open 'C:\Users\xussn\Desktop\kurs\lms-project\node_modules\next\dist\build\webpack\config\blocks\css\loaders\modules.d.ts'
npm warn tar TAR_ENTRY_ERROR ENOENT: no such file or directory, open 'C:\Users\xussn\Desktop\kurs\lms-project\node_modules\next\dist\experimental\testmode\playwright\msw.d.ts'
npm warn tar TAR_ENTRY_ERROR ENOENT: no such file or directory, open 'C:\Users\xussn\Desktop\kurs\lms-project\node_modules\next\experimental\testmode\playwright\msw.d.ts'
npm warn tar TAR_ENTRY_ERROR ENOENT: no such file or directory, open 'C:\Users\xussn\Desktop\kurs\lms-project\node_modules\next\dist\client\components\nav-failure-handler.d.ts'
npm warn tar TAR_ENTRY_ERROR ENOENT: no such file or directory, open 'C:\Users\xussn\Desktop\kurs\lms-project\node_modules\next\dist\client\components\router-reducer\reducers\navigate-reducer.d.ts'
npm warn tar TAR_ENTRY_ERROR ENOENT: no such file or directory, open 'C:\Users\xussn\Desktop\kurs\lms-project\node_modules\next\dist\client\navigation-build-id.d.ts'
npm warn tar TAR_ENTRY_ERROR ENOENT: no such file or directory, open 'C:\Users\xussn\Desktop\kurs\lms-project\node_modules\next\dist\client\components\navigation-devtools.d.ts'
npm warn tar TAR_ENTRY_ERROR ENOENT: no such file or directory, open 'C:\Users\xussn\Desktop\kurs\lms-project\node_modules\next\dist\client\components\segment-cache\navigation-testing-lock.d.ts'
npm warn tar TAR_ENTRY_ERROR ENOENT: no such file or directory, open 'C:\Users\xussn\Desktop\kurs\lms-project\node_modules\next\dist\client\components\navigation-untracked.d.ts'
npm warn tar TAR_ENTRY_ERROR ENOENT: no such file or directory, open 'C:\Users\xussn\Desktop\kurs\lms-project\node_modules\next\dist\api\navigation.d.ts'
npm warn tar TAR_ENTRY_ERROR ENOENT: no such file or directory, open 'C:\Users\xussn\Desktop\kurs\lms-project\node_modules\next\dist\client\components\navigation.d.ts'
npm warn tar TAR_ENTRY_ERROR ENOENT: no such file or directory, open 'C:\Users\xussn\Desktop\kurs\lms-project\node_modules\next\dist\client\components\segment-cache\navigation.d.ts'
npm warn tar TAR_ENTRY_ERROR ENOENT: no such file or directory, open 'C:\Users\xussn\Desktop\kurs\lms-project\node_modules\next\dist\api\navigation.react-server.d.ts'
npm warn tar TAR_ENTRY_ERROR ENOENT: no such file or directory, open 'C:\Users\xussn\Desktop\kurs\lms-project\node_modules\next\dist\client\components\navigation.react-server.d.ts'
npm warn tar TAR_ENTRY_ERROR ENOENT: no such file or directory, open 'C:\Users\xussn\Desktop\kurs\lms-project\node_modules\next\dist\cli\next-analyze.d.ts'
npm warn tar TAR_ENTRY_ERROR ENOENT: no such file or directory, open 'C:\Users\xussn\Desktop\kurs\lms-project\node_modules\next\dist\build\webpack\loaders\next-barrel-loader.d.ts'
npm warn tar TAR_ENTRY_ERROR ENOENT: no such file or directory, open 'C:\Users\xussn\Desktop\kurs\lms-project\node_modules\next\dist\cli\next-build.d.ts'
npm warn tar TAR_ENTRY_ERROR ENOENT: no such file or directory, open 'C:\Users\xussn\Desktop\kurs\lms-project\node_modules\next\dist\build\webpack\loaders\next-client-pages-loader.d.ts'
npm warn tar TAR_ENTRY_ERROR ENOENT: no such file or directory, open 'C:\Users\xussn\Desktop\kurs\lms-project\node_modules\next\dist\server\normalizers\request\next-data.d.ts'
npm warn tar TAR_ENTRY_ERROR ENOENT: no such file or directory, open 'C:\Users\xussn\Desktop\kurs\lms-project\node_modules\next\dist\server\dev\next-dev-server.d.ts'
npm warn tar TAR_ENTRY_ERROR ENOENT: no such file or directory, open 'C:\Users\xussn\Desktop\kurs\lms-project\node_modules\next\dist\client\next-dev-turbopack.d.ts'
npm warn tar TAR_ENTRY_ERROR ENOENT: no such file or directory, open 'C:\Users\xussn\Desktop\kurs\lms-project\node_modules\next\dist\cli\next-dev.d.ts'
npm warn tar TAR_ENTRY_ERROR ENOENT: no such file or directory, open 'C:\Users\xussn\Desktop\kurs\lms-project\node_modules\next\dist\client\next-dev.d.ts'
npm warn tar TAR_ENTRY_ERROR ENOENT: no such file or directory, open 'C:\Users\xussn\Desktop\kurs\lms-project\node_modules\next\dist\build\next-dir-paths.d.ts'
npm warn tar TAR_ENTRY_ERROR ENOENT: no such file or directory, open 'C:\Users\xussn\Desktop\kurs\lms-project\node_modules\next\dist\build\webpack\loaders\next-edge-function-loader.d.ts'
npm warn tar TAR_ENTRY_ERROR ENOENT: no such file or directory, open 'C:\Users\xussn\Desktop\kurs\lms-project\node_modules\next\dist\build\webpack\loaders\next-error-browser-binary-loader.d.ts'
npm warn tar TAR_ENTRY_ERROR ENOENT: no such file or directory, open 'C:\Users\xussn\Desktop\kurs\lms-project\node_modules\next\dist\cli\next-export.d.ts'
npm warn tar TAR_ENTRY_ERROR ENOENT: no such file or directory, open 'C:\Users\xussn\Desktop\kurs\lms-project\node_modules\next\dist\experimental\testmode\playwright\next-fixture.d.ts'
npm warn tar TAR_ENTRY_ERROR ENOENT: no such file or directory, open 'C:\Users\xussn\Desktop\kurs\lms-project\node_modules\next\dist\build\webpack\loaders\next-flight-action-entry-loader.d.ts'
npm warn tar TAR_ENTRY_ERROR ENOENT: no such file or directory, open 'C:\Users\xussn\Desktop\kurs\lms-project\node_modules\next\dist\build\webpack\loaders\next-flight-client-entry-loader.d.ts'
npm warn tar TAR_ENTRY_ERROR ENOENT: no such file or directory, open 'C:\Users\xussn\Desktop\kurs\lms-project\node_modules\next\dist\build\webpack\loaders\next-flight-client-module-loader.d.ts'
npm warn tar TAR_ENTRY_ERROR ENOENT: no such file or directory, open 'C:\Users\xussn\Desktop\kurs\lms-project\node_modules\next\dist\build\webpack\loaders\next-flight-css-loader.d.ts'
npm warn tar TAR_ENTRY_ERROR ENOENT: no such file or directory, open 'C:\Users\xussn\Desktop\kurs\lms-project\node_modules\next\dist\build\webpack\loaders\next-flight-server-reference-proxy-loader.d.ts'
npm warn tar TAR_ENTRY_ERROR ENOENT: no such file or directory, open 'C:\Users\xussn\Desktop\kurs\lms-project\node_modules\next\dist\compiled\@next\font\dist\next-font-error.d.ts'
npm warn tar TAR_ENTRY_ERROR ENOENT: no such file or directory, open 'C:\Users\xussn\Desktop\kurs\lms-project\node_modules\next\dist\build\webpack\plugins\next-font-manifest-plugin.d.ts'
npm warn tar TAR_ENTRY_ERROR ENOENT: no such file or directory, open 'C:\Users\xussn\Desktop\kurs\lms-project\node_modules\next\dist\build\babel\plugins\next-font-unsupported.d.ts'
npm warn tar TAR_ENTRY_ERROR ENOENT: no such file or directory, open 'C:\Users\xussn\Desktop\kurs\lms-project\node_modules\next\dist\build\webpack\config\blocks\css\loaders\next-font.d.ts'
npm warn tar TAR_ENTRY_ERROR ENOENT: no such file or directory, open 'C:\Users\xussn\Desktop\kurs\lms-project\node_modules\next\dist\cli\next-info.d.ts'
npm warn tar TAR_ENTRY_ERROR ENOENT: no such file or directory, open 'C:\Users\xussn\Desktop\kurs\lms-project\node_modules\next\dist\server\mcp\tools\next-instance-error-state.d.ts'
npm warn tar TAR_ENTRY_ERROR ENOENT: no such file or directory, open 'C:\Users\xussn\Desktop\kurs\lms-project\node_modules\next\dist\build\webpack\loaders\next-invalid-import-error-loader.d.ts'
npm warn tar TAR_ENTRY_ERROR ENOENT: no such file or directory, lstat 'C:\Users\xussn\Desktop\kurs\lms-project\node_modules\next\dist\next-devtools\dev-overlay'
npm warn tar TAR_ENTRY_ERROR ENOENT: no such file or directory, open 'C:\Users\xussn\Desktop\kurs\lms-project\node_modules\next\dist\build\webpack\loaders\next-metadata-image-loader.d.ts'
npm warn tar TAR_ENTRY_ERROR ENOENT: no such file or directory, open 'C:\Users\xussn\Desktop\kurs\lms-project\node_modules\next\dist\build\webpack\loaders\next-metadata-route-loader.d.ts'
npm warn tar TAR_ENTRY_ERROR ENOENT: no such file or directory, open 'C:\Users\xussn\Desktop\kurs\lms-project\node_modules\next\dist\build\webpack\loaders\next-middleware-asset-loader.d.ts'
npm warn tar TAR_ENTRY_ERROR ENOENT: no such file or directory, open 'C:\Users\xussn\Desktop\kurs\lms-project\node_modules\next\dist\build\webpack\loaders\next-middleware-loader.d.ts'
npm warn tar TAR_ENTRY_ERROR ENOENT: no such file or directory, open 'C:\Users\xussn\Desktop\kurs\lms-project\node_modules\next\dist\build\webpack\loaders\next-middleware-wasm-loader.d.ts'
npm warn tar TAR_ENTRY_ERROR ENOENT: no such file or directory, open 'C:\Users\xussn\Desktop\kurs\lms-project\node_modules\next\dist\experimental\testmode\playwright\next-options.d.ts'
npm warn tar TAR_ENTRY_ERROR ENOENT: no such file or directory, open 'C:\Users\xussn\Desktop\kurs\lms-project\node_modules\next\dist\build\babel\plugins\next-page-config.d.ts'
npm warn tar TAR_ENTRY_ERROR ENOENT: no such file or directory, open 'C:\Users\xussn\Desktop\kurs\lms-project\node_modules\next\dist\build\babel\plugins\next-page-disallow-re-export-all-exports.d.ts'
npm warn tar TAR_ENTRY_ERROR ENOENT: no such file or directory, open 'C:\Users\xussn\Desktop\kurs\lms-project\node_modules\next\dist\server\web\spec-extension\adapters\next-request.d.ts'
npm warn tar TAR_ENTRY_ERROR ENOENT: no such file or directory, open 'C:\Users\xussn\Desktop\kurs\lms-project\node_modules\next\dist\build\webpack\loaders\next-root-params-loader.d.ts'
npm warn tar TAR_ENTRY_ERROR ENOENT: no such file or directory, open 'C:\Users\xussn\Desktop\kurs\lms-project\node_modules\next\dist\server\next-server.d.ts'
npm warn tar TAR_ENTRY_ERROR ENOENT: no such file or directory, open 'C:\Users\xussn\Desktop\kurs\lms-project\node_modules\next\dist\build\babel\plugins\next-ssg-transform.d.ts'
npm warn tar TAR_ENTRY_ERROR ENOENT: no such file or directory, open 'C:\Users\xussn\Desktop\kurs\lms-project\node_modules\next\dist\cli\next-start.d.ts'
npm warn tar TAR_ENTRY_ERROR ENOENT: no such file or directory, open 'C:\Users\xussn\Desktop\kurs\lms-project\node_modules\next\dist\build\webpack\loaders\next-swc-loader.d.ts'
npm warn tar TAR_ENTRY_ERROR ENOENT: no such file or directory, open 'C:\Users\xussn\Desktop\kurs\lms-project\node_modules\next\dist\cli\next-telemetry.d.ts'
npm warn tar TAR_ENTRY_ERROR ENOENT: no such file or directory, open 'C:\Users\xussn\Desktop\kurs\lms-project\node_modules\next\dist\cli\next-test.d.ts'
npm warn tar TAR_ENTRY_ERROR ENOENT: no such file or directory, open 'C:\Users\xussn\Desktop\kurs\lms-project\node_modules\next\dist\build\webpack\plugins\next-trace-entrypoints-plugin.d.ts'
npm warn tar TAR_ENTRY_ERROR ENOENT: no such file or directory, open 'C:\Users\xussn\Desktop\kurs\lms-project\node_modules\next\dist\client\next-turbopack.d.ts'
npm warn tar TAR_ENTRY_ERROR ENOENT: no such file or directory, open 'C:\Users\xussn\Desktop\kurs\lms-project\node_modules\next\dist\cli\next-typegen.d.ts'
npm warn tar TAR_ENTRY_ERROR ENOENT: no such file or directory, open 'C:\Users\xussn\Desktop\kurs\lms-project\node_modules\next\dist\server\next-typescript.d.ts'
npm warn tar TAR_ENTRY_ERROR ENOENT: no such file or directory, open 'C:\Users\xussn\Desktop\kurs\lms-project\node_modules\next\dist\cli\next-upgrade.d.ts'
npm warn tar TAR_ENTRY_ERROR ENOENT: no such file or directory, open 'C:\Users\xussn\Desktop\kurs\lms-project\node_modules\next\dist\server\web\next-url.d.ts'
npm warn tar TAR_ENTRY_ERROR ENOENT: no such file or directory, open 'C:\Users\xussn\Desktop\kurs\lms-project\node_modules\next\dist\experimental\testmode\playwright\next-worker-fixture.d.ts'
npm warn tar TAR_ENTRY_ERROR ENOENT: no such file or directory, open 'C:\Users\xussn\Desktop\kurs\lms-project\node_modules\next\dist\bin\next.d.ts'
npm warn tar TAR_ENTRY_ERROR ENOENT: no such file or directory, open 'C:\Users\xussn\Desktop\kurs\lms-project\node_modules\next\dist\client\next.d.ts'
npm warn tar TAR_ENTRY_ERROR ENOENT: no such file or directory, open 'C:\Users\xussn\Desktop\kurs\lms-project\node_modules\next\dist\server\next.d.ts'
npm warn tar TAR_ENTRY_ERROR ENOENT: no such file or directory, open 'C:\Users\xussn\Desktop\kurs\lms-project\node_modules\next\dist\build\jest\__mocks__\nextFontMock.d.ts'
npm warn tar TAR_ENTRY_ERROR ENOENT: no such file or directory, open 'C:\Users\xussn\Desktop\kurs\lms-project\node_modules\next\dist\build\webpack\plugins\nextjs-require-cache-hot-reloader.d.ts'
npm warn tar TAR_ENTRY_ERROR ENOENT: no such file or directory, open 'C:\Users\xussn\Desktop\kurs\lms-project\node_modules\next\dist\shared\lib\no-fallback-error.external.d.ts'
npm warn tar TAR_ENTRY_ERROR ENOENT: no such file or directory, open 'C:\Users\xussn\Desktop\kurs\lms-project\node_modules\next\dist\server\node-environment-extensions\node-crypto.d.ts'
npm warn tar TAR_ENTRY_ERROR ENOENT: no such file or directory, open 'C:\Users\xussn\Desktop\kurs\lms-project\node_modules\next\dist\server\node-environment-baseline.d.ts'
npm warn tar TAR_ENTRY_ERROR ENOENT: no such file or directory, open 'C:\Users\xussn\Desktop\kurs\lms-project\node_modules\next\dist\server\node-environment.d.ts'
npm warn tar TAR_ENTRY_ERROR ENOENT: no such file or directory, open 'C:\Users\xussn\Desktop\kurs\lms-project\node_modules\next\dist\server\lib\node-fs-methods.d.ts'
npm warn tar TAR_ENTRY_ERROR ENOENT: no such file or directory, open 'C:\Users\xussn\Desktop\kurs\lms-project\node_modules\next\dist\server\route-matcher-providers\helpers\manifest-loaders\node-manifest-loader.d.ts'
npm warn tar TAR_ENTRY_ERROR ENOENT: no such file or directory, open 'C:\Users\xussn\Desktop\kurs\lms-project\node_modules\next\dist\server\lib\module-loader\node-module-loader.d.ts'
npm warn tar TAR_ENTRY_ERROR ENOENT: no such file or directory, open 'C:\Users\xussn\Desktop\kurs\lms-project\node_modules\next\dist\server\node-polyfill-crypto.d.ts'
npm warn tar TAR_ENTRY_ERROR ENOENT: no such file or directory, open 'C:\Users\xussn\Desktop\kurs\lms-project\node_modules\next\dist\server\dev\node-stack-frames.d.ts'
npm warn tar TAR_ENTRY_ERROR ENOENT: no such file or directory, open 'C:\Users\xussn\Desktop\kurs\lms-project\node_modules\next\dist\server\stream-utils\node-web-streams-helper.d.ts'
npm warn tar TAR_ENTRY_ERROR ENOENT: no such file or directory, open 'C:\Users\xussn\Desktop\kurs\lms-project\node_modules\next\dist\server\base-http\node.d.ts'
npm warn tar TAR_ENTRY_ERROR ENOENT: no such file or directory, lstat 'C:\Users\xussn\Desktop\kurs\lms-project\node_modules\next\dist\next-devtools\dev-overlay'
npm warn tar TAR_ENTRY_ERROR ENOENT: no such file or directory, open 'C:\Users\xussn\Desktop\kurs\lms-project\node_modules\next\dist\client\components\noop-head.d.ts'
npm warn tar TAR_ENTRY_ERROR ENOENT: no such file or directory, open 'C:\Users\xussn\Desktop\kurs\lms-project\node_modules\next\dist\client\dev\noop-turbopack-hmr.d.ts'
npm warn tar TAR_ENTRY_ERROR ENOENT: no such file or directory, open 'C:\Users\xussn\Desktop\kurs\lms-project\node_modules\next\dist\build\normalize-catchall-routes.d.ts'
npm warn tar TAR_ENTRY_ERROR ENOENT: no such file or directory, open 'C:\Users\xussn\Desktop\kurs\lms-project\node_modules\next\dist\shared\lib\page-path\normalize-data-path.d.ts'
npm warn tar TAR_ENTRY_ERROR ENOENT: no such file or directory, open 'C:\Users\xussn\Desktop\kurs\lms-project\node_modules\next\dist\client\normalize-locale-path.d.ts'
npm warn tar TAR_ENTRY_ERROR ENOENT: no such file or directory, open 'C:\Users\xussn\Desktop\kurs\lms-project\node_modules\next\dist\shared\lib\i18n\normalize-locale-path.d.ts'
npm warn tar TAR_ENTRY_ERROR ENOENT: no such file or directory, open 'C:\Users\xussn\Desktop\kurs\lms-project\node_modules\next\dist\shared\lib\page-path\normalize-page-path.d.ts'
npm warn tar TAR_ENTRY_ERROR ENOENT: no such file or directory, open 'C:\Users\xussn\Desktop\kurs\lms-project\node_modules\next\dist\shared\lib\page-path\normalize-path-sep.d.ts'
npm warn tar TAR_ENTRY_ERROR ENOENT: no such file or directory, open 'C:\Users\xussn\Desktop\kurs\lms-project\node_modules\next\dist\server\route-modules\app-page\normalize-request-url.d.ts'
npm warn tar TAR_ENTRY_ERROR ENOENT: no such file or directory, open 'C:\Users\xussn\Desktop\kurs\lms-project\node_modules\next\dist\client\normalize-trailing-slash.d.ts'
npm warn tar TAR_ENTRY_ERROR ENOENT: no such file or directory, open 'C:\Users\xussn\Desktop\kurs\lms-project\node_modules\next\dist\shared\lib\normalized-asset-prefix.d.ts'
npm warn tar TAR_ENTRY_ERROR ENOENT: no such file or directory, open 'C:\Users\xussn\Desktop\kurs\lms-project\node_modules\next\dist\server\normalizers\normalizer.d.ts'
npm warn tar TAR_ENTRY_ERROR ENOENT: no such file or directory, open 'C:\Users\xussn\Desktop\kurs\lms-project\node_modules\next\dist\server\normalizers\normalizers.d.ts'
npm warn tar TAR_ENTRY_ERROR ENOENT: no such file or directory, open 'C:\Users\xussn\Desktop\kurs\lms-project\node_modules\next\dist\client\components\builtin\not-found.d.ts'
npm warn tar TAR_ENTRY_ERROR ENOENT: no such file or directory, open 'C:\Users\xussn\Desktop\kurs\lms-project\node_modules\next\dist\client\components\not-found.d.ts'
npm warn tar TAR_ENTRY_ERROR ENOENT: no such file or directory, open 'C:\Users\xussn\Desktop\kurs\lms-project\node_modules\next\dist\build\polyfills\object-assign.d.ts'
npm warn tar TAR_ENTRY_ERROR ENOENT: no such file or directory, open 'C:\Users\xussn\Desktop\kurs\lms-project\node_modules\next\dist\build\jest\object-proxy.d.ts'
npm warn tar TAR_ENTRY_ERROR ENOENT: no such file or directory, open 'C:\Users\xussn\Desktop\kurs\lms-project\node_modules\next\dist\api\og.d.ts'
npm warn tar TAR_ENTRY_ERROR ENOENT: no such file or directory, open 'C:\Users\xussn\Desktop\kurs\lms-project\node_modules\next\dist\shared\lib\router\utils\omit.d.ts'
npm warn tar TAR_ENTRY_ERROR ENOENT: no such file or directory, open 'C:\Users\xussn\Desktop\kurs\lms-project\node_modules\next\dist\client\dev\on-demand-entries-client.d.ts'
npm warn tar TAR_ENTRY_ERROR ENOENT: no such file or directory, open 'C:\Users\xussn\Desktop\kurs\lms-project\node_modules\next\dist\server\dev\on-demand-entry-handler.d.ts'
npm warn tar TAR_ENTRY_ERROR ENOENT: no such file or directory, open 'C:\Users\xussn\Desktop\kurs\lms-project\node_modules\next\dist\client\react-client-callbacks\on-recoverable-error.d.ts'
npm warn tar TAR_ENTRY_ERROR ENOENT: no such file or directory, open 'C:\Users\xussn\Desktop\kurs\lms-project\node_modules\next\dist\lib\metadata\types\opengraph-types.d.ts'
npm warn tar TAR_ENTRY_ERROR ENOENT: no such file or directory, open 'C:\Users\xussn\Desktop\kurs\lms-project\node_modules\next\dist\client\components\segment-cache\optimistic-routes.d.ts'
npm warn tar TAR_ENTRY_ERROR ENOENT: no such file or directory, open 'C:\Users\xussn\Desktop\kurs\lms-project\node_modules\next\dist\build\babel\plugins\optimize-hook-destructuring.d.ts'
npm warn tar TAR_ENTRY_ERROR ENOENT: no such file or directory, open 'C:\Users\xussn\Desktop\kurs\lms-project\node_modules\next\dist\build\webpack\plugins\optional-peer-dependency-resolve-plugin.d.ts'
npm warn tar TAR_ENTRY_ERROR ENOENT: no such file or directory, open 'C:\Users\xussn\Desktop\kurs\lms-project\node_modules\next\dist\build\swc\options.d.ts'
npm warn tar TAR_ENTRY_ERROR ENOENT: no such file or directory, lstat 'C:\Users\xussn\Desktop\kurs\lms-project\node_modules\next\dist\next-devtools\dev-overlay'
npm warn tar TAR_ENTRY_ERROR ENOENT: no such file or directory, lstat 'C:\Users\xussn\Desktop\kurs\lms-project\node_modules\next\dist\next-devtools\dev-overlay'
npm warn tar TAR_ENTRY_ERROR ENOENT: no such file or directory, lstat 'C:\Users\xussn\Desktop\kurs\lms-project\node_modules\next\dist\next-devtools\dev-overlay'
npm warn tar TAR_ENTRY_ERROR ENOENT: no such file or directory, open 'C:\Users\xussn\Desktop\kurs\lms-project\node_modules\next\dist\client\page-bootstrap.d.ts'
npm warn tar TAR_ENTRY_ERROR ENOENT: no such file or directory, open 'C:\Users\xussn\Desktop\kurs\lms-project\node_modules\next\dist\build\page-extensions-type.d.ts'
npm warn tar TAR_ENTRY_ERROR ENOENT: no such file or directory, open 'C:\Users\xussn\Desktop\kurs\lms-project\node_modules\next\dist\client\page-loader.d.ts'
npm warn tar TAR_ENTRY_ERROR ENOENT: no such file or directory, open 'C:\Users\xussn\Desktop\kurs\lms-project\node_modules\next\dist\experimental\testmode\playwright\page-route.d.ts'
npm warn tar TAR_ENTRY_ERROR ENOENT: no such file or directory, open 'C:\Users\xussn\Desktop\kurs\lms-project\node_modules\next\dist\server\route-definitions\pages-api-route-definition.d.ts'
npm warn tar TAR_ENTRY_ERROR ENOENT: no such file or directory, open 'C:\Users\xussn\Desktop\kurs\lms-project\node_modules\next\dist\server\route-matches\pages-api-route-match.d.ts'
npm warn tar TAR_ENTRY_ERROR ENOENT: no such file or directory, open 'C:\Users\xussn\Desktop\kurs\lms-project\node_modules\next\dist\server\route-matcher-providers\pages-api-route-matcher-provider.d.ts'
npm warn tar TAR_ENTRY_ERROR ENOENT: no such file or directory, open 'C:\Users\xussn\Desktop\kurs\lms-project\node_modules\next\dist\server\route-matchers\pages-api-route-matcher.d.ts'
npm warn tar TAR_ENTRY_ERROR ENOENT: no such file or directory, open 'C:\Users\xussn\Desktop\kurs\lms-project\node_modules\next\dist\build\templates\pages-api.d.ts'
npm warn tar TAR_ENTRY_ERROR ENOENT: no such file or directory, open 'C:\Users\xussn\Desktop\kurs\lms-project\node_modules\next\dist\server\normalizers\built\pages\pages-bundle-path-normalizer.d.ts'
npm warn tar TAR_ENTRY_ERROR ENOENT: no such file or directory, open 'C:\Users\xussn\Desktop\kurs\lms-project\node_modules\next\dist\next-devtools\userspace\pages\pages-dev-overlay-error-boundary.d.ts'
npm warn tar TAR_ENTRY_ERROR ENOENT: no such file or directory, open 'C:\Users\xussn\Desktop\kurs\lms-project\node_modules\next\dist\next-devtools\userspace\pages\pages-dev-overlay-setup.d.ts'
npm warn tar TAR_ENTRY_ERROR ENOENT: no such file or directory, open 'C:\Users\xussn\Desktop\kurs\lms-project\node_modules\next\dist\build\templates\pages-edge-api.d.ts'
npm warn tar TAR_ENTRY_ERROR ENOENT: no such file or directory, open 'C:\Users\xussn\Desktop\kurs\lms-project\node_modules\next\dist\server\normalizers\built\pages\pages-filename-normalizer.d.ts'
npm warn tar TAR_ENTRY_ERROR ENOENT: no such file or directory, open 'C:\Users\xussn\Desktop\kurs\lms-project\node_modules\next\dist\server\route-modules\pages\pages-handler.d.ts'
npm warn tar TAR_ENTRY_ERROR ENOENT: no such file or directory, open 'C:\Users\xussn\Desktop\kurs\lms-project\node_modules\next\dist\build\webpack\plugins\pages-manifest-plugin.d.ts'
npm warn tar TAR_ENTRY_ERROR ENOENT: no such file or directory, open 'C:\Users\xussn\Desktop\kurs\lms-project\node_modules\next\dist\server\normalizers\built\pages\pages-page-normalizer.d.ts'
npm warn tar TAR_ENTRY_ERROR ENOENT: no such file or directory, open 'C:\Users\xussn\Desktop\kurs\lms-project\node_modules\next\dist\server\normalizers\built\pages\pages-pathname-normalizer.d.ts'
npm warn tar TAR_ENTRY_ERROR ENOENT: no such file or directory, open 'C:\Users\xussn\Desktop\kurs\lms-project\node_modules\next\dist\server\route-definitions\pages-route-definition.d.ts'
npm warn tar TAR_ENTRY_ERROR ENOENT: no such file or directory, open 'C:\Users\xussn\Desktop\kurs\lms-project\node_modules\next\dist\server\route-matches\pages-route-match.d.ts'
npm warn tar TAR_ENTRY_ERROR ENOENT: no such file or directory, open 'C:\Users\xussn\Desktop\kurs\lms-project\node_modules\next\dist\server\route-matcher-providers\pages-route-matcher-provider.d.ts'
npm warn tar TAR_ENTRY_ERROR ENOENT: no such file or directory, open 'C:\Users\xussn\Desktop\kurs\lms-project\node_modules\next\dist\server\route-matchers\pages-route-matcher.d.ts'
npm warn tar TAR_ENTRY_ERROR ENOENT: no such file or directory, open 'C:\Users\xussn\Desktop\kurs\lms-project\node_modules\next\dist\build\segment-config\pages\pages-segment-config.d.ts'
npm warn tar TAR_ENTRY_ERROR ENOENT: no such file or directory, open 'C:\Users\xussn\Desktop\kurs\lms-project\node_modules\next\dist\build\static-paths\pages.d.ts'
npm warn tar TAR_ENTRY_ERROR ENOENT: no such file or directory, open 'C:\Users\xussn\Desktop\kurs\lms-project\node_modules\next\dist\build\templates\pages.d.ts'
npm warn tar TAR_ENTRY_ERROR ENOENT: no such file or directory, open 'C:\Users\xussn\Desktop\kurs\lms-project\node_modules\next\dist\export\routes\pages.d.ts'
npm warn tar TAR_ENTRY_ERROR ENOENT: no such file or directory, lstat 'C:\Users\xussn\Desktop\kurs\lms-project\node_modules\next\dist\next-devtools\dev-overlay'
npm warn tar TAR_ENTRY_ERROR ENOENT: no such file or directory, open 'C:\Users\xussn\Desktop\kurs\lms-project\node_modules\next\dist\client\request\params.browser.d.ts'
npm warn tar TAR_ENTRY_ERROR ENOENT: no such file or directory, open 'C:\Users\xussn\Desktop\kurs\lms-project\node_modules\next\dist\client\request\params.browser.dev.d.ts'
npm warn tar TAR_ENTRY_ERROR ENOENT: no such file or directory, open 'C:\Users\xussn\Desktop\kurs\lms-project\node_modules\next\dist\client\request\params.browser.prod.d.ts'
npm warn tar TAR_ENTRY_ERROR ENOENT: no such file or directory, open 'C:\Users\xussn\Desktop\kurs\lms-project\node_modules\next\dist\server\request\params.d.ts'
npm warn tar TAR_ENTRY_ERROR ENOENT: no such file or directory, open 'C:\Users\xussn\Desktop\kurs\lms-project\node_modules\next\dist\server\app-render\parse-and-validate-flight-router-state.d.ts'
npm warn tar TAR_ENTRY_ERROR ENOENT: no such file or directory, open 'C:\Users\xussn\Desktop\kurs\lms-project\node_modules\next\dist\server\api-utils\node\parse-body.d.ts'
npm warn tar TAR_ENTRY_ERROR ENOENT: no such file or directory, lstat 'C:\Users\xussn\Desktop\kurs\lms-project\node_modules\next\dist\next-devtools\dev-overlay'
npm warn tar TAR_ENTRY_ERROR ENOENT: no such file or directory, open 'C:\Users\xussn\Desktop\kurs\lms-project\node_modules\next\dist\build\webpack\plugins\wellknown-errors-plugin\parse-dynamic-code-evaluation-error.d.ts'
npm warn tar TAR_ENTRY_ERROR ENOENT: no such file or directory, open 'C:\Users\xussn\Desktop\kurs\lms-project\node_modules\next\dist\shared\lib\router\utils\parse-loader-tree.d.ts'
npm warn tar TAR_ENTRY_ERROR ENOENT: no such file or directory, open 'C:\Users\xussn\Desktop\kurs\lms-project\node_modules\next\dist\build\analysis\parse-module.d.ts'
npm warn tar TAR_ENTRY_ERROR ENOENT: no such file or directory, open 'C:\Users\xussn\Desktop\kurs\lms-project\node_modules\next\dist\shared\lib\router\utils\parse-path.d.ts'
npm warn tar TAR_ENTRY_ERROR ENOENT: no such file or directory, open 'C:\Users\xussn\Desktop\kurs\lms-project\node_modules\next\dist\shared\lib\router\utils\parse-relative-url.d.ts'
npm warn tar TAR_ENTRY_ERROR ENOENT: no such file or directory, open 'C:\Users\xussn\Desktop\kurs\lms-project\node_modules\next\dist\server\lib\parse-stack.d.ts'
npm warn tar TAR_ENTRY_ERROR ENOENT: no such file or directory, lstat 'C:\Users\xussn\Desktop\kurs\lms-project\node_modules\next\dist\next-devtools\dev-overlay'
npm warn tar TAR_ENTRY_ERROR ENOENT: no such file or directory, open 'C:\Users\xussn\Desktop\kurs\lms-project\node_modules\next\dist\shared\lib\router\utils\parse-url.d.ts'
npm warn tar TAR_ENTRY_ERROR ENOENT: no such file or directory, open 'C:\Users\xussn\Desktop\kurs\lms-project\node_modules\next\dist\server\dev\parse-version-info.d.ts'
npm warn tar TAR_ENTRY_ERROR ENOENT: no such file or directory, open 'C:\Users\xussn\Desktop\kurs\lms-project\node_modules\next\dist\build\webpack\plugins\wellknown-errors-plugin\parseBabel.d.ts'
npm warn tar TAR_ENTRY_ERROR ENOENT: no such file or directory, open 'C:\Users\xussn\Desktop\kurs\lms-project\node_modules\next\dist\build\webpack\plugins\wellknown-errors-plugin\parseCss.d.ts'
npm warn tar TAR_ENTRY_ERROR ENOENT: no such file or directory, open 'C:\Users\xussn\Desktop\kurs\lms-project\node_modules\next\dist\server\route-modules\app-route\helpers\parsed-url-query-to-params.d.ts'
npm warn tar TAR_ENTRY_ERROR ENOENT: no such file or directory, open 'C:\Users\xussn\Desktop\kurs\lms-project\node_modules\next\dist\build\webpack\plugins\wellknown-errors-plugin\parseNextAppLoaderError.d.ts'
npm warn tar TAR_ENTRY_ERROR ENOENT: no such file or directory, open 'C:\Users\xussn\Desktop\kurs\lms-project\node_modules\next\dist\build\webpack\plugins\wellknown-errors-plugin\parseNextFontError.d.ts'
npm warn tar TAR_ENTRY_ERROR ENOENT: no such file or directory, open 'C:\Users\xussn\Desktop\kurs\lms-project\node_modules\next\dist\build\webpack\plugins\wellknown-errors-plugin\parseNextInvalidImportError.d.ts'
npm warn tar TAR_ENTRY_ERROR ENOENT: no such file or directory, open 'C:\Users\xussn\Desktop\kurs\lms-project\node_modules\next\dist\build\webpack\plugins\wellknown-errors-plugin\parseNotFoundError.d.ts'
npm warn tar TAR_ENTRY_ERROR ENOENT: no such file or directory, open 'C:\Users\xussn\Desktop\kurs\lms-project\node_modules\next\dist\build\webpack\plugins\wellknown-errors-plugin\parseScss.d.ts'
npm warn tar TAR_ENTRY_ERROR ENOENT: no such file or directory, open 'C:\Users\xussn\Desktop\kurs\lms-project\node_modules\next\dist\server\patch-error-inspect.d.ts'
npm warn tar TAR_ENTRY_ERROR ENOENT: no such file or directory, open 'C:\Users\xussn\Desktop\kurs\lms-project\node_modules\next\dist\server\lib\patch-fetch.d.ts'
npm warn tar TAR_ENTRY_ERROR ENOENT: no such file or directory, open 'C:\Users\xussn\Desktop\kurs\lms-project\node_modules\next\dist\server\lib\patch-set-header.d.ts'
npm warn tar TAR_ENTRY_ERROR ENOENT: no such file or directory, open 'C:\Users\xussn\Desktop\kurs\lms-project\node_modules\next\dist\shared\lib\router\utils\path-has-prefix.d.ts'
npm warn tar TAR_ENTRY_ERROR ENOENT: no such file or directory, open 'C:\Users\xussn\Desktop\kurs\lms-project\node_modules\next\dist\shared\lib\router\utils\path-match.d.ts'
npm warn tar TAR_ENTRY_ERROR ENOENT: no such file or directory, open 'C:\Users\xussn\Desktop\kurs\lms-project\node_modules\next\dist\esm\shared\lib\isomorphic\path.d.ts'
npm warn tar TAR_ENTRY_ERROR ENOENT: no such file or directory, open 'C:\Users\xussn\Desktop\kurs\lms-project\node_modules\next\dist\shared\lib\isomorphic\path.d.ts'
npm warn tar TAR_ENTRY_ERROR ENOENT: no such file or directory, open 'C:\Users\xussn\Desktop\kurs\lms-project\node_modules\next\dist\server\normalizers\request\pathname-normalizer.d.ts'
npm warn tar TAR_ENTRY_ERROR ENOENT: no such file or directory, open 'C:\Users\xussn\Desktop\kurs\lms-project\node_modules\next\dist\server\request\pathname.d.ts'
npm warn tar TAR_ENTRY_ERROR ENOENT: no such file or directory, open 'C:\Users\xussn\Desktop\kurs\lms-project\node_modules\next\dist\compiled\@next\font\dist\local\pick-font-file-for-fallback-generation.d.ts'
npm warn tar TAR_ENTRY_ERROR ENOENT: no such file or directory, open 'C:\Users\xussn\Desktop\kurs\lms-project\node_modules\next\dist\server\pipe-readable.d.ts'
npm warn tar TAR_ENTRY_ERROR ENOENT: no such file or directory, open 'C:\Users\xussn\Desktop\kurs\lms-project\node_modules\next\experimental\testmode\playwright.d.ts'
npm warn tar TAR_ENTRY_ERROR ENOENT: no such file or directory, open 'C:\Users\xussn\Desktop\kurs\lms-project\node_modules\next\dist\build\webpack\config\blocks\css\plugins.d.ts'
npm warn tar TAR_ENTRY_ERROR ENOENT: no such file or directory, open 'C:\Users\xussn\Desktop\kurs\lms-project\node_modules\next\dist\telemetry\events\plugins.d.ts'
npm warn tar TAR_ENTRY_ERROR ENOENT: no such file or directory, open 'C:\Users\xussn\Desktop\kurs\lms-project\node_modules\next\dist\build\polyfills\object.assign\polyfill.d.ts'
npm warn tar TAR_ENTRY_ERROR ENOENT: no such file or directory, open 'C:\Users\xussn\Desktop\kurs\lms-project\node_modules\next\dist\server\post-process.d.ts'
npm warn tar TAR_ENTRY_ERROR ENOENT: no such file or directory, open 'C:\Users\xussn\Desktop\kurs\lms-project\node_modules\next\dist\telemetry\post-telemetry-payload.d.ts'
npm warn tar TAR_ENTRY_ERROR ENOENT: no such file or directory, open 'C:\Users\xussn\Desktop\kurs\lms-project\node_modules\next\dist\build\webpack\loaders\css-loader\src\plugins\postcss-icss-parser.d.ts'
npm warn tar TAR_ENTRY_ERROR ENOENT: no such file or directory, open 'C:\Users\xussn\Desktop\kurs\lms-project\node_modules\next\dist\build\webpack\loaders\css-loader\src\plugins\postcss-import-parser.d.ts'
npm warn tar TAR_ENTRY_ERROR ENOENT: no such file or directory, open 'C:\Users\xussn\Desktop\kurs\lms-project\node_modules\next\dist\build\webpack\loaders\next-font-loader\postcss-next-font.d.ts'
npm warn tar TAR_ENTRY_ERROR ENOENT: no such file or directory, open 'C:\Users\xussn\Desktop\kurs\lms-project\node_modules\next\dist\build\webpack\loaders\css-loader\src\plugins\postcss-url-parser.d.ts'
npm warn tar TAR_ENTRY_ERROR ENOENT: no such file or directory, open 'C:\Users\xussn\Desktop\kurs\lms-project\node_modules\next\dist\build\webpack\loaders\resolve-url-loader\lib\postcss.d.ts'
npm warn tar TAR_ENTRY_ERROR ENOENT: no such file or directory, open 'C:\Users\xussn\Desktop\kurs\lms-project\node_modules\next\dist\server\app-render\rsc\postpone.d.ts'
npm warn tar TAR_ENTRY_ERROR ENOENT: no such file or directory, open 'C:\Users\xussn\Desktop\kurs\lms-project\node_modules\next\dist\server\lib\postponed-request-body.d.ts'
npm warn tar TAR_ENTRY_ERROR ENOENT: no such file or directory, open 'C:\Users\xussn\Desktop\kurs\lms-project\node_modules\next\dist\server\app-render\postponed-state.d.ts'
npm warn tar TAR_ENTRY_ERROR ENOENT: no such file or directory, open 'C:\Users\xussn\Desktop\kurs\lms-project\node_modules\next\dist\client\components\router-reducer\ppr-navigations.d.ts'
npm warn tar TAR_ENTRY_ERROR ENOENT: no such file or directory, open 'C:\Users\xussn\Desktop\kurs\lms-project\node_modules\next\dist\server\lib\experimental\ppr.d.ts'
npm warn tar TAR_ENTRY_ERROR ENOENT: no such file or directory, open 'C:\Users\xussn\Desktop\kurs\lms-project\node_modules\next\dist\client\components\segment-cache\prefetch.d.ts'
npm warn tar TAR_ENTRY_ERROR ENOENT: no such file or directory, open 'C:\Users\xussn\Desktop\kurs\lms-project\node_modules\next\dist\server\normalizers\request\prefix.d.ts'
npm warn tar TAR_ENTRY_ERROR ENOENT: no such file or directory, open 'C:\Users\xussn\Desktop\kurs\lms-project\node_modules\next\dist\server\normalizers\prefixing-normalizer.d.ts'
npm warn tar TAR_ENTRY_ERROR ENOENT: no such file or directory, open 'C:\Users\xussn\Desktop\kurs\lms-project\node_modules\next\dist\shared\lib\lazy-dynamic\preload-chunks.d.ts'
npm warn tar TAR_ENTRY_ERROR ENOENT: no such file or directory, open 'C:\Users\xussn\Desktop\kurs\lms-project\node_modules\next\dist\server\app-render\rsc\preloads.d.ts'
npm warn tar TAR_ENTRY_ERROR ENOENT: no such file or directory, open 'C:\Users\xussn\Desktop\kurs\lms-project\node_modules\next\dist\shared\lib\router\utils\prepare-destination.d.ts'
npm warn tar TAR_ENTRY_ERROR ENOENT: no such file or directory, open 'C:\Users\xussn\Desktop\kurs\lms-project\node_modules\next\dist\server\route-modules\app-page\helpers\prerender-manifest-matcher.d.ts'
npm warn tar TAR_ENTRY_ERROR ENOENT: no such file or directory, open 'C:\Users\xussn\Desktop\kurs\lms-project\node_modules\next\dist\build\babel\preset.d.ts'
npm warn tar TAR_ENTRY_ERROR ENOENT: no such file or directory, open 'C:\Users\xussn\Desktop\kurs\lms-project\node_modules\next\dist\build\preview-key-utils.d.ts'
npm warn tar TAR_ENTRY_ERROR ENOENT: no such file or directory, open 'C:\Users\xussn\Desktop\kurs\lms-project\node_modules\next\dist\build\print-build-errors.d.ts'
npm warn tar TAR_ENTRY_ERROR ENOENT: no such file or directory, open 'C:\Users\xussn\Desktop\kurs\lms-project\node_modules\next\dist\server\node-environment-extensions\process-error-handlers.d.ts'
npm warn tar TAR_ENTRY_ERROR ENOENT: no such file or directory, open 'C:\Users\xussn\Desktop\kurs\lms-project\node_modules\next\dist\build\polyfills\process.d.ts'
npm warn tar TAR_ENTRY_ERROR ENOENT: no such file or directory, open 'C:\Users\xussn\Desktop\kurs\lms-project\node_modules\next\dist\build\webpack\plugins\profiling-plugin.d.ts'
npm warn tar TAR_ENTRY_ERROR ENOENT: no such file or directory, open 'C:\Users\xussn\Desktop\kurs\lms-project\node_modules\next\dist\build\progress.d.ts'
npm warn tar TAR_ENTRY_ERROR ENOENT: no such file or directory, open 'C:\Users\xussn\Desktop\kurs\lms-project\node_modules\next\dist\telemetry\project-id.d.ts'
npm warn tar TAR_ENTRY_ERROR ENOENT: no such file or directory, open 'C:\Users\xussn\Desktop\kurs\lms-project\node_modules\next\dist\client\components\promise-queue.d.ts'
npm warn tar TAR_ENTRY_ERROR ENOENT: no such file or directory, open 'C:\Users\xussn\Desktop\kurs\lms-project\node_modules\next\dist\shared\lib\promise-with-resolvers.d.ts'
npm warn tar TAR_ENTRY_ERROR ENOENT: no such file or directory, open 'C:\Users\xussn\Desktop\kurs\lms-project\node_modules\next\dist\client\lib\promise.d.ts'
npm warn tar TAR_ENTRY_ERROR ENOENT: no such file or directory, open 'C:\Users\xussn\Desktop\kurs\lms-project\node_modules\next\dist\server\app-render\prospective-render-utils.d.ts'
npm warn tar TAR_ENTRY_ERROR ENOENT: no such file or directory, open 'C:\Users\xussn\Desktop\kurs\lms-project\node_modules\next\dist\server\lib\router-utils\proxy-request.d.ts'
npm warn tar TAR_ENTRY_ERROR ENOENT: no such file or directory, open 'C:\Users\xussn\Desktop\kurs\lms-project\node_modules\next\experimental\testmode\proxy.d.ts'
npm warn tar TAR_ENTRY_ERROR ENOENT: no such file or directory, open 'C:\Users\xussn\Desktop\kurs\lms-project\node_modules\next\dist\shared\lib\router\utils\querystring.d.ts'
npm warn tar TAR_ENTRY_ERROR ENOENT: no such file or directory, open 'C:\Users\xussn\Desktop\kurs\lms-project\node_modules\next\dist\server\node-environment-extensions\random.d.ts'
npm warn tar TAR_ENTRY_ERROR ENOENT: no such file or directory, open 'C:\Users\xussn\Desktop\kurs\lms-project\node_modules\next\dist\next-devtools\shared\react-18-hydration-error.d.ts'
npm warn tar TAR_ENTRY_ERROR ENOENT: no such file or directory, open 'C:\Users\xussn\Desktop\kurs\lms-project\node_modules\next\dist\next-devtools\shared\react-19-hydration-error.d.ts'
npm warn tar TAR_ENTRY_ERROR ENOENT: no such file or directory, open 'C:\Users\xussn\Desktop\kurs\lms-project\node_modules\next\dist\server\route-modules\app-page\vendored\rsc\react-compiler-runtime.d.ts'
npm warn tar TAR_ENTRY_ERROR ENOENT: no such file or directory, open 'C:\Users\xussn\Desktop\kurs\lms-project\node_modules\next\dist\server\route-modules\app-page\vendored\ssr\react-compiler-runtime.d.ts'
npm warn tar TAR_ENTRY_ERROR ENOENT: no such file or directory, open 'C:\Users\xussn\Desktop\kurs\lms-project\node_modules\next\dist\server\route-modules\app-page\vendored\ssr\react-dom-server.d.ts'
npm warn tar TAR_ENTRY_ERROR ENOENT: no such file or directory, open 'C:\Users\xussn\Desktop\kurs\lms-project\node_modules\next\dist\server\route-modules\app-page\vendored\rsc\react-dom.d.ts'
npm warn tar TAR_ENTRY_ERROR ENOENT: no such file or directory, open 'C:\Users\xussn\Desktop\kurs\lms-project\node_modules\next\dist\server\route-modules\app-page\vendored\ssr\react-dom.d.ts'
npm warn tar TAR_ENTRY_ERROR ENOENT: no such file or directory, open 'C:\Users\xussn\Desktop\kurs\lms-project\node_modules\next\dist\server\route-modules\app-page\vendored\rsc\react-jsx-dev-runtime.d.ts'
npm warn tar TAR_ENTRY_ERROR ENOENT: no such file or directory, open 'C:\Users\xussn\Desktop\kurs\lms-project\node_modules\next\dist\server\route-modules\app-page\vendored\ssr\react-jsx-dev-runtime.d.ts'
npm warn tar TAR_ENTRY_ERROR ENOENT: no such file or directory, open 'C:\Users\xussn\Desktop\kurs\lms-project\node_modules\next\dist\server\route-modules\app-page\vendored\rsc\react-jsx-runtime.d.ts'
npm warn tar TAR_ENTRY_ERROR ENOENT: no such file or directory, open 'C:\Users\xussn\Desktop\kurs\lms-project\node_modules\next\dist\server\route-modules\app-page\vendored\ssr\react-jsx-runtime.d.ts'
npm warn tar TAR_ENTRY_ERROR ENOENT: no such file or directory, open 'C:\Users\xussn\Desktop\kurs\lms-project\node_modules\next\dist\server\app-render\react-large-shell-error.d.ts'
npm warn tar TAR_ENTRY_ERROR ENOENT: no such file or directory, open 'C:\Users\xussn\Desktop\kurs\lms-project\node_modules\next\dist\build\babel\plugins\react-loadable-plugin.d.ts'
npm warn tar TAR_ENTRY_ERROR ENOENT: no such file or directory, open 'C:\Users\xussn\Desktop\kurs\lms-project\node_modules\next\dist\build\webpack\plugins\react-loadable-plugin.d.ts'
npm warn tar TAR_ENTRY_ERROR ENOENT: no such file or directory, open 'C:\Users\xussn\Desktop\kurs\lms-project\node_modules\next\dist\server\route-modules\app-page\vendored\ssr\react-server-dom-turbopack-client.d.ts'
npm warn tar TAR_ENTRY_ERROR ENOENT: no such file or directory, open 'C:\Users\xussn\Desktop\kurs\lms-project\node_modules\next\dist\server\route-modules\app-page\vendored\rsc\react-server-dom-turbopack-server.d.ts'
npm warn tar TAR_ENTRY_ERROR ENOENT: no such file or directory, open 'C:\Users\xussn\Desktop\kurs\lms-project\node_modules\next\dist\server\route-modules\app-page\vendored\rsc\react-server-dom-turbopack-static.d.ts'
npm warn tar TAR_ENTRY_ERROR ENOENT: no such file or directory, open 'C:\Users\xussn\Desktop\kurs\lms-project\node_modules\next\dist\server\route-modules\app-page\vendored\ssr\react-server-dom-webpack-client.d.ts'
npm warn tar TAR_ENTRY_ERROR ENOENT: no such file or directory, open 'C:\Users\xussn\Desktop\kurs\lms-project\node_modules\next\dist\server\route-modules\app-page\vendored\rsc\react-server-dom-webpack-server.d.ts'
npm warn tar TAR_ENTRY_ERROR ENOENT: no such file or directory, open 'C:\Users\xussn\Desktop\kurs\lms-project\node_modules\next\dist\server\route-modules\app-page\vendored\rsc\react-server-dom-webpack-static.d.ts'
npm warn tar TAR_ENTRY_ERROR ENOENT: no such file or directory, open 'C:\Users\xussn\Desktop\kurs\lms-project\node_modules\next\dist\server\app-render\react-server.node.d.ts'
npm warn tar TAR_ENTRY_ERROR ENOENT: no such file or directory, open 'C:\Users\xussn\Desktop\kurs\lms-project\node_modules\next\dist\server\route-modules\app-page\vendored\rsc\react.d.ts'
npm warn tar TAR_ENTRY_ERROR ENOENT: no such file or directory, open 'C:\Users\xussn\Desktop\kurs\lms-project\node_modules\next\dist\server\route-modules\app-page\vendored\ssr\react.d.ts'
npm warn tar TAR_ENTRY_ERROR ENOENT: no such file or directory, open 'C:\Users\xussn\Desktop\kurs\lms-project\node_modules\next\dist\esm\server\ReactDOMServerPages.d.ts'
npm warn tar TAR_ENTRY_ERROR ENOENT: no such file or directory, open 'C:\Users\xussn\Desktop\kurs\lms-project\node_modules\next\dist\server\ReactDOMServerPages.d.ts'
npm warn tar TAR_ENTRY_ERROR ENOENT: no such file or directory, open 'C:\Users\xussn\Desktop\kurs\lms-project\node_modules\next\dist\client\components\readonly-url-search-params.d.ts'
npm warn tar TAR_ENTRY_ERROR ENOENT: no such file or directory, open 'C:\Users\xussn\Desktop\kurs\lms-project\node_modules\next\dist\server\dev\browser-logs\receive-logs.d.ts'
npm warn tar TAR_ENTRY_ERROR ENOENT: no such file or directory, open 'C:\Users\xussn\Desktop\kurs\lms-project\node_modules\next\dist\client\components\redirect-boundary.d.ts'
npm warn tar TAR_ENTRY_ERROR ENOENT: no such file or directory, open 'C:\Users\xussn\Desktop\kurs\lms-project\node_modules\next\dist\client\components\redirect-error.d.ts'
npm warn tar TAR_ENTRY_ERROR ENOENT: no such file or directory, open 'C:\Users\xussn\Desktop\kurs\lms-project\node_modules\next\dist\client\components\redirect-status-code.d.ts'
npm warn tar TAR_ENTRY_ERROR ENOENT: no such file or directory, open 'C:\Users\xussn\Desktop\kurs\lms-project\node_modules\next\dist\client\components\redirect.d.ts'
npm warn tar TAR_ENTRY_ERROR ENOENT: no such file or directory, open 'C:\Users\xussn\Desktop\kurs\lms-project\node_modules\next\dist\shared\lib\utils\reflect-utils.d.ts'
npm warn tar TAR_ENTRY_ERROR ENOENT: no such file or directory, open 'C:\Users\xussn\Desktop\kurs\lms-project\node_modules\next\dist\server\web\spec-extension\adapters\reflect.d.ts'
npm warn tar TAR_ENTRY_ERROR ENOENT: no such file or directory, open 'C:\Users\xussn\Desktop\kurs\lms-project\node_modules\next\dist\client\components\router-reducer\reducers\refresh-reducer.d.ts'
npm warn tar TAR_ENTRY_ERROR ENOENT: no such file or directory, open 'C:\Users\xussn\Desktop\kurs\lms-project\node_modules\next\dist\client\register-deployment-id-global.d.ts'
npm warn tar TAR_ENTRY_ERROR ENOENT: no such file or directory, open 'C:\Users\xussn\Desktop\kurs\lms-project\node_modules\next\dist\shared\lib\router\utils\relativize-url.d.ts'
npm warn tar TAR_ENTRY_ERROR ENOENT: no such file or directory, open 'C:\Users\xussn\Desktop\kurs\lms-project\node_modules\next\dist\client\remove-base-path.d.ts'
npm warn tar TAR_ENTRY_ERROR ENOENT: no such file or directory, open 'C:\Users\xussn\Desktop\kurs\lms-project\node_modules\next\dist\client\remove-locale.d.ts'
npm warn tar TAR_ENTRY_ERROR ENOENT: no such file or directory, open 'C:\Users\xussn\Desktop\kurs\lms-project\node_modules\next\dist\shared\lib\page-path\remove-page-path-tail.d.ts'
npm warn tar TAR_ENTRY_ERROR ENOENT: no such file or directory, open 'C:\Users\xussn\Desktop\kurs\lms-project\node_modules\next\dist\shared\lib\router\utils\remove-path-prefix.d.ts'
npm warn tar TAR_ENTRY_ERROR ENOENT: no such file or directory, open 'C:\Users\xussn\Desktop\kurs\lms-project\node_modules\next\dist\shared\lib\router\utils\remove-trailing-slash.d.ts'
npm warn tar TAR_ENTRY_ERROR ENOENT: no such file or directory, open 'C:\Users\xussn\Desktop\kurs\lms-project\node_modules\next\dist\lib\fs\rename.d.ts'
npm warn tar TAR_ENTRY_ERROR ENOENT: no such file or directory, open 'C:\Users\xussn\Desktop\kurs\lms-project\node_modules\next\dist\server\app-render\render-css-resource.d.ts'
npm warn tar TAR_ENTRY_ERROR ENOENT: no such file or directory, lstat 'C:\Users\xussn\Desktop\kurs\lms-project\node_modules\next\dist\next-devtools\dev-overlay'
npm warn tar TAR_ENTRY_ERROR ENOENT: no such file or directory, open 'C:\Users\xussn\Desktop\kurs\lms-project\node_modules\next\dist\client\components\render-from-template-context.d.ts'
npm warn tar TAR_ENTRY_ERROR ENOENT: no such file or directory, open 'C:\Users\xussn\Desktop\kurs\lms-project\node_modules\next\dist\server\render-result.d.ts'
npm warn tar TAR_ENTRY_ERROR ENOENT: no such file or directory, open 'C:\Users\xussn\Desktop\kurs\lms-project\node_modules\next\dist\server\lib\render-server.d.ts'
npm warn tar TAR_ENTRY_ERROR ENOENT: no such file or directory, open 'C:\Users\xussn\Desktop\kurs\lms-project\node_modules\next\dist\server\render.d.ts'
npm warn tar TAR_ENTRY_ERROR ENOENT: no such file or directory, open 'C:\Users\xussn\Desktop\kurs\lms-project\node_modules\next\dist\build\rendering-mode.d.ts'
npm warn tar TAR_ENTRY_ERROR ENOENT: no such file or directory, open 'C:\Users\xussn\Desktop\kurs\lms-project\node_modules\next\dist\next-devtools\userspace\app\errors\replay-ssr-only-errors.d.ts'
npm warn tar TAR_ENTRY_ERROR ENOENT: no such file or directory, open 'C:\Users\xussn\Desktop\kurs\lms-project\node_modules\next\dist\client\react-client-callbacks\report-global-error.d.ts'
npm warn tar TAR_ENTRY_ERROR ENOENT: no such file or directory, open 'C:\Users\xussn\Desktop\kurs\lms-project\node_modules\next\dist\client\dev\report-hmr-latency.d.ts'
npm warn tar TAR_ENTRY_ERROR ENOENT: no such file or directory, open 'C:\Users\xussn\Desktop\kurs\lms-project\node_modules\next\dist\client\tracing\report-to-socket.d.ts'
npm warn tar TAR_ENTRY_ERROR ENOENT: no such file or directory, open 'C:\Users\xussn\Desktop\kurs\lms-project\node_modules\next\dist\experimental\testmode\playwright\report.d.ts'
npm warn tar TAR_ENTRY_ERROR ENOENT: no such file or directory, open 'C:\Users\xussn\Desktop\kurs\lms-project\node_modules\next\dist\server\web\spec-extension\adapters\request-cookies.d.ts'
npm warn tar TAR_ENTRY_ERROR ENOENT: no such file or directory, open 'C:\Users\xussn\Desktop\kurs\lms-project\node_modules\next\dist\client\request-idle-callback.d.ts'
npm warn tar TAR_ENTRY_ERROR ENOENT: no such file or directory, open 'C:\Users\xussn\Desktop\kurs\lms-project\node_modules\next\dist\server\request-meta.d.ts'
npm warn tar TAR_ENTRY_ERROR ENOENT: no such file or directory, open 'C:\Users\xussn\Desktop\kurs\lms-project\node_modules\next\dist\server\async-storage\request-store.d.ts'
npm warn tar TAR_ENTRY_ERROR ENOENT: no such file or directory, open 'C:\Users\xussn\Desktop\kurs\lms-project\node_modules\next\dist\server\web\spec-extension\request.d.ts'
npm warn tar TAR_ENTRY_ERROR ENOENT: no such file or directory, open 'C:\Users\xussn\Desktop\kurs\lms-project\node_modules\next\dist\server\dev\require-cache.d.ts'
npm warn tar TAR_ENTRY_ERROR ENOENT: no such file or directory, open 'C:\Users\xussn\Desktop\kurs\lms-project\node_modules\next\dist\build\next-config-ts\require-hook.d.ts'
npm warn tar TAR_ENTRY_ERROR ENOENT: no such file or directory, open 'C:\Users\xussn\Desktop\kurs\lms-project\node_modules\next\dist\server\require-hook.d.ts'
npm warn tar TAR_ENTRY_ERROR ENOENT: no such file or directory, open 'C:\Users\xussn\Desktop\kurs\lms-project\node_modules\next\dist\server\require.d.ts'
npm warn tar TAR_ENTRY_ERROR ENOENT: no such file or directory, open 'C:\Users\xussn\Desktop\kurs\lms-project\node_modules\next\dist\server\app-render\required-scripts.d.ts'
npm warn tar TAR_ENTRY_ERROR ENOENT: no such file or directory, lstat 'C:\Users\xussn\Desktop\kurs\lms-project\node_modules\next\dist\next-devtools\dev-overlay'
npm warn tar TAR_ENTRY_ERROR ENOENT: no such file or directory, lstat 'C:\Users\xussn\Desktop\kurs\lms-project\node_modules\next\dist\next-devtools\dev-overlay'
npm warn tar TAR_ENTRY_ERROR ENOENT: no such file or directory, open 'C:\Users\xussn\Desktop\kurs\lms-project\node_modules\next\dist\lib\metadata\resolvers\resolve-basics.d.ts'
npm warn tar TAR_ENTRY_ERROR ENOENT: no such file or directory, open 'C:\Users\xussn\Desktop\kurs\lms-project\node_modules\next\dist\client\resolve-href.d.ts'
npm warn tar TAR_ENTRY_ERROR ENOENT: no such file or directory, open 'C:\Users\xussn\Desktop\kurs\lms-project\node_modules\next\dist\lib\metadata\resolvers\resolve-icons.d.ts'
npm warn tar TAR_ENTRY_ERROR ENOENT: no such file or directory, open 'C:\Users\xussn\Desktop\kurs\lms-project\node_modules\next\dist\lib\metadata\resolve-metadata.d.ts'
npm warn tar TAR_ENTRY_ERROR ENOENT: no such file or directory, open 'C:\Users\xussn\Desktop\kurs\lms-project\node_modules\next\dist\lib\metadata\resolvers\resolve-opengraph.d.ts'
npm warn tar TAR_ENTRY_ERROR ENOENT: no such file or directory, open 'C:\Users\xussn\Desktop\kurs\lms-project\node_modules\next\dist\shared\lib\router\utils\resolve-param-value.d.ts'
npm warn tar TAR_ENTRY_ERROR ENOENT: no such file or directory, open 'C:\Users\xussn\Desktop\kurs\lms-project\node_modules\next\dist\shared\lib\router\utils\resolve-rewrites.d.ts'
npm warn tar TAR_ENTRY_ERROR ENOENT: no such file or directory, open 'C:\Users\xussn\Desktop\kurs\lms-project\node_modules\next\dist\build\webpack\loaders\metadata\resolve-route-data.d.ts'
npm warn tar TAR_ENTRY_ERROR ENOENT: no such file or directory, open 'C:\Users\xussn\Desktop\kurs\lms-project\node_modules\next\dist\server\lib\router-utils\resolve-routes.d.ts'
npm warn tar TAR_ENTRY_ERROR ENOENT: no such file or directory, open 'C:\Users\xussn\Desktop\kurs\lms-project\node_modules\next\dist\lib\metadata\resolvers\resolve-title.d.ts'
npm warn tar TAR_ENTRY_ERROR ENOENT: no such file or directory, open 'C:\Users\xussn\Desktop\kurs\lms-project\node_modules\next\dist\lib\metadata\resolvers\resolve-url.d.ts'
npm warn tar TAR_ENTRY_ERROR ENOENT: no such file or directory, open 'C:\Users\xussn\Desktop\kurs\lms-project\node_modules\next\dist\build\webpack-config-rules\resolve.d.ts'
npm warn tar TAR_ENTRY_ERROR ENOENT: no such file or directory, open 'C:\Users\xussn\Desktop\kurs\lms-project\node_modules\next\dist\lib\metadata\types\resolvers.d.ts'
npm warn tar TAR_ENTRY_ERROR ENOENT: no such file or directory, open 'C:\Users\xussn\Desktop\kurs\lms-project\node_modules\next\dist\server\web\sandbox\resource-managers.d.ts'
npm warn tar TAR_ENTRY_ERROR ENOENT: no such file or directory, open 'C:\Users\xussn\Desktop\kurs\lms-project\node_modules\next\dist\server\web\spec-extension\response.d.ts'
npm warn tar TAR_ENTRY_ERROR ENOENT: no such file or directory, open 'C:\Users\xussn\Desktop\kurs\lms-project\node_modules\next\dist\next-devtools\server\restart-dev-server-middleware.d.ts'
npm warn tar TAR_ENTRY_ERROR ENOENT: no such file or directory, open 'C:\Users\xussn\Desktop\kurs\lms-project\node_modules\next\dist\client\components\router-reducer\reducers\restore-reducer.d.ts'
npm warn tar TAR_ENTRY_ERROR ENOENT: no such file or directory, open 'C:\Users\xussn\Desktop\kurs\lms-project\node_modules\next\dist\build\turborepo-access-trace\result.d.ts'
npm warn tar TAR_ENTRY_ERROR ENOENT: no such file or directory, open 'C:\Users\xussn\Desktop\kurs\lms-project\node_modules\next\dist\server\resume-data-cache\resume-data-cache.d.ts'
npm warn tar TAR_ENTRY_ERROR ENOENT: no such file or directory, open 'C:\Users\xussn\Desktop\kurs\lms-project\node_modules\next\dist\compiled\@next\font\dist\google\retry.d.ts'
npm warn tar TAR_ENTRY_ERROR ENOENT: no such file or directory, open 'C:\Users\xussn\Desktop\kurs\lms-project\node_modules\next\dist\server\web\spec-extension\revalidate.d.ts'
npm warn tar TAR_ENTRY_ERROR ENOENT: no such file or directory, open 'C:\Users\xussn\Desktop\kurs\lms-project\node_modules\next\dist\server\revalidation-utils.d.ts'
npm warn tar TAR_ENTRY_ERROR ENOENT: no such file or directory, lstat 'C:\Users\xussn\Desktop\kurs\lms-project\node_modules\next\dist\next-devtools\dev-overlay'
npm warn tar TAR_ENTRY_ERROR ENOENT: no such file or directory, open 'C:\Users\xussn\Desktop\kurs\lms-project\node_modules\next\dist\client\components\errors\root-error-boundary.d.ts'
npm warn tar TAR_ENTRY_ERROR ENOENT: no such file or directory, open 'C:\Users\xussn\Desktop\kurs\lms-project\node_modules\next\dist\server\request\root-params.d.ts'
npm warn tar TAR_ENTRY_ERROR ENOENT: no such file or directory, open 'C:\Users\xussn\Desktop\kurs\lms-project\node_modules\next\dist\client\route-announcer.d.ts'
npm warn tar TAR_ENTRY_ERROR ENOENT: no such file or directory, open 'C:\Users\xussn\Desktop\kurs\lms-project\node_modules\next\dist\build\route-bundle-stats.d.ts'
npm warn tar TAR_ENTRY_ERROR ENOENT: no such file or directory, open 'C:\Users\xussn\Desktop\kurs\lms-project\node_modules\next\dist\server\route-definitions\route-definition.d.ts'
npm warn tar TAR_ENTRY_ERROR ENOENT: no such file or directory, open 'C:\Users\xussn\Desktop\kurs\lms-project\node_modules\next\dist\build\route-discovery.d.ts'
npm warn tar TAR_ENTRY_ERROR ENOENT: no such file or directory, lstat 'C:\Users\xussn\Desktop\kurs\lms-project\node_modules\next\dist\next-devtools\dev-overlay'
npm warn tar TAR_ENTRY_ERROR ENOENT: no such file or directory, open 'C:\Users\xussn\Desktop\kurs\lms-project\node_modules\next\dist\server\route-kind.d.ts'
npm warn tar TAR_ENTRY_ERROR ENOENT: no such file or directory, open 'C:\Users\xussn\Desktop\kurs\lms-project\node_modules\next\dist\client\route-loader.d.ts'
npm warn tar TAR_ENTRY_ERROR ENOENT: no such file or directory, open 'C:\Users\xussn\Desktop\kurs\lms-project\node_modules\next\dist\shared\lib\router\utils\route-match-utils.d.ts'
npm warn tar TAR_ENTRY_ERROR ENOENT: no such file or directory, open 'C:\Users\xussn\Desktop\kurs\lms-project\node_modules\next\dist\server\route-matches\route-match.d.ts'
npm warn tar TAR_ENTRY_ERROR ENOENT: no such file or directory, open 'C:\Users\xussn\Desktop\kurs\lms-project\node_modules\next\dist\server\route-matcher-managers\route-matcher-manager.d.ts'
npm warn tar TAR_ENTRY_ERROR ENOENT: no such file or directory, open 'C:\Users\xussn\Desktop\kurs\lms-project\node_modules\next\dist\server\route-matcher-providers\route-matcher-provider.d.ts'
npm warn tar TAR_ENTRY_ERROR ENOENT: no such file or directory, open 'C:\Users\xussn\Desktop\kurs\lms-project\node_modules\next\dist\server\route-matchers\route-matcher.d.ts'
npm warn tar TAR_ENTRY_ERROR ENOENT: no such file or directory, open 'C:\Users\xussn\Desktop\kurs\lms-project\node_modules\next\dist\shared\lib\router\utils\route-matcher.d.ts'
npm warn tar TAR_ENTRY_ERROR ENOENT: no such file or directory, open 'C:\Users\xussn\Desktop\kurs\lms-project\node_modules\next\dist\server\lib\module-loader\route-module-loader.d.ts'
npm warn tar TAR_ENTRY_ERROR ENOENT: no such file or directory, open 'C:\Users\xussn\Desktop\kurs\lms-project\node_modules\next\dist\server\route-modules\route-module.d.ts'
npm warn tar TAR_ENTRY_ERROR ENOENT: no such file or directory, open 'C:\Users\xussn\Desktop\kurs\lms-project\node_modules\next\dist\client\route-params.d.ts'
npm warn tar TAR_ENTRY_ERROR ENOENT: no such file or directory, open 'C:\Users\xussn\Desktop\kurs\lms-project\node_modules\next\dist\shared\lib\router\utils\route-regex.d.ts'
npm warn tar TAR_ENTRY_ERROR ENOENT: no such file or directory, open 'C:\Users\xussn\Desktop\kurs\lms-project\node_modules\next\dist\server\lib\router-utils\route-types-utils.d.ts'
npm warn tar TAR_ENTRY_ERROR ENOENT: no such file or directory, open 'C:\Users\xussn\Desktop\kurs\lms-project\node_modules\next\dist\server\route-modules\app-page\vendored\contexts\router-context.d.ts'
npm warn tar TAR_ENTRY_ERROR ENOENT: no such file or directory, open 'C:\Users\xussn\Desktop\kurs\lms-project\node_modules\next\dist\server\route-modules\pages\vendored\contexts\router-context.d.ts'
npm warn tar TAR_ENTRY_ERROR ENOENT: no such file or directory, open 'C:\Users\xussn\Desktop\kurs\lms-project\node_modules\next\dist\shared\lib\router-context.shared-runtime.d.ts'
npm warn tar TAR_ENTRY_ERROR ENOENT: no such file or directory, open 'C:\Users\xussn\Desktop\kurs\lms-project\node_modules\next\dist\client\components\router-reducer\router-reducer-types.d.ts'
npm warn tar TAR_ENTRY_ERROR ENOENT: no such file or directory, open 'C:\Users\xussn\Desktop\kurs\lms-project\node_modules\next\dist\client\components\router-reducer\router-reducer.d.ts'
npm warn tar TAR_ENTRY_ERROR ENOENT: no such file or directory, open 'C:\Users\xussn\Desktop\kurs\lms-project\node_modules\next\dist\server\lib\router-utils\router-server-context.d.ts'
npm warn tar TAR_ENTRY_ERROR ENOENT: no such file or directory, open 'C:\Users\xussn\Desktop\kurs\lms-project\node_modules\next\dist\server\lib\router-server.d.ts'
npm warn tar TAR_ENTRY_ERROR ENOENT: no such file or directory, open 'C:\Users\xussn\Desktop\kurs\lms-project\node_modules\next\compat\router.d.ts'
npm warn tar TAR_ENTRY_ERROR ENOENT: no such file or directory, open 'C:\Users\xussn\Desktop\kurs\lms-project\node_modules\next\dist\api\router.d.ts'
npm warn tar TAR_ENTRY_ERROR ENOENT: no such file or directory, open 'C:\Users\xussn\Desktop\kurs\lms-project\node_modules\next\dist\client\compat\router.d.ts'
npm warn tar TAR_ENTRY_ERROR ENOENT: no such file or directory, open 'C:\Users\xussn\Desktop\kurs\lms-project\node_modules\next\dist\client\router.d.ts'
npm warn tar TAR_ENTRY_ERROR ENOENT: no such file or directory, open 'C:\Users\xussn\Desktop\kurs\lms-project\node_modules\next\dist\shared\lib\router\router.d.ts'
npm warn tar TAR_ENTRY_ERROR ENOENT: no such file or directory, open 'C:\Users\xussn\Desktop\kurs\lms-project\node_modules\next\dist\server\normalizers\request\rsc.d.ts'
npm warn tar TAR_ENTRY_ERROR ENOENT: no such file or directory, open 'C:\Users\xussn\Desktop\kurs\lms-project\node_modules\next\dist\build\webpack\plugins\rspack-flight-client-entry-plugin.d.ts'
npm warn tar TAR_ENTRY_ERROR ENOENT: no such file or directory, open 'C:\Users\xussn\Desktop\kurs\lms-project\node_modules\next\dist\build\webpack\plugins\rspack-profiling-plugin.d.ts'
npm warn tar TAR_ENTRY_ERROR ENOENT: no such file or directory, open 'C:\Users\xussn\Desktop\kurs\lms-project\node_modules\next\dist\server\after\run-with-after.d.ts'
npm warn tar TAR_ENTRY_ERROR ENOENT: no such file or directory, open 'C:\Users\xussn\Desktop\kurs\lms-project\node_modules\next\dist\client\dev\runtime-error-handler.d.ts'
npm warn tar TAR_ENTRY_ERROR ENOENT: no such file or directory, open 'C:\Users\xussn\Desktop\kurs\lms-project\node_modules\next\dist\server\runtime-reacts.external.d.ts'
npm warn tar TAR_ENTRY_ERROR ENOENT: no such file or directory, open 'C:\Users\xussn\Desktop\kurs\lms-project\node_modules\next\dist\lib\typescript\runTypeCheck.d.ts'
npm warn tar TAR_ENTRY_ERROR ENOENT: no such file or directory, open 'C:\Users\xussn\Desktop\kurs\lms-project\node_modules\next\dist\server\web\sandbox\sandbox.d.ts'
npm warn tar TAR_ENTRY_ERROR ENOENT: no such file or directory, lstat 'C:\Users\xussn\Desktop\kurs\lms-project\node_modules\next\dist\next-devtools\dev-overlay'
npm warn tar TAR_ENTRY_ERROR ENOENT: no such file or directory, lstat 'C:\Users\xussn\Desktop\kurs\lms-project\node_modules\next\dist\next-devtools\dev-overlay'
npm warn tar TAR_ENTRY_ERROR ENOENT: no such file or directory, open 'C:\Users\xussn\Desktop\kurs\lms-project\node_modules\next\dist\client\components\segment-cache\scheduler.d.ts'
npm warn tar TAR_ENTRY_ERROR ENOENT: no such file or directory, open 'C:\Users\xussn\Desktop\kurs\lms-project\node_modules\next\dist\api\script.d.ts'
npm warn tar TAR_ENTRY_ERROR ENOENT: no such file or directory, open 'C:\Users\xussn\Desktop\kurs\lms-project\node_modules\next\dist\client\script.d.ts'
npm warn tar TAR_ENTRY_ERROR ENOENT: no such file or directory, open 'C:\Users\xussn\Desktop\kurs\lms-project\node_modules\next\dist\client\request\search-params.browser.d.ts'
npm warn tar TAR_ENTRY_ERROR ENOENT: no such file or directory, open 'C:\Users\xussn\Desktop\kurs\lms-project\node_modules\next\dist\client\request\search-params.browser.dev.d.ts'
npm warn tar TAR_ENTRY_ERROR ENOENT: no such file or directory, open 'C:\Users\xussn\Desktop\kurs\lms-project\node_modules\next\dist\client\request\search-params.browser.prod.d.ts'
npm warn tar TAR_ENTRY_ERROR ENOENT: no such file or directory, open 'C:\Users\xussn\Desktop\kurs\lms-project\node_modules\next\dist\server\request\search-params.d.ts'
npm warn tar TAR_ENTRY_ERROR ENOENT: no such file or directory, lstat 'C:\Users\xussn\Desktop\kurs\lms-project\node_modules\next\dist\next-devtools\dev-overlay'
npm warn tar TAR_ENTRY_ERROR ENOENT: no such file or directory, open 'C:\Users\xussn\Desktop\kurs\lms-project\node_modules\next\dist\next-devtools\userspace\app\segment-explorer-node.d.ts'
npm warn tar TAR_ENTRY_ERROR ENOENT: no such file or directory, open 'C:\Users\xussn\Desktop\kurs\lms-project\node_modules\next\dist\server\app-render\segment-explorer-path.d.ts'
npm warn tar TAR_ENTRY_ERROR ENOENT: no such file or directory, lstat 'C:\Users\xussn\Desktop\kurs\lms-project\node_modules\next\dist\next-devtools\dev-overlay'
npm warn tar TAR_ENTRY_ERROR ENOENT: no such file or directory, lstat 'C:\Users\xussn\Desktop\kurs\lms-project\node_modules\next\dist\next-devtools\dev-overlay'
npm warn tar TAR_ENTRY_ERROR ENOENT: no such file or directory, open 'C:\Users\xussn\Desktop\kurs\lms-project\node_modules\next\dist\server\normalizers\request\segment-prefix-rsc.d.ts'
npm warn tar TAR_ENTRY_ERROR ENOENT: no such file or directory, lstat 'C:\Users\xussn\Desktop\kurs\lms-project\node_modules\next\dist\next-devtools\dev-overlay'
npm warn tar TAR_ENTRY_ERROR ENOENT: no such file or directory, open 'C:\Users\xussn\Desktop\kurs\lms-project\node_modules\next\dist\shared\lib\segment-cache\segment-value-encoding.d.ts'
npm warn tar TAR_ENTRY_ERROR ENOENT: no such file or directory, open 'C:\Users\xussn\Desktop\kurs\lms-project\node_modules\next\dist\shared\lib\segment.d.ts'
npm warn tar TAR_ENTRY_ERROR ENOENT: no such file or directory, open 'C:\Users\xussn\Desktop\kurs\lms-project\node_modules\next\dist\server\send-payload.d.ts'
npm warn tar TAR_ENTRY_ERROR ENOENT: no such file or directory, open 'C:\Users\xussn\Desktop\kurs\lms-project\node_modules\next\dist\server\send-response.d.ts'
npm warn tar TAR_ENTRY_ERROR ENOENT: no such file or directory, open 'C:\Users\xussn\Desktop\kurs\lms-project\node_modules\next\dist\server\dev\serialized-errors.d.ts'
npm warn tar TAR_ENTRY_ERROR ENOENT: no such file or directory, open 'C:\Users\xussn\Desktop\kurs\lms-project\node_modules\next\dist\server\serve-static.d.ts'
npm warn tar TAR_ENTRY_ERROR ENOENT: no such file or directory, open 'C:\Users\xussn\Desktop\kurs\lms-project\node_modules\next\dist\server\dev\server-action-logger.d.ts'
npm warn tar TAR_ENTRY_ERROR ENOENT: no such file or directory, open 'C:\Users\xussn\Desktop\kurs\lms-project\node_modules\next\dist\client\components\router-reducer\reducers\server-action-reducer.d.ts'
npm warn tar TAR_ENTRY_ERROR ENOENT: no such file or directory, open 'C:\Users\xussn\Desktop\kurs\lms-project\node_modules\next\dist\server\lib\server-action-request-meta.d.ts'
npm warn tar TAR_ENTRY_ERROR ENOENT: no such file or directory, open 'C:\Users\xussn\Desktop\kurs\lms-project\node_modules\next\dist\server\typescript\rules\server-boundary.d.ts'
npm warn tar TAR_ENTRY_ERROR ENOENT: no such file or directory, open 'C:\Users\xussn\Desktop\kurs\lms-project\node_modules\next\dist\experimental\testmode\server-edge.d.ts'
npm warn tar TAR_ENTRY_ERROR ENOENT: no such file or directory, open 'C:\Users\xussn\Desktop\kurs\lms-project\node_modules\next\dist\server\app-render\server-inserted-html.d.ts'
npm warn tar TAR_ENTRY_ERROR ENOENT: no such file or directory, open 'C:\Users\xussn\Desktop\kurs\lms-project\node_modules\next\dist\server\route-modules\app-page\vendored\contexts\server-inserted-html.d.ts'
npm warn tar TAR_ENTRY_ERROR ENOENT: no such file or directory, open 'C:\Users\xussn\Desktop\kurs\lms-project\node_modules\next\dist\server\route-modules\pages\vendored\contexts\server-inserted-html.d.ts'
npm warn tar TAR_ENTRY_ERROR ENOENT: no such file or directory, open 'C:\Users\xussn\Desktop\kurs\lms-project\node_modules\next\dist\shared\lib\server-inserted-html.shared-runtime.d.ts'
npm warn tar TAR_ENTRY_ERROR ENOENT: no such file or directory, open 'C:\Users\xussn\Desktop\kurs\lms-project\node_modules\next\dist\server\route-matcher-providers\helpers\manifest-loaders\server-manifest-loader.d.ts'
npm warn tar TAR_ENTRY_ERROR ENOENT: no such file or directory, open 'C:\Users\xussn\Desktop\kurs\lms-project\node_modules\next\dist\client\components\router-reducer\reducers\server-patch-reducer.d.ts'
npm warn tar TAR_ENTRY_ERROR ENOENT: no such file or directory, open 'C:\Users\xussn\Desktop\kurs\lms-project\node_modules\next\dist\shared\lib\server-reference-info.d.ts'
npm warn tar TAR_ENTRY_ERROR ENOENT: no such file or directory, open 'C:\Users\xussn\Desktop\kurs\lms-project\node_modules\next\dist\build\webpack\loaders\next-flight-loader\server-reference.d.ts'
npm warn tar TAR_ENTRY_ERROR ENOENT: no such file or directory, open 'C:\Users\xussn\Desktop\kurs\lms-project\node_modules\next\dist\server\server-route-utils.d.ts'
npm warn tar TAR_ENTRY_ERROR ENOENT: no such file or directory, open 'C:\Users\xussn\Desktop\kurs\lms-project\node_modules\next\dist\server\server-utils.d.ts'
npm warn tar TAR_ENTRY_ERROR ENOENT: no such file or directory, open 'C:\Users\xussn\Desktop\kurs\lms-project\node_modules\next\dist\api\server.d.ts'
npm warn tar TAR_ENTRY_ERROR ENOENT: no such file or directory, open 'C:\Users\xussn\Desktop\kurs\lms-project\node_modules\next\dist\experimental\testmode\proxy\server.d.ts'
npm warn tar TAR_ENTRY_ERROR ENOENT: no such file or directory, open 'C:\Users\xussn\Desktop\kurs\lms-project\node_modules\next\dist\experimental\testmode\server.d.ts'
npm warn tar TAR_ENTRY_ERROR ENOENT: no such file or directory, open 'C:\Users\xussn\Desktop\kurs\lms-project\node_modules\next\dist\server\typescript\rules\server.d.ts'
npm warn tar TAR_ENTRY_ERROR ENOENT: no such file or directory, open 'C:\Users\xussn\Desktop\kurs\lms-project\node_modules\next\experimental\testing\server.d.ts'
npm warn tar TAR_ENTRY_ERROR ENOENT: no such file or directory, open 'C:\Users\xussn\Desktop\kurs\lms-project\node_modules\next\dist\telemetry\events\session-stopped.d.ts'
npm warn tar TAR_ENTRY_ERROR ENOENT: no such file or directory, open 'C:\Users\xussn\Desktop\kurs\lms-project\node_modules\next\dist\client\set-attributes-from-props.d.ts'
npm warn tar TAR_ENTRY_ERROR ENOENT: no such file or directory, open 'C:\Users\xussn\Desktop\kurs\lms-project\node_modules\next\dist\client\components\router-reducer\set-cache-busting-search-param.d.ts'
npm warn tar TAR_ENTRY_ERROR ENOENT: no such file or directory, open 'C:\Users\xussn\Desktop\kurs\lms-project\node_modules\next\dist\server\lib\router-utils\setup-dev-bundler.d.ts'
npm warn tar TAR_ENTRY_ERROR ENOENT: no such file or directory, open 'C:\Users\xussn\Desktop\kurs\lms-project\node_modules\next\dist\server\setup-http-agent-env.d.ts'
npm warn tar TAR_ENTRY_ERROR ENOENT: no such file or directory, open 'C:\Users\xussn\Desktop\kurs\lms-project\node_modules\next\dist\build\adapter\setup-node-env.external.d.ts'
npm warn tar TAR_ENTRY_ERROR ENOENT: no such file or directory, lstat 'C:\Users\xussn\Desktop\kurs\lms-project\node_modules\next\dist\next-devtools\dev-overlay'
npm warn tar TAR_ENTRY_ERROR ENOENT: no such file or directory, open 'C:\Users\xussn\Desktop\kurs\lms-project\node_modules\next\dist\server\lib\incremental-cache\shared-cache-controls.external.d.ts'
npm warn tar TAR_ENTRY_ERROR ENOENT: no such file or directory, open 'C:\Users\xussn\Desktop\kurs\lms-project\node_modules\next\dist\server\route-modules\app-route\shared-modules.d.ts'
npm warn tar TAR_ENTRY_ERROR ENOENT: no such file or directory, open 'C:\Users\xussn\Desktop\kurs\lms-project\node_modules\next\dist\build\webpack\plugins\next-types-plugin\shared.d.ts'
npm warn tar TAR_ENTRY_ERROR ENOENT: no such file or directory, open 'C:\Users\xussn\Desktop\kurs\lms-project\node_modules\next\dist\client\dev\hot-reloader\shared.d.ts'
npm warn tar TAR_ENTRY_ERROR ENOENT: no such file or directory, lstat 'C:\Users\xussn\Desktop\kurs\lms-project\node_modules\next\dist\next-devtools\dev-overlay'
npm warn tar TAR_ENTRY_ERROR ENOENT: no such file or directory, open 'C:\Users\xussn\Desktop\kurs\lms-project\node_modules\next\dist\next-devtools\server\shared.d.ts'
npm warn tar TAR_ENTRY_ERROR ENOENT: no such file or directory, open 'C:\Users\xussn\Desktop\kurs\lms-project\node_modules\next\dist\trace\shared.d.ts'
npm warn tar TAR_ENTRY_ERROR ENOENT: no such file or directory, open 'C:\Users\xussn\Desktop\kurs\lms-project\node_modules\next\dist\build\polyfills\object.assign\shim.d.ts'
npm warn tar TAR_ENTRY_ERROR ENOENT: no such file or directory, lstat 'C:\Users\xussn\Desktop\kurs\lms-project\node_modules\next\dist\next-devtools\dev-overlay'
npm warn tar TAR_ENTRY_ERROR ENOENT: no such file or directory, open 'C:\Users\xussn\Desktop\kurs\lms-project\node_modules\next\dist\client\components\router-reducer\should-hard-navigate.d.ts'
npm warn tar TAR_ENTRY_ERROR ENOENT: no such file or directory, open 'C:\Users\xussn\Desktop\kurs\lms-project\node_modules\next\dist\lib\memory\shutdown.d.ts'
npm warn tar TAR_ENTRY_ERROR ENOENT: no such file or directory, open 'C:\Users\xussn\Desktop\kurs\lms-project\node_modules\next\dist\shared\lib\side-effect.d.ts'
npm warn tar TAR_ENTRY_ERROR ENOENT: no such file or directory, open 'C:\Users\xussn\Desktop\kurs\lms-project\node_modules\next\dist\build\webpack\plugins\wellknown-errors-plugin\simpleWebpackError.d.ts'
npm warn tar TAR_ENTRY_ERROR ENOENT: no such file or directory, open 'C:\Users\xussn\Desktop\kurs\lms-project\node_modules\next\dist\shared\lib\size-limit.d.ts'
npm warn tar TAR_ENTRY_ERROR ENOENT: no such file or directory, open 'C:\Users\xussn\Desktop\kurs\lms-project\node_modules\next\dist\build\webpack\plugins\slow-module-detection-plugin.d.ts'
npm warn tar TAR_ENTRY_ERROR ENOENT: no such file or directory, open 'C:\Users\xussn\Desktop\kurs\lms-project\node_modules\next\dist\build\sort-by-page-exts.d.ts'
npm warn tar TAR_ENTRY_ERROR ENOENT: no such file or directory, open 'C:\Users\xussn\Desktop\kurs\lms-project\node_modules\next\dist\compiled\@next\font\dist\google\sort-fonts-variant-values.d.ts'
npm warn tar TAR_ENTRY_ERROR ENOENT: no such file or directory, open 'C:\Users\xussn\Desktop\kurs\lms-project\node_modules\next\dist\shared\lib\router\utils\sortable-routes.d.ts'
npm warn tar TAR_ENTRY_ERROR ENOENT: no such file or directory, open 'C:\Users\xussn\Desktop\kurs\lms-project\node_modules\next\dist\shared\lib\router\utils\sorted-routes.d.ts'
npm warn tar TAR_ENTRY_ERROR ENOENT: no such file or directory, open 'C:\Users\xussn\Desktop\kurs\lms-project\node_modules\next\dist\server\dev\browser-logs\source-map.d.ts'
npm warn tar TAR_ENTRY_ERROR ENOENT: no such file or directory, open 'C:\Users\xussn\Desktop\kurs\lms-project\node_modules\next\dist\server\lib\source-maps.d.ts'
npm warn tar TAR_ENTRY_ERROR ENOENT: no such file or directory, open 'C:\Users\xussn\Desktop\kurs\lms-project\node_modules\next\dist\build\spinner.d.ts'
npm warn tar TAR_ENTRY_ERROR ENOENT: no such file or directory, open 'C:\Users\xussn\Desktop\kurs\lms-project\node_modules\next\dist\next-devtools\shared\stack-frame.d.ts'
npm warn tar TAR_ENTRY_ERROR ENOENT: no such file or directory, open 'C:\Users\xussn\Desktop\kurs\lms-project\node_modules\next\dist\server\app-render\staged-rendering.d.ts'
npm warn tar TAR_ENTRY_ERROR ENOENT: no such file or directory, open 'C:\Users\xussn\Desktop\kurs\lms-project\node_modules\next\dist\server\app-render\stale-time.d.ts'
npm warn tar TAR_ENTRY_ERROR ENOENT: no such file or directory, open 'C:\Users\xussn\Desktop\kurs\lms-project\node_modules\next\dist\server\lib\start-server.d.ts'
npm warn tar TAR_ENTRY_ERROR ENOENT: no such file or directory, open 'C:\Users\xussn\Desktop\kurs\lms-project\node_modules\next\dist\lib\memory\startup.d.ts'
npm warn tar TAR_ENTRY_ERROR ENOENT: no such file or directory, open 'C:\Users\xussn\Desktop\kurs\lms-project\node_modules\next\dist\client\components\static-generation-bailout.d.ts'
npm warn tar TAR_ENTRY_ERROR ENOENT: no such file or directory, open 'C:\Users\xussn\Desktop\kurs\lms-project\node_modules\next\dist\server\dev\static-paths-worker.d.ts'
npm warn tar TAR_ENTRY_ERROR ENOENT: no such file or directory, lstat 'C:\Users\xussn\Desktop\kurs\lms-project\node_modules\next\dist\next-devtools\dev-overlay'
npm warn tar TAR_ENTRY_ERROR ENOENT: no such file or directory, open 'C:\Users\xussn\Desktop\kurs\lms-project\node_modules\next\dist\experimental\testmode\playwright\step.d.ts'
npm warn tar TAR_ENTRY_ERROR ENOENT: no such file or directory, open 'C:\Users\xussn\Desktop\kurs\lms-project\node_modules\next\dist\next-devtools\userspace\app\errors\stitched-error.d.ts'
npm warn tar TAR_ENTRY_ERROR ENOENT: no such file or directory, open 'C:\Users\xussn\Desktop\kurs\lms-project\node_modules\next\dist\telemetry\storage.d.ts'
npm warn tar TAR_ENTRY_ERROR ENOENT: no such file or directory, open 'C:\Users\xussn\Desktop\kurs\lms-project\node_modules\next\dist\build\output\store.d.ts'
npm warn tar TAR_ENTRY_ERROR ENOENT: no such file or directory, open 'C:\Users\xussn\Desktop\kurs\lms-project\node_modules\next\dist\server\app-render\stream-ops.d.ts'
npm warn tar TAR_ENTRY_ERROR ENOENT: no such file or directory, open 'C:\Users\xussn\Desktop\kurs\lms-project\node_modules\next\dist\server\app-render\stream-ops.web.d.ts'
npm warn tar TAR_ENTRY_ERROR ENOENT: no such file or directory, open 'C:\Users\xussn\Desktop\kurs\lms-project\node_modules\next\dist\server\app-render\instant-validation\stream-utils.d.ts'
npm warn tar TAR_ENTRY_ERROR ENOENT: no such file or directory, open 'C:\Users\xussn\Desktop\kurs\lms-project\node_modules\next\dist\server\lib\streaming-metadata.d.ts'
npm warn tar TAR_ENTRY_ERROR ENOENT: no such file or directory, open 'C:\Users\xussn\Desktop\kurs\lms-project\node_modules\next\dist\build\webpack\stringify-request.d.ts'
npm warn tar TAR_ENTRY_ERROR ENOENT: no such file or directory, open 'C:\Users\xussn\Desktop\kurs\lms-project\node_modules\next\dist\server\app-render\strip-flight-headers.d.ts'
npm warn tar TAR_ENTRY_ERROR ENOENT: no such file or directory, open 'C:\Users\xussn\Desktop\kurs\lms-project\node_modules\next\dist\styled-jsx\types\style.d.ts'
npm warn tar TAR_ENTRY_ERROR ENOENT: no such file or directory, open 'C:\Users\xussn\Desktop\kurs\lms-project\node_modules\next\dist\esm\shared\lib\styled-jsx.d.ts'
npm warn tar TAR_ENTRY_ERROR ENOENT: no such file or directory, open 'C:\Users\xussn\Desktop\kurs\lms-project\node_modules\next\dist\shared\lib\styled-jsx.d.ts'
npm warn tar TAR_ENTRY_ERROR ENOENT: no such file or directory, open 'C:\Users\xussn\Desktop\kurs\lms-project\node_modules\next\dist\build\jest\__mocks__\styleMock.d.ts'
npm warn tar TAR_ENTRY_ERROR ENOENT: no such file or directory, lstat 'C:\Users\xussn\Desktop\kurs\lms-project\node_modules\next\dist\next-devtools\dev-overlay'
npm warn tar TAR_ENTRY_ERROR ENOENT: no such file or directory, lstat 'C:\Users\xussn\Desktop\kurs\lms-project\node_modules\next\dist\next-devtools\dev-overlay'
npm warn tar TAR_ENTRY_ERROR ENOENT: no such file or directory, open 'C:\Users\xussn\Desktop\kurs\lms-project\node_modules\next\dist\build\webpack\plugins\subresource-integrity-plugin.d.ts'
npm warn tar TAR_ENTRY_ERROR ENOENT: no such file or directory, open 'C:\Users\xussn\Desktop\kurs\lms-project\node_modules\next\dist\server\normalizers\request\suffix.d.ts'
npm warn tar TAR_ENTRY_ERROR ENOENT: no such file or directory, open 'C:\Users\xussn\Desktop\kurs\lms-project\node_modules\next\dist\telemetry\events\swc-load-failure.d.ts'
npm warn tar TAR_ENTRY_ERROR ENOENT: no such file or directory, open 'C:\Users\xussn\Desktop\kurs\lms-project\node_modules\next\dist\telemetry\events\swc-plugins.d.ts'
npm warn tar TAR_ENTRY_ERROR ENOENT: no such file or directory, lstat 'C:\Users\xussn\Desktop\kurs\lms-project\node_modules\next\dist\next-devtools\dev-overlay'
npm warn tar TAR_ENTRY_ERROR ENOENT: no such file or directory, open 'C:\Users\xussn\Desktop\kurs\lms-project\node_modules\next\dist\server\lib\incremental-cache\tags-manifest.external.d.ts'
npm warn tar TAR_ENTRY_ERROR ENOENT: no such file or directory, open 'C:\Users\xussn\Desktop\kurs\lms-project\node_modules\next\dist\server\app-render\rsc\taint.d.ts'
npm warn tar TAR_ENTRY_ERROR ENOENT: no such file or directory, open 'C:\Users\xussn\Desktop\kurs\lms-project\node_modules\next\dist\build\turborepo-access-trace\tcp.d.ts'
npm warn tar TAR_ENTRY_ERROR ENOENT: no such file or directory, open 'C:\Users\xussn\Desktop\kurs\lms-project\node_modules\next\dist\build\webpack\plugins\telemetry-plugin\telemetry-plugin.d.ts'
npm warn tar TAR_ENTRY_ERROR ENOENT: no such file or directory, open 'C:\Users\xussn\Desktop\kurs\lms-project\node_modules\next\dist\next-devtools\userspace\app\terminal-logging-config.d.ts'
npm warn tar TAR_ENTRY_ERROR ENOENT: no such file or directory, lstat 'C:\Users\xussn\Desktop\kurs\lms-project\node_modules\next\dist\next-devtools\dev-overlay'
npm warn tar TAR_ENTRY_ERROR ENOENT: no such file or directory, lstat 'C:\Users\xussn\Desktop\kurs\lms-project\node_modules\next\dist\next-devtools\dev-overlay'
npm warn tar TAR_ENTRY_ERROR ENOENT: no such file or directory, lstat 'C:\Users\xussn\Desktop\kurs\lms-project\node_modules\next\dist\next-devtools\dev-overlay'
npm warn tar TAR_ENTRY_ERROR ENOENT: no such file or directory, open 'C:\Users\xussn\Desktop\kurs\lms-project\node_modules\next\dist\compiled\@edge-runtime\primitives\timers.d.ts'
npm warn tar TAR_ENTRY_ERROR ENOENT: no such file or directory, open 'C:\Users\xussn\Desktop\kurs\lms-project\node_modules\next\dist\trace\report\to-json-build.d.ts'
npm warn tar TAR_ENTRY_ERROR ENOENT: no such file or directory, open 'C:\Users\xussn\Desktop\kurs\lms-project\node_modules\next\dist\trace\report\to-json.d.ts'
npm warn tar TAR_ENTRY_ERROR ENOENT: no such file or directory, open 'C:\Users\xussn\Desktop\kurs\lms-project\node_modules\next\dist\server\lib\to-route.d.ts'
npm warn tar TAR_ENTRY_ERROR ENOENT: no such file or directory, open 'C:\Users\xussn\Desktop\kurs\lms-project\node_modules\next\dist\trace\report\to-telemetry.d.ts'
npm warn tar TAR_ENTRY_ERROR ENOENT: no such file or directory, lstat 'C:\Users\xussn\Desktop\kurs\lms-project\node_modules\next\dist\next-devtools\dev-overlay'
npm warn tar TAR_ENTRY_ERROR ENOENT: no such file or directory, lstat 'C:\Users\xussn\Desktop\kurs\lms-project\node_modules\next\dist\next-devtools\dev-overlay'
npm warn tar TAR_ENTRY_ERROR ENOENT: no such file or directory, open 'C:\Users\xussn\Desktop\kurs\lms-project\node_modules\next\dist\trace\trace-uploader.d.ts'
npm warn tar TAR_ENTRY_ERROR ENOENT: no such file or directory, open 'C:\Users\xussn\Desktop\kurs\lms-project\node_modules\next\dist\lib\memory\trace.d.ts'
npm warn tar TAR_ENTRY_ERROR ENOENT: no such file or directory, open 'C:\Users\xussn\Desktop\kurs\lms-project\node_modules\next\dist\trace\trace.d.ts'
npm warn tar TAR_ENTRY_ERROR ENOENT: no such file or directory, open 'C:\Users\xussn\Desktop\kurs\lms-project\node_modules\next\dist\client\tracing\tracer.d.ts'
npm warn tar TAR_ENTRY_ERROR ENOENT: no such file or directory, open 'C:\Users\xussn\Desktop\kurs\lms-project\node_modules\next\dist\server\lib\trace\tracer.d.ts'
npm warn tar TAR_ENTRY_ERROR ENOENT: no such file or directory, open 'C:\Users\xussn\Desktop\kurs\lms-project\node_modules\next\dist\build\webpack\loaders\next-flight-loader\track-dynamic-import.d.ts'
npm warn tar TAR_ENTRY_ERROR ENOENT: no such file or directory, open 'C:\Users\xussn\Desktop\kurs\lms-project\node_modules\next\dist\server\app-render\module-loading\track-dynamic-import.d.ts'
npm warn tar TAR_ENTRY_ERROR ENOENT: no such file or directory, open 'C:\Users\xussn\Desktop\kurs\lms-project\node_modules\next\dist\server\app-render\module-loading\track-module-loading.external.d.ts'
npm warn tar TAR_ENTRY_ERROR ENOENT: no such file or directory, open 'C:\Users\xussn\Desktop\kurs\lms-project\node_modules\next\dist\server\app-render\module-loading\track-module-loading.instance.d.ts'
npm warn tar TAR_ENTRY_ERROR ENOENT: no such file or directory, open 'C:\Users\xussn\Desktop\kurs\lms-project\node_modules\next\dist\build\babel\loader\transform.d.ts'
npm warn tar TAR_ENTRY_ERROR ENOENT: no such file or directory, open 'C:\Users\xussn\Desktop\kurs\lms-project\node_modules\next\dist\build\next-config-ts\transpile-config.d.ts'
npm warn tar TAR_ENTRY_ERROR ENOENT: no such file or directory, open 'C:\Users\xussn\Desktop\kurs\lms-project\node_modules\next\dist\client\trusted-types.d.ts'
npm warn tar TAR_ENTRY_ERROR ENOENT: no such file or directory, open 'C:\Users\xussn\Desktop\kurs\lms-project\node_modules\next\dist\server\api-utils\node\try-get-preview-data.d.ts'
npm warn tar TAR_ENTRY_ERROR ENOENT: no such file or directory, open 'C:\Users\xussn\Desktop\kurs\lms-project\node_modules\next\dist\cli\internal\turbo-trace-server.d.ts'
npm warn tar TAR_ENTRY_ERROR ENOENT: no such file or directory, open 'C:\Users\xussn\Desktop\kurs\lms-project\node_modules\next\dist\client\dev\hot-reloader\turbopack-hot-reloader-common.d.ts'
npm warn tar TAR_ENTRY_ERROR ENOENT: no such file or directory, open 'C:\Users\xussn\Desktop\kurs\lms-project\node_modules\next\dist\server\dev\turbopack-utils.d.ts'
npm warn tar TAR_ENTRY_ERROR ENOENT: no such file or directory, open 'C:\Users\xussn\Desktop\kurs\lms-project\node_modules\next\dist\lib\metadata\types\twitter-types.d.ts'
npm warn tar TAR_ENTRY_ERROR ENOENT: no such file or directory, open 'C:\Users\xussn\Desktop\kurs\lms-project\node_modules\next\dist\build\type-check.d.ts'
npm warn tar TAR_ENTRY_ERROR ENOENT: no such file or directory, open 'C:\Users\xussn\Desktop\kurs\lms-project\node_modules\next\dist\lib\typescript\type-paths.d.ts'
npm warn tar TAR_ENTRY_ERROR ENOENT: no such file or directory, open 'C:\Users\xussn\Desktop\kurs\lms-project\node_modules\next\dist\server\lib\router-utils\typegen.d.ts'
npm warn tar TAR_ENTRY_ERROR ENOENT: no such file or directory, open 'C:\Users\xussn\Desktop\kurs\lms-project\node_modules\next\dist\build\babel\loader\types.d.ts'
npm warn tar TAR_ENTRY_ERROR ENOENT: no such file or directory, open 'C:\Users\xussn\Desktop\kurs\lms-project\node_modules\next\dist\build\static-paths\types.d.ts'
npm warn tar TAR_ENTRY_ERROR ENOENT: no such file or directory, open 'C:\Users\xussn\Desktop\kurs\lms-project\node_modules\next\dist\build\swc\types.d.ts'
npm warn tar TAR_ENTRY_ERROR ENOENT: no such file or directory, open 'C:\Users\xussn\Desktop\kurs\lms-project\node_modules\next\dist\build\turborepo-access-trace\types.d.ts'
npm warn tar TAR_ENTRY_ERROR ENOENT: no such file or directory, open 'C:\Users\xussn\Desktop\kurs\lms-project\node_modules\next\dist\build\webpack\loaders\metadata\types.d.ts'
npm warn tar TAR_ENTRY_ERROR ENOENT: no such file or directory, open 'C:\Users\xussn\Desktop\kurs\lms-project\node_modules\next\dist\client\components\segment-cache\types.d.ts'
npm warn tar TAR_ENTRY_ERROR ENOENT: no such file or directory, open 'C:\Users\xussn\Desktop\kurs\lms-project\node_modules\next\dist\compiled\@next\font\dist\types.d.ts'
npm warn tar TAR_ENTRY_ERROR ENOENT: no such file or directory, open 'C:\Users\xussn\Desktop\kurs\lms-project\node_modules\next\dist\compiled\@vercel\og\types.d.ts'
npm warn tar TAR_ENTRY_ERROR ENOENT: no such file or directory, open 'C:\Users\xussn\Desktop\kurs\lms-project\node_modules\next\dist\esm\build\babel\loader\types.d.ts'
npm warn tar TAR_ENTRY_ERROR ENOENT: no such file or directory, open 'C:\Users\xussn\Desktop\kurs\lms-project\node_modules\next\dist\experimental\testmode\proxy\types.d.ts'
npm warn tar TAR_ENTRY_ERROR ENOENT: no such file or directory, open 'C:\Users\xussn\Desktop\kurs\lms-project\node_modules\next\dist\export\routes\types.d.ts'
npm warn tar TAR_ENTRY_ERROR ENOENT: no such file or directory, open 'C:\Users\xussn\Desktop\kurs\lms-project\node_modules\next\dist\export\types.d.ts'
npm warn tar TAR_ENTRY_ERROR ENOENT: no such file or directory, open 'C:\Users\xussn\Desktop\kurs\lms-project\node_modules\next\dist\next-devtools\shared\types.d.ts'
npm warn tar TAR_ENTRY_ERROR ENOENT: no such file or directory, open 'C:\Users\xussn\Desktop\kurs\lms-project\node_modules\next\dist\server\app-render\types.d.ts'
npm warn tar TAR_ENTRY_ERROR ENOENT: no such file or directory, open 'C:\Users\xussn\Desktop\kurs\lms-project\node_modules\next\dist\server\instrumentation\types.d.ts'
npm warn tar TAR_ENTRY_ERROR ENOENT: no such file or directory, open 'C:\Users\xussn\Desktop\kurs\lms-project\node_modules\next\dist\server\lib\cache-handlers\types.d.ts'
npm warn tar TAR_ENTRY_ERROR ENOENT: no such file or directory, open 'C:\Users\xussn\Desktop\kurs\lms-project\node_modules\next\dist\server\lib\router-utils\types.d.ts'
npm warn tar TAR_ENTRY_ERROR ENOENT: no such file or directory, open 'C:\Users\xussn\Desktop\kurs\lms-project\node_modules\next\dist\server\lib\types.d.ts'
npm warn tar TAR_ENTRY_ERROR ENOENT: no such file or directory, open 'C:\Users\xussn\Desktop\kurs\lms-project\node_modules\next\dist\server\response-cache\types.d.ts'
npm warn tar TAR_ENTRY_ERROR ENOENT: no such file or directory, open 'C:\Users\xussn\Desktop\kurs\lms-project\node_modules\next\dist\server\web\types.d.ts'
npm warn tar TAR_ENTRY_ERROR ENOENT: no such file or directory, open 'C:\Users\xussn\Desktop\kurs\lms-project\node_modules\next\dist\shared\lib\lazy-dynamic\types.d.ts'
npm warn tar TAR_ENTRY_ERROR ENOENT: no such file or directory, open 'C:\Users\xussn\Desktop\kurs\lms-project\node_modules\next\dist\trace\report\types.d.ts'
npm warn tar TAR_ENTRY_ERROR ENOENT: no such file or directory, open 'C:\Users\xussn\Desktop\kurs\lms-project\node_modules\next\dist\trace\types.d.ts'
npm warn tar TAR_ENTRY_ERROR ENOENT: no such file or directory, open 'C:\Users\xussn\Desktop\kurs\lms-project\node_modules\next\dist\server\stream-utils\uint8array-helpers.d.ts'
npm warn tar TAR_ENTRY_ERROR ENOENT: no such file or directory, open 'C:\Users\xussn\Desktop\kurs\lms-project\node_modules\next\dist\client\components\builtin\unauthorized.d.ts'
npm warn tar TAR_ENTRY_ERROR ENOENT: no such file or directory, open 'C:\Users\xussn\Desktop\kurs\lms-project\node_modules\next\dist\client\components\unauthorized.d.ts'
npm warn tar TAR_ENTRY_ERROR ENOENT: no such file or directory, open 'C:\Users\xussn\Desktop\kurs\lms-project\node_modules\next\dist\server\normalizers\underscore-normalizer.d.ts'
npm warn tar TAR_ENTRY_ERROR ENOENT: no such file or directory, open 'C:\Users\xussn\Desktop\kurs\lms-project\node_modules\next\dist\server\node-environment-extensions\unhandled-rejection.external.d.ts'
npm warn tar TAR_ENTRY_ERROR ENOENT: no such file or directory, open 'C:\Users\xussn\Desktop\kurs\lms-project\node_modules\next\dist\client\components\unrecognized-action-error.d.ts'
npm warn tar TAR_ENTRY_ERROR ENOENT: no such file or directory, open 'C:\Users\xussn\Desktop\kurs\lms-project\node_modules\next\dist\client\components\unresolved-thenable.d.ts'
npm warn tar TAR_ENTRY_ERROR ENOENT: no such file or directory, open 'C:\Users\xussn\Desktop\kurs\lms-project\node_modules\next\dist\server\web\spec-extension\unstable-cache.d.ts'
npm warn tar TAR_ENTRY_ERROR ENOENT: no such file or directory, open 'C:\Users\xussn\Desktop\kurs\lms-project\node_modules\next\dist\server\web\spec-extension\unstable-no-store.d.ts'
npm warn tar TAR_ENTRY_ERROR ENOENT: no such file or directory, open 'C:\Users\xussn\Desktop\kurs\lms-project\node_modules\next\dist\client\components\unstable-rethrow.browser.d.ts'
npm warn tar TAR_ENTRY_ERROR ENOENT: no such file or directory, open 'C:\Users\xussn\Desktop\kurs\lms-project\node_modules\next\dist\client\components\unstable-rethrow.d.ts'
npm warn tar TAR_ENTRY_ERROR ENOENT: no such file or directory, open 'C:\Users\xussn\Desktop\kurs\lms-project\node_modules\next\dist\client\components\unstable-rethrow.server.d.ts'
npm warn tar TAR_ENTRY_ERROR ENOENT: no such file or directory, open 'C:\Users\xussn\Desktop\kurs\lms-project\node_modules\next\dist\build\webpack\plugins\telemetry-plugin\update-telemetry-loader-context-from-swc.d.ts'
npm warn tar TAR_ENTRY_ERROR ENOENT: no such file or directory, open 'C:\Users\xussn\Desktop\kurs\lms-project\node_modules\next\dist\trace\upload-trace.d.ts'
npm warn tar TAR_ENTRY_ERROR ENOENT: no such file or directory, open 'C:\Users\xussn\Desktop\kurs\lms-project\node_modules\next\dist\server\web\spec-extension\url-pattern.d.ts'
npm warn tar TAR_ENTRY_ERROR ENOENT: no such file or directory, open 'C:\Users\xussn\Desktop\kurs\lms-project\node_modules\next\dist\compiled\@edge-runtime\primitives\url.d.ts'
npm warn tar TAR_ENTRY_ERROR ENOENT: no such file or directory, open 'C:\Users\xussn\Desktop\kurs\lms-project\node_modules\next\dist\shared\lib\errors\usage-error.d.ts'
npm warn tar TAR_ENTRY_ERROR ENOENT: no such file or directory, open 'C:\Users\xussn\Desktop\kurs\lms-project\node_modules\next\dist\client\components\use-action-queue.d.ts'
npm warn tar TAR_ENTRY_ERROR ENOENT: no such file or directory, lstat 'C:\Users\xussn\Desktop\kurs\lms-project\node_modules\next\dist\next-devtools\dev-overlay'
npm warn tar TAR_ENTRY_ERROR ENOENT: no such file or directory, open 'C:\Users\xussn\Desktop\kurs\lms-project\node_modules\next\dist\next-devtools\userspace\use-app-dev-rendering-indicator.d.ts'
npm warn tar TAR_ENTRY_ERROR ENOENT: no such file or directory, open 'C:\Users\xussn\Desktop\kurs\lms-project\node_modules\next\dist\server\use-cache\use-cache-errors.d.ts'
npm warn tar TAR_ENTRY_ERROR ENOENT: no such file or directory, open 'C:\Users\xussn\Desktop\kurs\lms-project\node_modules\next\dist\build\webpack\plugins\telemetry-plugin\use-cache-tracker-utils.d.ts'
npm warn tar TAR_ENTRY_ERROR ENOENT: no such file or directory, open 'C:\Users\xussn\Desktop\kurs\lms-project\node_modules\next\dist\server\use-cache\use-cache-wrapper.d.ts'
npm warn tar TAR_ENTRY_ERROR ENOENT: no such file or directory, open 'C:\Users\xussn\Desktop\kurs\lms-project\node_modules\next\dist\client\use-client-disallowed.d.ts'
npm warn tar TAR_ENTRY_ERROR ENOENT: no such file or directory, lstat 'C:\Users\xussn\Desktop\kurs\lms-project\node_modules\next\dist\next-devtools\dev-overlay'
npm warn tar TAR_ENTRY_ERROR ENOENT: no such file or directory, open 'C:\Users\xussn\Desktop\kurs\lms-project\node_modules\next\dist\next-devtools\userspace\app\errors\use-error-handler.d.ts'
npm warn tar TAR_ENTRY_ERROR ENOENT: no such file or directory, open 'C:\Users\xussn\Desktop\kurs\lms-project\node_modules\next\dist\server\app-render\use-flight-response.d.ts'
npm warn tar TAR_ENTRY_ERROR ENOENT: no such file or directory, open 'C:\Users\xussn\Desktop\kurs\lms-project\node_modules\next\dist\client\use-intersection.d.ts'
npm warn tar TAR_ENTRY_ERROR ENOENT: no such file or directory, lstat 'C:\Users\xussn\Desktop\kurs\lms-project\node_modules\next\dist\next-devtools\dev-overlay'
npm warn tar TAR_ENTRY_ERROR ENOENT: no such file or directory, open 'C:\Users\xussn\Desktop\kurs\lms-project\node_modules\next\dist\client\use-merged-ref.d.ts'
npm warn tar TAR_ENTRY_ERROR ENOENT: no such file or directory, lstat 'C:\Users\xussn\Desktop\kurs\lms-project\node_modules\next\dist\next-devtools\dev-overlay'
npm warn tar TAR_ENTRY_ERROR ENOENT: no such file or directory, lstat 'C:\Users\xussn\Desktop\kurs\lms-project\node_modules\next\dist\next-devtools\dev-overlay'
npm warn tar TAR_ENTRY_ERROR ENOENT: no such file or directory, lstat 'C:\Users\xussn\Desktop\kurs\lms-project\node_modules\next\dist\next-devtools\dev-overlay'
npm warn tar TAR_ENTRY_ERROR ENOENT: no such file or directory, lstat 'C:\Users\xussn\Desktop\kurs\lms-project\node_modules\next\dist\next-devtools\dev-overlay'
npm warn tar TAR_ENTRY_ERROR ENOENT: no such file or directory, lstat 'C:\Users\xussn\Desktop\kurs\lms-project\node_modules\next\dist\next-devtools\dev-overlay'
npm warn tar TAR_ENTRY_ERROR ENOENT: no such file or directory, lstat 'C:\Users\xussn\Desktop\kurs\lms-project\node_modules\next\dist\next-devtools\dev-overlay'
npm warn tar TAR_ENTRY_ERROR ENOENT: no such file or directory, open 'C:\Users\xussn\Desktop\kurs\lms-project\node_modules\next\dist\server\web\spec-extension\user-agent.d.ts'
npm warn tar TAR_ENTRY_ERROR ENOENT: no such file or directory, lstat 'C:\Users\xussn\Desktop\kurs\lms-project\node_modules\next\dist\next-devtools\dev-overlay'
npm warn tar TAR_ENTRY_ERROR ENOENT: no such file or directory, open 'C:\Users\xussn\Desktop\kurs\lms-project\node_modules\next\dist\build\babel\loader\util.d.ts'
npm warn tar TAR_ENTRY_ERROR ENOENT: no such file or directory, open 'C:\Users\xussn\Desktop\kurs\lms-project\node_modules\next\dist\build\static-paths\utils.d.ts'
npm warn tar TAR_ENTRY_ERROR ENOENT: no such file or directory, open 'C:\Users\xussn\Desktop\kurs\lms-project\node_modules\next\dist\build\utils.d.ts'
npm warn tar TAR_ENTRY_ERROR ENOENT: no such file or directory, open 'C:\Users\xussn\Desktop\kurs\lms-project\node_modules\next\dist\build\webpack\config\utils.d.ts'
npm warn tar TAR_ENTRY_ERROR ENOENT: no such file or directory, open 'C:\Users\xussn\Desktop\kurs\lms-project\node_modules\next\dist\build\webpack\loaders\css-loader\src\utils.d.ts'
npm warn tar TAR_ENTRY_ERROR ENOENT: no such file or directory, open 'C:\Users\xussn\Desktop\kurs\lms-project\node_modules\next\dist\build\webpack\loaders\lightningcss-loader\src\utils.d.ts'
npm warn tar TAR_ENTRY_ERROR ENOENT: no such file or directory, open 'C:\Users\xussn\Desktop\kurs\lms-project\node_modules\next\dist\build\webpack\loaders\postcss-loader\src\utils.d.ts'
npm warn tar TAR_ENTRY_ERROR ENOENT: no such file or directory, open 'C:\Users\xussn\Desktop\kurs\lms-project\node_modules\next\dist\build\webpack\loaders\utils.d.ts'
npm warn tar TAR_ENTRY_ERROR ENOENT: no such file or directory, open 'C:\Users\xussn\Desktop\kurs\lms-project\node_modules\next\dist\build\webpack\utils.d.ts'
npm warn tar TAR_ENTRY_ERROR ENOENT: no such file or directory, open 'C:\Users\xussn\Desktop\kurs\lms-project\node_modules\next\dist\experimental\testing\server\utils.d.ts'
npm warn tar TAR_ENTRY_ERROR ENOENT: no such file or directory, open 'C:\Users\xussn\Desktop\kurs\lms-project\node_modules\next\dist\export\utils.d.ts'
npm warn tar TAR_ENTRY_ERROR ENOENT: no such file or directory, open 'C:\Users\xussn\Desktop\kurs\lms-project\node_modules\next\dist\lib\metadata\generate\utils.d.ts'
npm warn tar TAR_ENTRY_ERROR ENOENT: no such file or directory, lstat 'C:\Users\xussn\Desktop\kurs\lms-project\node_modules\next\dist\next-devtools\dev-overlay'
npm warn tar TAR_ENTRY_ERROR ENOENT: no such file or directory, open 'C:\Users\xussn\Desktop\kurs\lms-project\node_modules\next\dist\server\instrumentation\utils.d.ts'
npm warn tar TAR_ENTRY_ERROR ENOENT: no such file or directory, open 'C:\Users\xussn\Desktop\kurs\lms-project\node_modules\next\dist\server\lib\server-ipc\utils.d.ts'
npm warn tar TAR_ENTRY_ERROR ENOENT: no such file or directory, open 'C:\Users\xussn\Desktop\kurs\lms-project\node_modules\next\dist\server\lib\trace\utils.d.ts'
npm warn tar TAR_ENTRY_ERROR ENOENT: no such file or directory, open 'C:\Users\xussn\Desktop\kurs\lms-project\node_modules\next\dist\server\lib\utils.d.ts'
npm warn tar TAR_ENTRY_ERROR ENOENT: no such file or directory, open 'C:\Users\xussn\Desktop\kurs\lms-project\node_modules\next\dist\server\request\utils.d.ts'
npm warn tar TAR_ENTRY_ERROR ENOENT: no such file or directory, open 'C:\Users\xussn\Desktop\kurs\lms-project\node_modules\next\dist\server\response-cache\utils.d.ts'
npm warn tar TAR_ENTRY_ERROR ENOENT: no such file or directory, open 'C:\Users\xussn\Desktop\kurs\lms-project\node_modules\next\dist\server\typescript\utils.d.ts'
npm warn tar TAR_ENTRY_ERROR ENOENT: no such file or directory, open 'C:\Users\xussn\Desktop\kurs\lms-project\node_modules\next\dist\server\utils.d.ts'
npm warn tar TAR_ENTRY_ERROR ENOENT: no such file or directory, open 'C:\Users\xussn\Desktop\kurs\lms-project\node_modules\next\dist\server\web\utils.d.ts'
npm warn tar TAR_ENTRY_ERROR ENOENT: no such file or directory, open 'C:\Users\xussn\Desktop\kurs\lms-project\node_modules\next\dist\shared\lib\turbopack\utils.d.ts'
npm warn tar TAR_ENTRY_ERROR ENOENT: no such file or directory, open 'C:\Users\xussn\Desktop\kurs\lms-project\node_modules\next\dist\shared\lib\utils.d.ts'
npm warn tar TAR_ENTRY_ERROR ENOENT: no such file or directory, open 'C:\Users\xussn\Desktop\kurs\lms-project\node_modules\next\dist\build\validate-app-paths.d.ts'
npm warn tar TAR_ENTRY_ERROR ENOENT: no such file or directory, open 'C:\Users\xussn\Desktop\kurs\lms-project\node_modules\next\dist\compiled\@next\font\dist\google\validate-google-font-function-call.d.ts'
npm warn tar TAR_ENTRY_ERROR ENOENT: no such file or directory, open 'C:\Users\xussn\Desktop\kurs\lms-project\node_modules\next\dist\compiled\@next\font\dist\local\validate-local-font-function-call.d.ts'
npm warn tar TAR_ENTRY_ERROR ENOENT: no such file or directory, open 'C:\Users\xussn\Desktop\kurs\lms-project\node_modules\next\dist\build\webpack\loaders\resolve-url-loader\lib\value-processor.d.ts'
npm warn tar TAR_ENTRY_ERROR ENOENT: no such file or directory, open 'C:\Users\xussn\Desktop\kurs\lms-project\node_modules\next\dist\shared\lib\segment-cache\vary-params-decoding.d.ts'
npm warn tar TAR_ENTRY_ERROR ENOENT: no such file or directory, open 'C:\Users\xussn\Desktop\kurs\lms-project\node_modules\next\dist\server\app-render\vary-params.d.ts'
npm warn tar TAR_ENTRY_ERROR ENOENT: no such file or directory, open 'C:\Users\xussn\Desktop\kurs\lms-project\node_modules\next\dist\client\components\segment-cache\vary-path.d.ts'
npm warn tar TAR_ENTRY_ERROR ENOENT: no such file or directory, lstat 'C:\Users\xussn\Desktop\kurs\lms-project\node_modules\next\dist\next-devtools\dev-overlay'
npm warn tar TAR_ENTRY_ERROR ENOENT: no such file or directory, open 'C:\Users\xussn\Desktop\kurs\lms-project\node_modules\next\dist\next-devtools\shared\version-staleness.d.ts'
npm warn tar TAR_ENTRY_ERROR ENOENT: no such file or directory, open 'C:\Users\xussn\Desktop\kurs\lms-project\node_modules\next\dist\telemetry\events\version.d.ts'
npm warn tar TAR_ENTRY_ERROR ENOENT: no such file or directory, open 'C:\Users\xussn\Desktop\kurs\lms-project\node_modules\next\dist\server\app-render\walk-tree-with-flight-router-state.d.ts'
npm warn tar TAR_ENTRY_ERROR ENOENT: no such file or directory, open 'C:\Users\xussn\Desktop\kurs\lms-project\node_modules\next\dist\shared\lib\utils\warn-once.d.ts'
npm warn tar TAR_ENTRY_ERROR ENOENT: no such file or directory, open 'C:\Users\xussn\Desktop\kurs\lms-project\node_modules\next\dist\build\webpack\loaders\postcss-loader\src\Warning.d.ts'
npm warn tar TAR_ENTRY_ERROR ENOENT: no such file or directory, lstat 'C:\Users\xussn\Desktop\kurs\lms-project\node_modules\next\dist\next-devtools\dev-overlay'
npm warn tar TAR_ENTRY_ERROR ENOENT: no such file or directory, open 'C:\Users\xussn\Desktop\kurs\lms-project\node_modules\next\dist\server\node-environment-extensions\web-crypto.d.ts'
npm warn tar TAR_ENTRY_ERROR ENOENT: no such file or directory, open 'C:\Users\xussn\Desktop\kurs\lms-project\node_modules\next\dist\server\web\web-on-close.d.ts'
npm warn tar TAR_ENTRY_ERROR ENOENT: no such file or directory, open 'C:\Users\xussn\Desktop\kurs\lms-project\node_modules\next\dist\client\dev\hot-reloader\app\web-socket.d.ts'
npm warn tar TAR_ENTRY_ERROR ENOENT: no such file or directory, open 'C:\Users\xussn\Desktop\kurs\lms-project\node_modules\next\dist\client\web-vitals.d.ts'
npm warn tar TAR_ENTRY_ERROR ENOENT: no such file or directory, open 'C:\Users\xussn\Desktop\kurs\lms-project\node_modules\next\dist\server\api-utils\web.d.ts'
npm warn tar TAR_ENTRY_ERROR ENOENT: no such file or directory, open 'C:\Users\xussn\Desktop\kurs\lms-project\node_modules\next\dist\server\base-http\web.d.ts'
npm warn tar TAR_ENTRY_ERROR ENOENT: no such file or directory, open 'C:\Users\xussn\Desktop\kurs\lms-project\node_modules\next\dist\server\response-cache\web.d.ts'
npm warn tar TAR_ENTRY_ERROR ENOENT: no such file or directory, open 'C:\Users\xussn\Desktop\kurs\lms-project\node_modules\next\dist\build\webpack-config.d.ts'
npm warn tar TAR_ENTRY_ERROR ENOENT: no such file or directory, open 'C:\Users\xussn\Desktop\kurs\lms-project\node_modules\next\dist\next-devtools\shared\webpack-module-path.d.ts'
npm warn tar TAR_ENTRY_ERROR ENOENT: no such file or directory, open 'C:\Users\xussn\Desktop\kurs\lms-project\node_modules\next\dist\client\webpack.d.ts'
npm warn tar TAR_ENTRY_ERROR ENOENT: no such file or directory, open 'C:\Users\xussn\Desktop\kurs\lms-project\node_modules\next\dist\compiled\webpack\webpack.d.ts'
npm warn tar TAR_ENTRY_ERROR ENOENT: no such file or directory, open 'C:\Users\xussn\Desktop\kurs\lms-project\node_modules\next\dist\build\webpack\plugins\wellknown-errors-plugin\webpackModuleError.d.ts'
npm warn tar TAR_ENTRY_ERROR ENOENT: no such file or directory, open 'C:\Users\xussn\Desktop\kurs\lms-project\node_modules\next\dist\client\dev\error-overlay\websocket.d.ts'
npm warn tar TAR_ENTRY_ERROR ENOENT: no such file or directory, open 'C:\Users\xussn\Desktop\kurs\lms-project\node_modules\next\dist\client\dev\hot-reloader\pages\websocket.d.ts'
npm warn tar TAR_ENTRY_ERROR ENOENT: no such file or directory, open 'C:\Users\xussn\Desktop\kurs\lms-project\node_modules\next\dist\build\polyfills\fetch\whatwg-fetch.d.ts'
npm warn tar TAR_ENTRY_ERROR ENOENT: no such file or directory, open 'C:\Users\xussn\Desktop\kurs\lms-project\node_modules\next\dist\client\with-router.d.ts'
npm warn tar TAR_ENTRY_ERROR ENOENT: no such file or directory, open 'C:\Users\xussn\Desktop\kurs\lms-project\node_modules\next\dist\server\async-storage\with-store.d.ts'
npm warn tar TAR_ENTRY_ERROR ENOENT: no such file or directory, open 'C:\Users\xussn\Desktop\kurs\lms-project\node_modules\next\dist\server\app-render\work-async-storage-instance.d.ts'
npm warn tar TAR_ENTRY_ERROR ENOENT: no such file or directory, open 'C:\Users\xussn\Desktop\kurs\lms-project\node_modules\next\dist\server\app-render\work-async-storage.external.d.ts'
npm warn tar TAR_ENTRY_ERROR ENOENT: no such file or directory, open 'C:\Users\xussn\Desktop\kurs\lms-project\node_modules\next\dist\server\async-storage\work-store.d.ts'
npm warn tar TAR_ENTRY_ERROR ENOENT: no such file or directory, open 'C:\Users\xussn\Desktop\kurs\lms-project\node_modules\next\dist\server\app-render\work-unit-async-storage-instance.d.ts'
npm warn tar TAR_ENTRY_ERROR ENOENT: no such file or directory, open 'C:\Users\xussn\Desktop\kurs\lms-project\node_modules\next\dist\server\app-render\work-unit-async-storage.external.d.ts'
npm warn tar TAR_ENTRY_ERROR ENOENT: no such file or directory, open 'C:\Users\xussn\Desktop\kurs\lms-project\node_modules\next\dist\server\lib\worker-utils.d.ts'
npm warn tar TAR_ENTRY_ERROR ENOENT: no such file or directory, open 'C:\Users\xussn\Desktop\kurs\lms-project\node_modules\next\dist\build\worker.d.ts'
npm warn tar TAR_ENTRY_ERROR ENOENT: no such file or directory, open 'C:\Users\xussn\Desktop\kurs\lms-project\node_modules\next\dist\export\worker.d.ts'
npm warn tar TAR_ENTRY_ERROR ENOENT: no such file or directory, open 'C:\Users\xussn\Desktop\kurs\lms-project\node_modules\next\dist\server\normalizers\wrap-normalizer-fn.d.ts'
npm warn tar TAR_ENTRY_ERROR ENOENT: no such file or directory, open 'C:\Users\xussn\Desktop\kurs\lms-project\node_modules\next\dist\lib\fs\write-atomic.d.ts'
npm warn tar TAR_ENTRY_ERROR ENOENT: no such file or directory, open 'C:\Users\xussn\Desktop\kurs\lms-project\node_modules\next\dist\build\write-build-id.d.ts'
npm warn tar TAR_ENTRY_ERROR ENOENT: no such file or directory, open 'C:\Users\xussn\Desktop\kurs\lms-project\node_modules\next\dist\lib\typescript\writeAppTypeDeclarations.d.ts'
npm warn tar TAR_ENTRY_ERROR ENOENT: no such file or directory, open 'C:\Users\xussn\Desktop\kurs\lms-project\node_modules\next\dist\lib\typescript\writeConfigurationDefaults.d.ts'
npm warn tar TAR_ENTRY_ERROR ENOENT: no such file or directory, open 'C:\Users\xussn\Desktop\kurs\lms-project\node_modules\next\dist\shared\lib\zod.d.ts'
npm warn tar TAR_ENTRY_ERROR ENOENT: no such file or directory, open 'C:\Users\xussn\Desktop\kurs\lms-project\node_modules\next\dist\compiled\@vercel\og\Geist-Regular.ttf'
npm warn tar TAR_ENTRY_ERROR ENOENT: no such file or directory, open 'C:\Users\xussn\Desktop\kurs\lms-project\node_modules\next\dist\bundle-analyzer\__next.__PAGE__.txt'
npm warn tar TAR_ENTRY_ERROR ENOENT: no such file or directory, open 'C:\Users\xussn\Desktop\kurs\lms-project\node_modules\next\dist\bundle-analyzer\__next._full.txt'
npm warn tar TAR_ENTRY_ERROR ENOENT: no such file or directory, lstat 'C:\Users\xussn\Desktop\kurs\lms-project\node_modules\next\dist\bundle-analyzer\_not-found'
npm warn tar TAR_ENTRY_ERROR ENOENT: no such file or directory, open 'C:\Users\xussn\Desktop\kurs\lms-project\node_modules\next\dist\bundle-analyzer\__next._head.txt'
npm warn tar TAR_ENTRY_ERROR ENOENT: no such file or directory, lstat 'C:\Users\xussn\Desktop\kurs\lms-project\node_modules\next\dist\bundle-analyzer\_not-found'
npm warn tar TAR_ENTRY_ERROR ENOENT: no such file or directory, open 'C:\Users\xussn\Desktop\kurs\lms-project\node_modules\next\dist\bundle-analyzer\__next._index.txt'
npm warn tar TAR_ENTRY_ERROR ENOENT: no such file or directory, lstat 'C:\Users\xussn\Desktop\kurs\lms-project\node_modules\next\dist\bundle-analyzer\_not-found'
npm warn tar TAR_ENTRY_ERROR ENOENT: no such file or directory, lstat 'C:\Users\xussn\Desktop\kurs\lms-project\node_modules\next\dist\bundle-analyzer\_not-found'
npm warn tar TAR_ENTRY_ERROR ENOENT: no such file or directory, lstat 'C:\Users\xussn\Desktop\kurs\lms-project\node_modules\next\dist\bundle-analyzer\_not-found'
npm warn tar TAR_ENTRY_ERROR ENOENT: no such file or directory, open 'C:\Users\xussn\Desktop\kurs\lms-project\node_modules\next\dist\bundle-analyzer\__next._tree.txt'
npm warn tar TAR_ENTRY_ERROR ENOENT: no such file or directory, lstat 'C:\Users\xussn\Desktop\kurs\lms-project\node_modules\next\dist\bundle-analyzer\_not-found'
npm warn tar TAR_ENTRY_ERROR ENOENT: no such file or directory, open 'C:\Users\xussn\Desktop\kurs\lms-project\node_modules\next\dist\bundle-analyzer\_not-found.txt'
npm warn tar TAR_ENTRY_ERROR ENOENT: no such file or directory, open 'C:\Users\xussn\Desktop\kurs\lms-project\node_modules\next\dist\compiled\@edge-runtime\primitives\abort-controller.js.LEGAL.txt'
npm warn tar TAR_ENTRY_ERROR ENOENT: no such file or directory, open 'C:\Users\xussn\Desktop\kurs\lms-project\node_modules\next\dist\compiled\@edge-runtime\primitives\console.js.LEGAL.txt'
npm warn tar TAR_ENTRY_ERROR ENOENT: no such file or directory, open 'C:\Users\xussn\Desktop\kurs\lms-project\node_modules\next\dist\compiled\@edge-runtime\primitives\crypto.js.LEGAL.txt'
npm warn tar TAR_ENTRY_ERROR ENOENT: no such file or directory, open 'C:\Users\xussn\Desktop\kurs\lms-project\node_modules\next\dist\compiled\@edge-runtime\primitives\events.js.LEGAL.txt'
npm warn tar TAR_ENTRY_ERROR ENOENT: no such file or directory, open 'C:\Users\xussn\Desktop\kurs\lms-project\node_modules\next\dist\compiled\@edge-runtime\primitives\fetch.js.LEGAL.txt'
npm warn tar TAR_ENTRY_ERROR ENOENT: no such file or directory, open 'C:\Users\xussn\Desktop\kurs\lms-project\node_modules\next\dist\compiled\@edge-runtime\primitives\index.js.LEGAL.txt'
npm warn tar TAR_ENTRY_ERROR ENOENT: no such file or directory, open 'C:\Users\xussn\Desktop\kurs\lms-project\node_modules\next\dist\bundle-analyzer\index.txt'
npm warn tar TAR_ENTRY_ERROR ENOENT: no such file or directory, open 'C:\Users\xussn\Desktop\kurs\lms-project\node_modules\next\dist\compiled\@edge-runtime\primitives\load.js.LEGAL.txt'
npm warn tar TAR_ENTRY_ERROR ENOENT: no such file or directory, open 'C:\Users\xussn\Desktop\kurs\lms-project\node_modules\next\dist\compiled\@edge-runtime\primitives\stream.js.LEGAL.txt'
npm warn tar TAR_ENTRY_ERROR ENOENT: no such file or directory, open 'C:\Users\xussn\Desktop\kurs\lms-project\node_modules\next\dist\compiled\@edge-runtime\primitives\timers.js.LEGAL.txt'
npm warn tar TAR_ENTRY_ERROR ENOENT: no such file or directory, open 'C:\Users\xussn\Desktop\kurs\lms-project\node_modules\next\dist\compiled\@edge-runtime\primitives\url.js.LEGAL.txt'
npm warn tar TAR_ENTRY_ERROR ENOENT: no such file or directory, open 'C:\Users\xussn\Desktop\kurs\lms-project\node_modules\next\dist\compiled\source-map08\mappings.wasm'
npm warn tar TAR_ENTRY_ERROR ENOENT: no such file or directory, open 'C:\Users\xussn\Desktop\kurs\lms-project\node_modules\next\dist\compiled\@vercel\og\resvg.wasm'
npm warn tar TAR_ENTRY_ERROR ENOENT: no such file or directory, open 'C:\Users\xussn\Desktop\kurs\lms-project\node_modules\next\dist\compiled\@vercel\og\yoga.wasm'
npm warn tar TAR_ENTRY_ERROR ENOENT: no such file or directory, open 'C:\Users\xussn\Desktop\kurs\lms-project\node_modules\next\dist\esm\next-devtools\server\font\geist-latin-ext.woff2'
npm warn tar TAR_ENTRY_ERROR ENOENT: no such file or directory, open 'C:\Users\xussn\Desktop\kurs\lms-project\node_modules\next\dist\next-devtools\server\font\geist-latin-ext.woff2'
npm warn tar TAR_ENTRY_ERROR ENOENT: no such file or directory, open 'C:\Users\xussn\Desktop\kurs\lms-project\node_modules\next\dist\esm\next-devtools\server\font\geist-latin.woff2'
npm warn tar TAR_ENTRY_ERROR ENOENT: no such file or directory, open 'C:\Users\xussn\Desktop\kurs\lms-project\node_modules\next\dist\next-devtools\server\font\geist-latin.woff2'
npm warn tar TAR_ENTRY_ERROR ENOENT: no such file or directory, open 'C:\Users\xussn\Desktop\kurs\lms-project\node_modules\next\dist\esm\next-devtools\server\font\geist-mono-latin-ext.woff2'
npm warn tar TAR_ENTRY_ERROR ENOENT: no such file or directory, open 'C:\Users\xussn\Desktop\kurs\lms-project\node_modules\next\dist\next-devtools\server\font\geist-mono-latin-ext.woff2'
npm warn tar TAR_ENTRY_ERROR ENOENT: no such file or directory, open 'C:\Users\xussn\Desktop\kurs\lms-project\node_modules\next\dist\esm\next-devtools\server\font\geist-mono-latin.woff2'
npm warn tar TAR_ENTRY_ERROR ENOENT: no such file or directory, open 'C:\Users\xussn\Desktop\kurs\lms-project\node_modules\next\dist\next-devtools\server\font\geist-mono-latin.woff2'
npm error code ENOENT
npm error syscall spawn C:\WINDOWS\system32\cmd.exe
npm error path C:\Users\xussn\Desktop\kurs\lms-project\node_modules\prisma
npm error errno -4058
npm error enoent spawn C:\WINDOWS\system32\cmd.exe ENOENT
npm error enoent This is related to npm not being able to find a file.
npm error enoent
npm error A complete log of this run can be found in: C:\Users\xussn\AppData\Local\npm-cache\_logs\2026-07-21T19_20_11_518Z-debug-0.log
